  0
SECTION
  2
HEADER
  9
$ACADVER
  1
AC1032
  9
$ACADMAINTVER
 90
4
  9
$DWGCODEPAGE
  3
ANSI_1252
  9
$LASTSAVEDBY
  1
ezdxf
  9
$REQUIREDVERSIONS
160
0
  9
$INSBASE
 10
0.0
 20
0.0
 30
0.0
  9
$EXTMIN
 10
1e+20
 20
1e+20
 30
1e+20
  9
$EXTMAX
 10
-1e+20
 20
-1e+20
 30
-1e+20
  9
$LIMMIN
 10
0.0
 20
0.0
  9
$LIMMAX
 10
420.0
 20
297.0
  9
$ORTHOMODE
 70
0
  9
$REGENMODE
 70
1
  9
$FILLMODE
 70
1
  9
$QTEXTMODE
 70
0
  9
$MIRRTEXT
 70
1
  9
$LTSCALE
 40
1.0
  9
$ATTMODE
 70
1
  9
$TEXTSIZE
 40
2.5
  9
$TRACEWID
 40
1.0
  9
$TEXTSTYLE
  7
Standard
  9
$CLAYER
  8
0
  9
$CELTYPE
  6
ByLayer
  9
$CECOLOR
 62
256
  9
$CELTSCALE
 40
1.0
  9
$DISPSILH
 70
0
  9
$DIMSCALE
 40
1.0
  9
$DIMASZ
 40
2.5
  9
$DIMEXO
 40
0.625
  9
$DIMDLI
 40
3.75
  9
$DIMRND
 40
0.0
  9
$DIMDLE
 40
0.0
  9
$DIMEXE
 40
1.25
  9
$DIMTP
 40
0.0
  9
$DIMTM
 40
0.0
  9
$DIMTXT
 40
2.5
  9
$DIMCEN
 40
2.5
  9
$DIMTSZ
 40
0.0
  9
$DIMTOL
 70
0
  9
$DIMLIM
 70
0
  9
$DIMTIH
 70
0
  9
$DIMTOH
 70
0
  9
$DIMSE1
 70
0
  9
$DIMSE2
 70
0
  9
$DIMTAD
 70
1
  9
$DIMZIN
 70
8
  9
$DIMBLK
  1

  9
$DIMASO
 70
1
  9
$DIMSHO
 70
1
  9
$DIMPOST
  1

  9
$DIMAPOST
  1

  9
$DIMALT
 70
0
  9
$DIMALTD
 70
3
  9
$DIMALTF
 40
0.03937007874
  9
$DIMLFAC
 40
1.0
  9
$DIMTOFL
 70
1
  9
$DIMTVP
 40
0.0
  9
$DIMTIX
 70
0
  9
$DIMSOXD
 70
0
  9
$DIMSAH
 70
0
  9
$DIMBLK1
  1

  9
$DIMBLK2
  1

  9
$DIMSTYLE
  2
ISO-25
  9
$DIMCLRD
 70
0
  9
$DIMCLRE
 70
0
  9
$DIMCLRT
 70
0
  9
$DIMTFAC
 40
1.0
  9
$DIMGAP
 40
0.625
  9
$DIMJUST
 70
0
  9
$DIMSD1
 70
0
  9
$DIMSD2
 70
0
  9
$DIMTOLJ
 70
0
  9
$DIMTZIN
 70
8
  9
$DIMALTZ
 70
0
  9
$DIMALTTZ
 70
0
  9
$DIMUPT
 70
0
  9
$DIMDEC
 70
2
  9
$DIMTDEC
 70
2
  9
$DIMALTU
 70
2
  9
$DIMALTTD
 70
3
  9
$DIMTXSTY
  7
Standard
  9
$DIMAUNIT
 70
0
  9
$DIMADEC
 70
0
  9
$DIMALTRND
 40
0.0
  9
$DIMAZIN
 70
0
  9
$DIMDSEP
 70
44
  9
$DIMATFIT
 70
3
  9
$DIMFRAC
 70
0
  9
$DIMLDRBLK
  1

  9
$DIMLUNIT
 70
2
  9
$DIMLWD
 70
-2
  9
$DIMLWE
 70
-2
  9
$DIMTMOVE
 70
0
  9
$DIMFXL
 40
1.0
  9
$DIMFXLON
 70
0
  9
$DIMJOGANG
 40
0.785398163397
  9
$DIMTFILL
 70
0
  9
$DIMTFILLCLR
 70
0
  9
$DIMARCSYM
 70
0
  9
$DIMLTYPE
  6

  9
$DIMLTEX1
  6

  9
$DIMLTEX2
  6

  9
$DIMTXTDIRECTION
 70
0
  9
$LUNITS
 70
2
  9
$LUPREC
 70
4
  9
$SKETCHINC
 40
1.0
  9
$FILLETRAD
 40
10.0
  9
$AUNITS
 70
0
  9
$AUPREC
 70
2
  9
$MENU
  1
.
  9
$ELEVATION
 40
0.0
  9
$PELEVATION
 40
0.0
  9
$THICKNESS
 40
0.0
  9
$LIMCHECK
 70
0
  9
$CHAMFERA
 40
0.0
  9
$CHAMFERB
 40
0.0
  9
$CHAMFERC
 40
0.0
  9
$CHAMFERD
 40
0.0
  9
$SKPOLY
 70
0
  9
$TDCREATE
 40
2461301.4406597223
  9
$TDUCREATE
 40
2458532.153996898
  9
$TDUPDATE
 40
2461301.4406597223
  9
$TDUUPDATE
 40
2458532.1544311
  9
$TDINDWG
 40
0.0
  9
$TDUSRTIMER
 40
0.0
  9
$USRTIMER
 70
1
  9
$ANGBASE
 50
0.0
  9
$ANGDIR
 70
0
  9
$PDMODE
 70
0
  9
$PDSIZE
 40
0.0
  9
$PLINEWID
 40
0.0
  9
$SPLFRAME
 70
0
  9
$SPLINETYPE
 70
6
  9
$SPLINESEGS
 70
8
  9
$HANDSEED
  5
127
  9
$SURFTAB1
 70
6
  9
$SURFTAB2
 70
6
  9
$SURFTYPE
 70
6
  9
$SURFU
 70
6
  9
$SURFV
 70
6
  9
$UCSBASE
  2

  9
$UCSNAME
  2

  9
$UCSORG
 10
0.0
 20
0.0
 30
0.0
  9
$UCSXDIR
 10
1.0
 20
0.0
 30
0.0
  9
$UCSYDIR
 10
0.0
 20
1.0
 30
0.0
  9
$UCSORTHOREF
  2

  9
$UCSORTHOVIEW
 70
0
  9
$UCSORGTOP
 10
0.0
 20
0.0
 30
0.0
  9
$UCSORGBOTTOM
 10
0.0
 20
0.0
 30
0.0
  9
$UCSORGLEFT
 10
0.0
 20
0.0
 30
0.0
  9
$UCSORGRIGHT
 10
0.0
 20
0.0
 30
0.0
  9
$UCSORGFRONT
 10
0.0
 20
0.0
 30
0.0
  9
$UCSORGBACK
 10
0.0
 20
0.0
 30
0.0
  9
$PUCSBASE
  2

  9
$PUCSNAME
  2

  9
$PUCSORG
 10
0.0
 20
0.0
 30
0.0
  9
$PUCSXDIR
 10
1.0
 20
0.0
 30
0.0
  9
$PUCSYDIR
 10
0.0
 20
1.0
 30
0.0
  9
$PUCSORTHOREF
  2

  9
$PUCSORTHOVIEW
 70
0
  9
$PUCSORGTOP
 10
0.0
 20
0.0
 30
0.0
  9
$PUCSORGBOTTOM
 10
0.0
 20
0.0
 30
0.0
  9
$PUCSORGLEFT
 10
0.0
 20
0.0
 30
0.0
  9
$PUCSORGRIGHT
 10
0.0
 20
0.0
 30
0.0
  9
$PUCSORGFRONT
 10
0.0
 20
0.0
 30
0.0
  9
$PUCSORGBACK
 10
0.0
 20
0.0
 30
0.0
  9
$USERI1
 70
0
  9
$USERI2
 70
0
  9
$USERI3
 70
0
  9
$USERI4
 70
0
  9
$USERI5
 70
0
  9
$USERR1
 40
0.0
  9
$USERR2
 40
0.0
  9
$USERR3
 40
0.0
  9
$USERR4
 40
0.0
  9
$USERR5
 40
0.0
  9
$WORLDVIEW
 70
1
  9
$SHADEDGE
 70
3
  9
$SHADEDIF
 70
70
  9
$TILEMODE
 70
1
  9
$MAXACTVP
 70
64
  9
$PINSBASE
 10
0.0
 20
0.0
 30
0.0
  9
$PLIMCHECK
 70
0
  9
$PEXTMIN
 10
1e+20
 20
1e+20
 30
1e+20
  9
$PEXTMAX
 10
-1e+20
 20
-1e+20
 30
-1e+20
  9
$PLIMMIN
 10
0.0
 20
0.0
  9
$PLIMMAX
 10
420.0
 20
297.0
  9
$UNITMODE
 70
0
  9
$VISRETAIN
 70
1
  9
$PLINEGEN
 70
0
  9
$PSLTSCALE
 70
1
  9
$TREEDEPTH
 70
3020
  9
$CMLSTYLE
  2
Standard
  9
$CMLJUST
 70
0
  9
$CMLSCALE
 40
20.0
  9
$PROXYGRAPHICS
 70
1
  9
$MEASUREMENT
 70
1
  9
$CELWEIGHT
370
-1
  9
$ENDCAPS
280
0
  9
$JOINSTYLE
280
0
  9
$LWDISPLAY
290
0
  9
$INSUNITS
 70
4
  9
$HYPERLINKBASE
  1

  9
$STYLESHEET
  1

  9
$XEDIT
290
1
  9
$CEPSNTYPE
380
0
  9
$PSTYLEMODE
290
1
  9
$FINGERPRINTGUID
  2
{50A3384C-8943-4802-AF28-74CD408B40DA}
  9
$VERSIONGUID
  2
{97D3A6EE-F847-43B6-B886-0754F28C4589}
  9
$EXTNAMES
290
1
  9
$PSVPSCALE
 40
0.0
  9
$OLESTARTUP
290
0
  9
$SORTENTS
280
127
  9
$INDEXCTL
280
0
  9
$HIDETEXT
280
1
  9
$XCLIPFRAME
280
1
  9
$HALOGAP
280
0
  9
$OBSCOLOR
 70
257
  9
$OBSLTYPE
280
0
  9
$INTERSECTIONDISPLAY
280
0
  9
$INTERSECTIONCOLOR
 70
257
  9
$DIMASSOC
280
2
  9
$PROJECTNAME
  1

  9
$CAMERADISPLAY
290
0
  9
$LENSLENGTH
 40
50.0
  9
$CAMERAHEIGHT
 40
0.0
  9
$STEPSPERSEC
 40
24.0
  9
$STEPSIZE
 40
100.0
  9
$3DDWFPREC
 40
2.0
  9
$PSOLWIDTH
 40
0.005
  9
$PSOLHEIGHT
 40
0.08
  9
$LOFTANG1
 40
1.570796326795
  9
$LOFTANG2
 40
1.570796326795
  9
$LOFTMAG1
 40
0.0
  9
$LOFTMAG2
 40
0.0
  9
$LOFTPARAM
 70
7
  9
$LOFTNORMALS
280
1
  9
$LATITUDE
 40
37.795
  9
$LONGITUDE
 40
-122.394
  9
$NORTHDIRECTION
 40
0.0
  9
$TIMEZONE
 70
-8000
  9
$LIGHTGLYPHDISPLAY
280
1
  9
$TILEMODELIGHTSYNCH
280
1
  9
$CMATERIAL
347
20
  9
$SOLIDHIST
280
0
  9
$SHOWHIST
280
1
  9
$DWFFRAME
280
2
  9
$DGNFRAME
280
2
  9
$REALWORLDSCALE
290
1
  9
$INTERFERECOLOR
 62
256
  9
$CSHADOW
280
0
  9
$SHADOWPLANELOCATION
 40
0.0
  0
ENDSEC
  0
SECTION
  2
CLASSES
  0
CLASS
  1
ACDBDICTIONARYWDFLT
  2
AcDbDictionaryWithDefault
  3
ObjectDBX Classes
 90
0
 91
0
280
0
281
0
  0
CLASS
  1
SUN
  2
AcDbSun
  3
SCENEOE
 90
1153
 91
0
280
0
281
0
  0
CLASS
  1
VISUALSTYLE
  2
AcDbVisualStyle
  3
ObjectDBX Classes
 90
4095
 91
0
280
0
281
0
  0
CLASS
  1
MATERIAL
  2
AcDbMaterial
  3
ObjectDBX Classes
 90
1153
 91
0
280
0
281
0
  0
CLASS
  1
SCALE
  2
AcDbScale
  3
ObjectDBX Classes
 90
1153
 91
0
280
0
281
0
  0
CLASS
  1
TABLESTYLE
  2
AcDbTableStyle
  3
ObjectDBX Classes
 90
4095
 91
0
280
0
281
0
  0
CLASS
  1
MLEADERSTYLE
  2
AcDbMLeaderStyle
  3
ACDB_MLEADERSTYLE_CLASS
 90
4095
 91
0
280
0
281
0
  0
CLASS
  1
DICTIONARYVAR
  2
AcDbDictionaryVar
  3
ObjectDBX Classes
 90
0
 91
0
280
0
281
0
  0
CLASS
  1
CELLSTYLEMAP
  2
AcDbCellStyleMap
  3
ObjectDBX Classes
 90
1152
 91
0
280
0
281
0
  0
CLASS
  1
MENTALRAYRENDERSETTINGS
  2
AcDbMentalRayRenderSettings
  3
SCENEOE
 90
1024
 91
0
280
0
281
0
  0
CLASS
  1
ACDBDETAILVIEWSTYLE
  2
AcDbDetailViewStyle
  3
ObjectDBX Classes
 90
1025
 91
0
280
0
281
0
  0
CLASS
  1
ACDBSECTIONVIEWSTYLE
  2
AcDbSectionViewStyle
  3
ObjectDBX Classes
 90
1025
 91
0
280
0
281
0
  0
CLASS
  1
RASTERVARIABLES
  2
AcDbRasterVariables
  3
ISM
 90
0
 91
0
280
0
281
0
  0
CLASS
  1
ACDBPLACEHOLDER
  2
AcDbPlaceHolder
  3
ObjectDBX Classes
 90
0
 91
0
280
0
281
0
  0
CLASS
  1
LAYOUT
  2
AcDbLayout
  3
ObjectDBX Classes
 90
0
 91
0
280
0
281
0
  0
ENDSEC
  0
SECTION
  2
TABLES
  0
TABLE
  2
VPORT
  5
8
330
0
100
AcDbSymbolTable
 70
1
  0
VPORT
  5
23
330
8
100
AcDbSymbolTableRecord
100
AcDbViewportTableRecord
  2
*Active
 70
0
 10
0.0
 20
0.0
 11
1.0
 21
1.0
 12
0.0
 22
0.0
 13
0.0
 23
0.0
 14
0.5
 24
0.5
 15
0.5
 25
0.5
 16
0.0
 26
0.0
 36
1.0
 17
0.0
 27
0.0
 37
0.0
 40
1000.0
 41
1.34
 42
50.0
 43
0.0
 44
0.0
 50
0.0
 51
0.0
 71
0
 72
1000
 73
1
 74
3
 75
0
 76
0
 77
0
 78
0
281
0
 65
0
146
0.0
  0
ENDTAB
  0
TABLE
  2
LTYPE
  5
2
330
0
100
AcDbSymbolTable
 70
3
  0
LTYPE
  5
24
330
2
100
AcDbSymbolTableRecord
100
AcDbLinetypeTableRecord
  2
ByBlock
 70
0
  3

 72
65
 73
0
 40
0.0
  0
LTYPE
  5
25
330
2
100
AcDbSymbolTableRecord
100
AcDbLinetypeTableRecord
  2
ByLayer
 70
0
  3

 72
65
 73
0
 40
0.0
  0
LTYPE
  5
26
330
2
100
AcDbSymbolTableRecord
100
AcDbLinetypeTableRecord
  2
Continuous
 70
0
  3

 72
65
 73
0
 40
0.0
  0
ENDTAB
  0
TABLE
  2
LAYER
  5
1
330
0
100
AcDbSymbolTable
 70
7
  0
LAYER
  5
27
330
1
100
AcDbSymbolTableRecord
100
AcDbLayerTableRecord
  2
0
 70
0
 62
7
  6
Continuous
370
-3
390
13
347
21
  0
LAYER
  5
28
330
1
100
AcDbSymbolTableRecord
100
AcDbLayerTableRecord
  2
Defpoints
 70
0
 62
7
  6
Continuous
290
0
370
-3
390
13
347
21
  0
LAYER
  5
2F
330
1
100
AcDbSymbolTableRecord
100
AcDbLayerTableRecord
  2
CNC_BOUNDARY
 70
0
 62
1
  6
Continuous
370
-3
390
13
347
21
  0
LAYER
  5
30
330
1
100
AcDbSymbolTableRecord
100
AcDbLayerTableRecord
  2
CUT
 70
0
 62
7
  6
Continuous
370
-3
390
13
347
21
  0
LAYER
  5
31
330
1
100
AcDbSymbolTableRecord
100
AcDbLayerTableRecord
  2
ETCH
 70
0
 62
2
  6
Continuous
370
-3
390
13
347
21
  0
LAYER
  5
32
330
1
100
AcDbSymbolTableRecord
100
AcDbLayerTableRecord
  2
OFFCUT
 70
0
 62
4
  6
Continuous
370
-3
390
13
347
21
  0
LAYER
  5
33
330
1
100
AcDbSymbolTableRecord
100
AcDbLayerTableRecord
  2
INFO
 70
0
 62
8
  6
Continuous
370
-3
390
13
347
21
  0
ENDTAB
  0
TABLE
  2
STYLE
  5
5
330
0
100
AcDbSymbolTable
 70
1
  0
STYLE
  5
29
330
5
100
AcDbSymbolTableRecord
100
AcDbTextStyleTableRecord
  2
Standard
 70
0
 40
0.0
 41
1.0
 50
0.0
 71
0
 42
2.5
  3
txt
  4

  0
ENDTAB
  0
TABLE
  2
VIEW
  5
7
330
0
100
AcDbSymbolTable
 70
0
  0
ENDTAB
  0
TABLE
  2
UCS
  5
6
330
0
100
AcDbSymbolTable
 70
0
  0
ENDTAB
  0
TABLE
  2
APPID
  5
3
330
0
100
AcDbSymbolTable
 70
3
  0
APPID
  5
2A
330
3
100
AcDbSymbolTableRecord
100
AcDbRegAppTableRecord
  2
ACAD
 70
0
  0
APPID
  5
124
330
3
100
AcDbSymbolTableRecord
100
AcDbRegAppTableRecord
  2
HATCHBACKGROUNDCOLOR
 70
0
  0
APPID
  5
125
330
3
100
AcDbSymbolTableRecord
100
AcDbRegAppTableRecord
  2
EZDXF
 70
0
  0
ENDTAB
  0
TABLE
  2
DIMSTYLE
  5
4
330
0
100
AcDbSymbolTable
 70
1
100
AcDbDimStyleTable
  0
DIMSTYLE
105
2B
330
4
100
AcDbSymbolTableRecord
100
AcDbDimStyleTableRecord
  2
Standard
 70
0
 40
1.0
 41
2.5
 42
0.625
 43
3.75
 44
1.25
 45
0.0
 46
0.0
 47
0.0
 48
0.0
 49
2.5
140
2.5
141
2.5
142
0.0
143
0.03937007874
144
1.0
145
0.0
146
1.0
147
0.625
148
0.0
 69
0
 70
0
 71
0
 72
0
 73
0
 74
0
 75
0
 76
0
 77
1
 78
8
 79
3
170
0
171
3
172
1
173
0
174
0
175
0
176
0
177
0
178
0
179
2
271
2
272
2
273
2
274
3
275
0
276
0
277
2
278
44
279
0
280
0
281
0
282
0
283
0
284
8
285
0
286
0
288
0
289
3
290
0
371
-2
372
-2
  0
ENDTAB
  0
TABLE
  2
BLOCK_RECORD
  5
9
330
0
100
AcDbSymbolTable
 70
2
  0
BLOCK_RECORD
  5
17
330
9
100
AcDbSymbolTableRecord
100
AcDbBlockTableRecord
  2
*Model_Space
340
1A
 70
0
280
1
281
0
  0
BLOCK_RECORD
  5
1B
330
9
100
AcDbSymbolTableRecord
100
AcDbBlockTableRecord
  2
*Paper_Space
340
1E
 70
0
280
1
281
0
  0
ENDTAB
  0
ENDSEC
  0
SECTION
  2
BLOCKS
  0
BLOCK
  5
18
330
17
100
AcDbEntity
  8
0
100
AcDbBlockBegin
  2
*Model_Space
 70
0
 10
0.0
 20
0.0
 30
0.0
  3
*Model_Space
  1

  0
ENDBLK
  5
19
330
17
100
AcDbEntity
  8
0
100
AcDbBlockEnd
  0
BLOCK
  5
1C
330
1B
100
AcDbEntity
  8
0
100
AcDbBlockBegin
  2
*Paper_Space
 70
0
 10
0.0
 20
0.0
 30
0.0
  3
*Paper_Space
  1

  0
ENDBLK
  5
1D
330
1B
100
AcDbEntity
  8
0
100
AcDbBlockEnd
  0
ENDSEC
  0
SECTION
  2
ENTITIES
  0
LWPOLYLINE
  5
34
330
17
100
AcDbEntity
  8
CNC_BOUNDARY
100
AcDbPolyline
 90
4
 70
1
 10
0.0
 20
0.0
 10
1220.0
 20
0.0
 10
1220.0
 20
2440.0
 10
0.0
 20
2440.0
  0
LWPOLYLINE
  5
35
330
17
100
AcDbEntity
  8
CUT
100
AcDbPolyline
 90
7
 70
1
 10
10.0
 20
10.0
 10
310.0
 20
10.0
 10
310.0
 20
50.0
 10
50.0
 20
50.0
 10
50.0
 20
310.0
 10
10.0
 20
310.0
 10
10.0
 20
10.0
  0
TEXT
  5
36
330
17
100
AcDbEntity
  8
ETCH
100
AcDbText
 10
30.0
 20
180.0
 30
0.0
 40
24.0
  1
P001
 72
1
 11
30.0
 21
180.0
 31
0.0
100
AcDbText
 73
2
  0
LWPOLYLINE
  5
37
330
17
100
AcDbEntity
  8
CUT
100
AcDbPolyline
 90
7
 70
1
 10
624.0
 20
10.0
 10
324.0
 20
10.0
 10
324.0
 20
50.0
 10
584.0
 20
50.0
 10
584.0
 20
310.0
 10
624.0
 20
310.0
 10
624.0
 20
10.0
  0
TEXT
  5
38
330
17
100
AcDbEntity
  8
ETCH
100
AcDbText
 10
604.0
 20
180.0
 30
0.0
 40
24.0
  1
P001
 72
1
 11
604.0
 21
180.0
 31
0.0
100
AcDbText
 73
2
  0
LWPOLYLINE
  5
39
330
17
100
AcDbEntity
  8
CUT
100
AcDbPolyline
 90
7
 70
1
 10
310.0
 20
324.0
 10
10.0
 20
324.0
 10
10.0
 20
364.0
 10
270.0
 20
364.0
 10
270.0
 20
624.0
 10
310.0
 20
624.0
 10
310.0
 20
324.0
  0
TEXT
  5
3A
330
17
100
AcDbEntity
  8
ETCH
100
AcDbText
 10
290.0
 20
494.0
 30
0.0
 40
24.0
  1
P001
 72
1
 11
290.0
 21
494.0
 31
0.0
100
AcDbText
 73
2
  0
LWPOLYLINE
  5
3B
330
17
100
AcDbEntity
  8
CUT
100
AcDbPolyline
 90
7
 70
1
 10
324.0
 20
324.0
 10
624.0
 20
324.0
 10
624.0
 20
364.0
 10
364.0
 20
364.0
 10
364.0
 20
624.0
 10
324.0
 20
624.0
 10
324.0
 20
324.0
  0
TEXT
  5
3C
330
17
100
AcDbEntity
  8
ETCH
100
AcDbText
 10
344.0
 20
494.0
 30
0.0
 40
24.0
  1
P001
 72
1
 11
344.0
 21
494.0
 31
0.0
100
AcDbText
 73
2
  0
LWPOLYLINE
  5
3D
330
17
100
AcDbEntity
  8
CUT
100
AcDbPolyline
 90
7
 70
1
 10
10.0
 20
638.0
 10
310.0
 20
638.0
 10
310.0
 20
678.0
 10
50.0
 20
678.0
 10
50.0
 20
938.0
 10
10.0
 20
938.0
 10
10.0
 20
638.0
  0
TEXT
  5
3E
330
17
100
AcDbEntity
  8
ETCH
100
AcDbText
 10
30.0
 20
808.0
 30
0.0
 40
24.0
  1
P001
 72
1
 11
30.0
 21
808.0
 31
0.0
100
AcDbText
 73
2
  0
LWPOLYLINE
  5
3F
330
17
100
AcDbEntity
  8
CUT
100
AcDbPolyline
 90
7
 70
1
 10
624.0
 20
638.0
 10
324.0
 20
638.0
 10
324.0
 20
678.0
 10
584.0
 20
678.0
 10
584.0
 20
938.0
 10
624.0
 20
938.0
 10
624.0
 20
638.0
  0
TEXT
  5
40
330
17
100
AcDbEntity
  8
ETCH
100
AcDbText
 10
604.0
 20
808.0
 30
0.0
 40
24.0
  1
P001
 72
1
 11
604.0
 21
808.0
 31
0.0
100
AcDbText
 73
2
  0
LWPOLYLINE
  5
41
330
17
100
AcDbEntity
  8
CUT
100
AcDbPolyline
 90
7
 70
1
 10
310.0
 20
952.0
 10
10.0
 20
952.0
 10
10.0
 20
992.0
 10
270.0
 20
992.0
 10
270.0
 20
1252.0
 10
310.0
 20
1252.0
 10
310.0
 20
952.0
  0
TEXT
  5
42
330
17
100
AcDbEntity
  8
ETCH
100
AcDbText
 10
290.0
 20
1122.0
 30
0.0
 40
24.0
  1
P001
 72
1
 11
290.0
 21
1122.0
 31
0.0
100
AcDbText
 73
2
  0
LWPOLYLINE
  5
43
330
17
100
AcDbEntity
  8
CUT
100
AcDbPolyline
 90
7
 70
1
 10
324.0
 20
952.0
 10
624.0
 20
952.0
 10
624.0
 20
992.0
 10
364.0
 20
992.0
 10
364.0
 20
1252.0
 10
324.0
 20
1252.0
 10
324.0
 20
952.0
  0
TEXT
  5
44
330
17
100
AcDbEntity
  8
ETCH
100
AcDbText
 10
344.0
 20
1122.0
 30
0.0
 40
24.0
  1
P001
 72
1
 11
344.0
 21
1122.0
 31
0.0
100
AcDbText
 73
2
  0
LWPOLYLINE
  5
45
330
17
100
AcDbEntity
  8
CUT
100
AcDbPolyline
 90
7
 70
1
 10
10.0
 20
1266.0
 10
310.0
 20
1266.0
 10
310.0
 20
1306.0
 10
50.0
 20
1306.0
 10
50.0
 20
1566.0
 10
10.0
 20
1566.0
 10
10.0
 20
1266.0
  0
TEXT
  5
46
330
17
100
AcDbEntity
  8
ETCH
100
AcDbText
 10
30.0
 20
1436.0
 30
0.0
 40
24.0
  1
P001
 72
1
 11
30.0
 21
1436.0
 31
0.0
100
AcDbText
 73
2
  0
LWPOLYLINE
  5
47
330
17
100
AcDbEntity
  8
CUT
100
AcDbPolyline
 90
7
 70
1
 10
624.0
 20
1266.0
 10
324.0
 20
1266.0
 10
324.0
 20
1306.0
 10
584.0
 20
1306.0
 10
584.0
 20
1566.0
 10
624.0
 20
1566.0
 10
624.0
 20
1266.0
  0
TEXT
  5
48
330
17
100
AcDbEntity
  8
ETCH
100
AcDbText
 10
604.0
 20
1436.0
 30
0.0
 40
24.0
  1
P001
 72
1
 11
604.0
 21
1436.0
 31
0.0
100
AcDbText
 73
2
  0
LWPOLYLINE
  5
49
330
17
100
AcDbEntity
  8
CUT
100
AcDbPolyline
 90
7
 70
1
 10
310.0
 20
1580.0
 10
10.0
 20
1580.0
 10
10.0
 20
1620.0
 10
270.0
 20
1620.0
 10
270.0
 20
1880.0
 10
310.0
 20
1880.0
 10
310.0
 20
1580.0
  0
TEXT
  5
4A
330
17
100
AcDbEntity
  8
ETCH
100
AcDbText
 10
290.0
 20
1750.0
 30
0.0
 40
24.0
  1
P001
 72
1
 11
290.0
 21
1750.0
 31
0.0
100
AcDbText
 73
2
  0
LWPOLYLINE
  5
4B
330
17
100
AcDbEntity
  8
CUT
100
AcDbPolyline
 90
7
 70
1
 10
324.0
 20
1580.0
 10
624.0
 20
1580.0
 10
624.0
 20
1620.0
 10
364.0
 20
1620.0
 10
364.0
 20
1880.0
 10
324.0
 20
1880.0
 10
324.0
 20
1580.0
  0
TEXT
  5
4C
330
17
100
AcDbEntity
  8
ETCH
100
AcDbText
 10
344.0
 20
1750.0
 30
0.0
 40
24.0
  1
P001
 72
1
 11
344.0
 21
1750.0
 31
0.0
100
AcDbText
 73
2
  0
LWPOLYLINE
  5
4D
330
17
100
AcDbEntity
  8
CUT
100
AcDbPolyline
 90
7
 70
1
 10
10.0
 20
1894.0
 10
310.0
 20
1894.0
 10
310.0
 20
1934.0
 10
50.0
 20
1934.0
 10
50.0
 20
2194.0
 10
10.0
 20
2194.0
 10
10.0
 20
1894.0
  0
TEXT
  5
4E
330
17
100
AcDbEntity
  8
ETCH
100
AcDbText
 10
30.0
 20
2064.0
 30
0.0
 40
24.0
  1
P001
 72
1
 11
30.0
 21
2064.0
 31
0.0
100
AcDbText
 73
2
  0
LWPOLYLINE
  5
4F
330
17
100
AcDbEntity
  8
CUT
100
AcDbPolyline
 90
7
 70
1
 10
624.0
 20
1894.0
 10
324.0
 20
1894.0
 10
324.0
 20
1934.0
 10
584.0
 20
1934.0
 10
584.0
 20
2194.0
 10
624.0
 20
2194.0
 10
624.0
 20
1894.0
  0
TEXT
  5
50
330
17
100
AcDbEntity
  8
ETCH
100
AcDbText
 10
604.0
 20
2064.0
 30
0.0
 40
24.0
  1
P001
 72
1
 11
604.0
 21
2064.0
 31
0.0
100
AcDbText
 73
2
  0
LWPOLYLINE
  5
51
330
17
100
AcDbEntity
  8
OFFCUT
100
AcDbPolyline
 90
51
 70
1
 10
10.0
 20
2430.0
 10
1210.0
 20
2430.0
 10
1210.0
 20
10.0
 10
624.0
 20
10.0
 10
624.0
 20
310.0
 10
584.0
 20
310.0
 10
584.0
 20
50.0
 10
324.0
 20
50.0
 10
324.0
 20
10.0
 10
310.0
 20
10.0
 10
310.0
 20
50.0
 10
50.0
 20
50.0
 10
50.0
 20
310.0
 10
10.0
 20
310.0
 10
10.0
 20
324.0
 10
310.0
 20
324.0
 10
310.0
 20
624.0
 10
270.0
 20
624.0
 10
270.0
 20
364.0
 10
10.0
 20
364.0
 10
10.0
 20
638.0
 10
310.0
 20
638.0
 10
310.0
 20
678.0
 10
50.0
 20
678.0
 10
50.0
 20
938.0
 10
10.0
 20
938.0
 10
10.0
 20
952.0
 10
310.0
 20
952.0
 10
310.0
 20
1252.0
 10
270.0
 20
1252.0
 10
270.0
 20
992.0
 10
10.0
 20
992.0
 10
10.0
 20
1266.0
 10
310.0
 20
1266.0
 10
310.0
 20
1306.0
 10
50.0
 20
1306.0
 10
50.0
 20
1566.0
 10
10.0
 20
1566.0
 10
10.0
 20
1580.0
 10
310.0
 20
1580.0
 10
310.0
 20
1880.0
 10
270.0
 20
1880.0
 10
270.0
 20
1620.0
 10
10.0
 20
1620.0
 10
10.0
 20
1894.0
 10
310.0
 20
1894.0
 10
310.0
 20
1934.0
 10
50.0
 20
1934.0
 10
50.0
 20
2194.0
 10
10.0
 20
2194.0
 10
10.0
 20
2430.0
  0
LWPOLYLINE
  5
52
330
17
100
AcDbEntity
  8
OFFCUT
100
AcDbPolyline
 90
7
 70
1
 10
364.0
 20
364.0
 10
364.0
 20
624.0
 10
324.0
 20
624.0
 10
324.0
 20
324.0
 10
624.0
 20
324.0
 10
624.0
 20
364.0
 10
364.0
 20
364.0
  0
LWPOLYLINE
  5
53
330
17
100
AcDbEntity
  8
OFFCUT
100
AcDbPolyline
 90
7
 70
1
 10
584.0
 20
678.0
 10
324.0
 20
678.0
 10
324.0
 20
638.0
 10
624.0
 20
638.0
 10
624.0
 20
938.0
 10
584.0
 20
938.0
 10
584.0
 20
678.0
  0
LWPOLYLINE
  5
54
330
17
100
AcDbEntity
  8
OFFCUT
100
AcDbPolyline
 90
7
 70
1
 10
364.0
 20
992.0
 10
364.0
 20
1252.0
 10
324.0
 20
1252.0
 10
324.0
 20
952.0
 10
624.0
 20
952.0
 10
624.0
 20
992.0
 10
364.0
 20
992.0
  0
LWPOLYLINE
  5
55
330
17
100
AcDbEntity
  8
OFFCUT
100
AcDbPolyline
 90
7
 70
1
 10
584.0
 20
1306.0
 10
324.0
 20
1306.0
 10
324.0
 20
1266.0
 10
624.0
 20
1266.0
 10
624.0
 20
1566.0
 10
584.0
 20
1566.0
 10
584.0
 20
1306.0
  0
LWPOLYLINE
  5
56
330
17
100
AcDbEntity
  8
OFFCUT
100
AcDbPolyline
 90
7
 70
1
 10
364.0
 20
1620.0
 10
364.0
 20
1880.0
 10
324.0
 20
1880.0
 10
324.0
 20
1580.0
 10
624.0
 20
1580.0
 10
624.0
 20
1620.0
 10
364.0
 20
1620.0
  0
LWPOLYLINE
  5
57
330
17
100
AcDbEntity
  8
OFFCUT
100
AcDbPolyline
 90
7
 70
1
 10
584.0
 20
1934.0
 10
324.0
 20
1934.0
 10
324.0
 20
1894.0
 10
624.0
 20
1894.0
 10
624.0
 20
2194.0
 10
584.0
 20
2194.0
 10
584.0
 20
1934.0
  0
LWPOLYLINE
  5
58
330
17
100
AcDbEntity
  8
OFFCUT
100
AcDbPolyline
 90
7
 70
1
 10
364.0
 20
364.0
 10
364.0
 20
624.0
 10
324.0
 20
624.0
 10
324.0
 20
324.0
 10
624.0
 20
324.0
 10
624.0
 20
364.0
 10
364.0
 20
364.0
  0
LWPOLYLINE
  5
59
330
17
100
AcDbEntity
  8
OFFCUT
100
AcDbPolyline
 90
7
 70
1
 10
584.0
 20
678.0
 10
324.0
 20
678.0
 10
324.0
 20
638.0
 10
624.0
 20
638.0
 10
624.0
 20
938.0
 10
584.0
 20
938.0
 10
584.0
 20
678.0
  0
LWPOLYLINE
  5
5A
330
17
100
AcDbEntity
  8
OFFCUT
100
AcDbPolyline
 90
7
 70
1
 10
364.0
 20
992.0
 10
364.0
 20
1252.0
 10
324.0
 20
1252.0
 10
324.0
 20
952.0
 10
624.0
 20
952.0
 10
624.0
 20
992.0
 10
364.0
 20
992.0
  0
LWPOLYLINE
  5
5B
330
17
100
AcDbEntity
  8
OFFCUT
100
AcDbPolyline
 90
7
 70
1
 10
584.0
 20
1306.0
 10
324.0
 20
1306.0
 10
324.0
 20
1266.0
 10
624.0
 20
1266.0
 10
624.0
 20
1566.0
 10
584.0
 20
1566.0
 10
584.0
 20
1306.0
  0
LWPOLYLINE
  5
5C
330
17
100
AcDbEntity
  8
OFFCUT
100
AcDbPolyline
 90
7
 70
1
 10
364.0
 20
1620.0
 10
364.0
 20
1880.0
 10
324.0
 20
1880.0
 10
324.0
 20
1580.0
 10
624.0
 20
1580.0
 10
624.0
 20
1620.0
 10
364.0
 20
1620.0
  0
LWPOLYLINE
  5
5D
330
17
100
AcDbEntity
  8
OFFCUT
100
AcDbPolyline
 90
7
 70
1
 10
584.0
 20
1934.0
 10
324.0
 20
1934.0
 10
324.0
 20
1894.0
 10
624.0
 20
1894.0
 10
624.0
 20
2194.0
 10
584.0
 20
2194.0
 10
584.0
 20
1934.0
  0
TEXT
  5
5E
330
17
100
AcDbEntity
  8
INFO
100
AcDbText
 10
0.0
 20
2480.0
 30
0.0
 40
25.0
  1
SYMMETRY-FIRST - SHEET 1 (x2 copies - machine once, repeat) - repeating_batch.dxf
 11
0.0
 21
2480.0
 31
0.0
100
AcDbText
  0
LWPOLYLINE
  5
5F
330
17
100
AcDbEntity
  8
CNC_BOUNDARY
100
AcDbPolyline
 90
4
 70
1
 10
1320.0
 20
0.0
 10
2540.0
 20
0.0
 10
2540.0
 20
2440.0
 10
1320.0
 20
2440.0
  0
LWPOLYLINE
  5
60
330
17
100
AcDbEntity
  8
CUT
100
AcDbPolyline
 90
7
 70
1
 10
1330.0
 20
10.0
 10
1630.0
 20
10.0
 10
1630.0
 20
50.0
 10
1370.0
 20
50.0
 10
1370.0
 20
310.0
 10
1330.0
 20
310.0
 10
1330.0
 20
10.0
  0
TEXT
  5
61
330
17
100
AcDbEntity
  8
ETCH
100
AcDbText
 10
1350.0
 20
180.0
 30
0.0
 40
24.0
  1
P001
 72
1
 11
1350.0
 21
180.0
 31
0.0
100
AcDbText
 73
2
  0
LWPOLYLINE
  5
62
330
17
100
AcDbEntity
  8
CUT
100
AcDbPolyline
 90
7
 70
1
 10
1944.0
 20
10.0
 10
1644.0
 20
10.0
 10
1644.0
 20
50.0
 10
1904.0
 20
50.0
 10
1904.0
 20
310.0
 10
1944.0
 20
310.0
 10
1944.0
 20
10.0
  0
TEXT
  5
63
330
17
100
AcDbEntity
  8
ETCH
100
AcDbText
 10
1924.0
 20
180.0
 30
0.0
 40
24.0
  1
P001
 72
1
 11
1924.0
 21
180.0
 31
0.0
100
AcDbText
 73
2
  0
LWPOLYLINE
  5
64
330
17
100
AcDbEntity
  8
CUT
100
AcDbPolyline
 90
7
 70
1
 10
1630.0
 20
324.0
 10
1330.0
 20
324.0
 10
1330.0
 20
364.0
 10
1590.0
 20
364.0
 10
1590.0
 20
624.0
 10
1630.0
 20
624.0
 10
1630.0
 20
324.0
  0
TEXT
  5
65
330
17
100
AcDbEntity
  8
ETCH
100
AcDbText
 10
1610.0
 20
494.0
 30
0.0
 40
24.0
  1
P001
 72
1
 11
1610.0
 21
494.0
 31
0.0
100
AcDbText
 73
2
  0
LWPOLYLINE
  5
66
330
17
100
AcDbEntity
  8
CUT
100
AcDbPolyline
 90
7
 70
1
 10
1644.0
 20
324.0
 10
1944.0
 20
324.0
 10
1944.0
 20
364.0
 10
1684.0
 20
364.0
 10
1684.0
 20
624.0
 10
1644.0
 20
624.0
 10
1644.0
 20
324.0
  0
TEXT
  5
67
330
17
100
AcDbEntity
  8
ETCH
100
AcDbText
 10
1664.0
 20
494.0
 30
0.0
 40
24.0
  1
P001
 72
1
 11
1664.0
 21
494.0
 31
0.0
100
AcDbText
 73
2
  0
LWPOLYLINE
  5
68
330
17
100
AcDbEntity
  8
CUT
100
AcDbPolyline
 90
7
 70
1
 10
1330.0
 20
638.0
 10
1630.0
 20
638.0
 10
1630.0
 20
678.0
 10
1370.0
 20
678.0
 10
1370.0
 20
938.0
 10
1330.0
 20
938.0
 10
1330.0
 20
638.0
  0
TEXT
  5
69
330
17
100
AcDbEntity
  8
ETCH
100
AcDbText
 10
1350.0
 20
808.0
 30
0.0
 40
24.0
  1
P001
 72
1
 11
1350.0
 21
808.0
 31
0.0
100
AcDbText
 73
2
  0
LWPOLYLINE
  5
6A
330
17
100
AcDbEntity
  8
CUT
100
AcDbPolyline
 90
7
 70
1
 10
1944.0
 20
638.0
 10
1644.0
 20
638.0
 10
1644.0
 20
678.0
 10
1904.0
 20
678.0
 10
1904.0
 20
938.0
 10
1944.0
 20
938.0
 10
1944.0
 20
638.0
  0
TEXT
  5
6B
330
17
100
AcDbEntity
  8
ETCH
100
AcDbText
 10
1924.0
 20
808.0
 30
0.0
 40
24.0
  1
P001
 72
1
 11
1924.0
 21
808.0
 31
0.0
100
AcDbText
 73
2
  0
LWPOLYLINE
  5
6C
330
17
100
AcDbEntity
  8
CUT
100
AcDbPolyline
 90
7
 70
1
 10
1630.0
 20
952.0
 10
1330.0
 20
952.0
 10
1330.0
 20
992.0
 10
1590.0
 20
992.0
 10
1590.0
 20
1252.0
 10
1630.0
 20
1252.0
 10
1630.0
 20
952.0
  0
TEXT
  5
6D
330
17
100
AcDbEntity
  8
ETCH
100
AcDbText
 10
1610.0
 20
1122.0
 30
0.0
 40
24.0
  1
P001
 72
1
 11
1610.0
 21
1122.0
 31
0.0
100
AcDbText
 73
2
  0
LWPOLYLINE
  5
6E
330
17
100
AcDbEntity
  8
CUT
100
AcDbPolyline
 90
7
 70
1
 10
1644.0
 20
952.0
 10
1944.0
 20
952.0
 10
1944.0
 20
992.0
 10
1684.0
 20
992.0
 10
1684.0
 20
1252.0
 10
1644.0
 20
1252.0
 10
1644.0
 20
952.0
  0
TEXT
  5
6F
330
17
100
AcDbEntity
  8
ETCH
100
AcDbText
 10
1664.0
 20
1122.0
 30
0.0
 40
24.0
  1
P001
 72
1
 11
1664.0
 21
1122.0
 31
0.0
100
AcDbText
 73
2
  0
LWPOLYLINE
  5
70
330
17
100
AcDbEntity
  8
CUT
100
AcDbPolyline
 90
7
 70
1
 10
1330.0
 20
1266.0
 10
1630.0
 20
1266.0
 10
1630.0
 20
1306.0
 10
1370.0
 20
1306.0
 10
1370.0
 20
1566.0
 10
1330.0
 20
1566.0
 10
1330.0
 20
1266.0
  0
TEXT
  5
71
330
17
100
AcDbEntity
  8
ETCH
100
AcDbText
 10
1350.0
 20
1436.0
 30
0.0
 40
24.0
  1
P001
 72
1
 11
1350.0
 21
1436.0
 31
0.0
100
AcDbText
 73
2
  0
LWPOLYLINE
  5
72
330
17
100
AcDbEntity
  8
CUT
100
AcDbPolyline
 90
7
 70
1
 10
1944.0
 20
1266.0
 10
1644.0
 20
1266.0
 10
1644.0
 20
1306.0
 10
1904.0
 20
1306.0
 10
1904.0
 20
1566.0
 10
1944.0
 20
1566.0
 10
1944.0
 20
1266.0
  0
TEXT
  5
73
330
17
100
AcDbEntity
  8
ETCH
100
AcDbText
 10
1924.0
 20
1436.0
 30
0.0
 40
24.0
  1
P001
 72
1
 11
1924.0
 21
1436.0
 31
0.0
100
AcDbText
 73
2
  0
LWPOLYLINE
  5
74
330
17
100
AcDbEntity
  8
CUT
100
AcDbPolyline
 90
7
 70
1
 10
1630.0
 20
1580.0
 10
1330.0
 20
1580.0
 10
1330.0
 20
1620.0
 10
1590.0
 20
1620.0
 10
1590.0
 20
1880.0
 10
1630.0
 20
1880.0
 10
1630.0
 20
1580.0
  0
TEXT
  5
75
330
17
100
AcDbEntity
  8
ETCH
100
AcDbText
 10
1610.0
 20
1750.0
 30
0.0
 40
24.0
  1
P001
 72
1
 11
1610.0
 21
1750.0
 31
0.0
100
AcDbText
 73
2
  0
LWPOLYLINE
  5
76
330
17
100
AcDbEntity
  8
CUT
100
AcDbPolyline
 90
7
 70
1
 10
1644.0
 20
1580.0
 10
1944.0
 20
1580.0
 10
1944.0
 20
1620.0
 10
1684.0
 20
1620.0
 10
1684.0
 20
1880.0
 10
1644.0
 20
1880.0
 10
1644.0
 20
1580.0
  0
TEXT
  5
77
330
17
100
AcDbEntity
  8
ETCH
100
AcDbText
 10
1664.0
 20
1750.0
 30
0.0
 40
24.0
  1
P001
 72
1
 11
1664.0
 21
1750.0
 31
0.0
100
AcDbText
 73
2
  0
LWPOLYLINE
  5
78
330
17
100
AcDbEntity
  8
CUT
100
AcDbPolyline
 90
5
 70
1
 10
1958.0
 20
1580.0
 10
2358.0
 20
1580.0
 10
2358.0
 20
1880.0
 10
1958.0
 20
1880.0
 10
1958.0
 20
1580.0
  0
LWPOLYLINE
  5
79
330
17
100
AcDbEntity
  8
CUT
100
AcDbPolyline
 90
65
 70
1
 10
2188.0
 20
1830.0
 10
2187.8451
 20
1826.9327
 10
2187.3905
 20
1823.954
 10
2186.6513
 20
1821.0789
 10
2185.6425
 20
1818.3226
 10
2184.3792
 20
1815.7002
 10
2182.8765
 20
1813.2267
 10
2181.1495
 20
1810.9172
 10
2179.2132
 20
1808.7868
 10
2177.0828
 20
1806.8505
 10
2174.7733
 20
1805.1235
 10
2172.2998
 20
1803.6208
 10
2169.6774
 20
1802.3575
 10
2166.9211
 20
1801.3487
 10
2164.046
 20
1800.6095
 10
2161.0673
 20
1800.1549
 10
2158.0
 20
1800.0
 10
2154.9327
 20
1800.1549
 10
2151.954
 20
1800.6095
 10
2149.0789
 20
1801.3487
 10
2146.3226
 20
1802.3575
 10
2143.7002
 20
1803.6208
 10
2141.2267
 20
1805.1235
 10
2138.9172
 20
1806.8505
 10
2136.7868
 20
1808.7868
 10
2134.8505
 20
1810.9172
 10
2133.1235
 20
1813.2267
 10
2131.6208
 20
1815.7002
 10
2130.3575
 20
1818.3226
 10
2129.3487
 20
1821.0789
 10
2128.6095
 20
1823.954
 10
2128.1549
 20
1826.9327
 10
2128.0
 20
1830.0
 10
2128.1549
 20
1833.0673
 10
2128.6095
 20
1836.046
 10
2129.3487
 20
1838.9211
 10
2130.3575
 20
1841.6774
 10
2131.6208
 20
1844.2998
 10
2133.1235
 20
1846.7733
 10
2134.8505
 20
1849.0828
 10
2136.7868
 20
1851.2132
 10
2138.9172
 20
1853.1495
 10
2141.2267
 20
1854.8765
 10
2143.7002
 20
1856.3792
 10
2146.3226
 20
1857.6425
 10
2149.0789
 20
1858.6513
 10
2151.954
 20
1859.3905
 10
2154.9327
 20
1859.8451
 10
2158.0
 20
1860.0
 10
2161.0673
 20
1859.8451
 10
2164.046
 20
1859.3905
 10
2166.9211
 20
1858.6513
 10
2169.6774
 20
1857.6425
 10
2172.2998
 20
1856.3792
 10
2174.7733
 20
1854.8765
 10
2177.0828
 20
1853.1495
 10
2179.2132
 20
1851.2132
 10
2181.1495
 20
1849.0828
 10
2182.8765
 20
1846.7733
 10
2184.3792
 20
1844.2998
 10
2185.6425
 20
1841.6774
 10
2186.6513
 20
1838.9211
 10
2187.3905
 20
1836.046
 10
2187.8451
 20
1833.0673
 10
2188.0
 20
1830.0
  0
TEXT
  5
7A
330
17
100
AcDbEntity
  8
ETCH
100
AcDbText
 10
2158.0
 20
1730.0
 30
0.0
 40
24.0
  1
P002
 72
1
 11
2158.0
 21
1730.0
 31
0.0
100
AcDbText
 73
2
  0
LWPOLYLINE
  5
7B
330
17
100
AcDbEntity
  8
CUT
100
AcDbPolyline
 90
5
 70
1
 10
1330.0
 20
1894.0
 10
1730.0
 20
1894.0
 10
1730.0
 20
2194.0
 10
1330.0
 20
2194.0
 10
1330.0
 20
1894.0
  0
LWPOLYLINE
  5
7C
330
17
100
AcDbEntity
  8
CUT
100
AcDbPolyline
 90
65
 70
1
 10
1560.0
 20
2144.0
 10
1559.8451
 20
2140.9327
 10
1559.3905
 20
2137.954
 10
1558.6513
 20
2135.0789
 10
1557.6425
 20
2132.3226
 10
1556.3792
 20
2129.7002
 10
1554.8765
 20
2127.2267
 10
1553.1495
 20
2124.9172
 10
1551.2132
 20
2122.7868
 10
1549.0828
 20
2120.8505
 10
1546.7733
 20
2119.1235
 10
1544.2998
 20
2117.6208
 10
1541.6774
 20
2116.3575
 10
1538.9211
 20
2115.3487
 10
1536.046
 20
2114.6095
 10
1533.0673
 20
2114.1549
 10
1530.0
 20
2114.0
 10
1526.9327
 20
2114.1549
 10
1523.954
 20
2114.6095
 10
1521.0789
 20
2115.3487
 10
1518.3226
 20
2116.3575
 10
1515.7002
 20
2117.6208
 10
1513.2267
 20
2119.1235
 10
1510.9172
 20
2120.8505
 10
1508.7868
 20
2122.7868
 10
1506.8505
 20
2124.9172
 10
1505.1235
 20
2127.2267
 10
1503.6208
 20
2129.7002
 10
1502.3575
 20
2132.3226
 10
1501.3487
 20
2135.0789
 10
1500.6095
 20
2137.954
 10
1500.1549
 20
2140.9327
 10
1500.0
 20
2144.0
 10
1500.1549
 20
2147.0673
 10
1500.6095
 20
2150.046
 10
1501.3487
 20
2152.9211
 10
1502.3575
 20
2155.6774
 10
1503.6208
 20
2158.2998
 10
1505.1235
 20
2160.7733
 10
1506.8505
 20
2163.0828
 10
1508.7868
 20
2165.2132
 10
1510.9172
 20
2167.1495
 10
1513.2267
 20
2168.8765
 10
1515.7002
 20
2170.3792
 10
1518.3226
 20
2171.6425
 10
1521.0789
 20
2172.6513
 10
1523.954
 20
2173.3905
 10
1526.9327
 20
2173.8451
 10
1530.0
 20
2174.0
 10
1533.0673
 20
2173.8451
 10
1536.046
 20
2173.3905
 10
1538.9211
 20
2172.6513
 10
1541.6774
 20
2171.6425
 10
1544.2998
 20
2170.3792
 10
1546.7733
 20
2168.8765
 10
1549.0828
 20
2167.1495
 10
1551.2132
 20
2165.2132
 10
1553.1495
 20
2163.0828
 10
1554.8765
 20
2160.7733
 10
1556.3792
 20
2158.2998
 10
1557.6425
 20
2155.6774
 10
1558.6513
 20
2152.9211
 10
1559.3905
 20
2150.046
 10
1559.8451
 20
2147.0673
 10
1560.0
 20
2144.0
  0
TEXT
  5
7D
330
17
100
AcDbEntity
  8
ETCH
100
AcDbText
 10
1530.0
 20
2044.0
 30
0.0
 40
24.0
  1
P002
 72
1
 11
1530.0
 21
2044.0
 31
0.0
100
AcDbText
 73
2
  0
LWPOLYLINE
  5
7E
330
17
100
AcDbEntity
  8
CUT
100
AcDbPolyline
 90
5
 70
1
 10
1744.0
 20
1894.0
 10
2144.0
 20
1894.0
 10
2144.0
 20
2194.0
 10
1744.0
 20
2194.0
 10
1744.0
 20
1894.0
  0
LWPOLYLINE
  5
7F
330
17
100
AcDbEntity
  8
CUT
100
AcDbPolyline
 90
65
 70
1
 10
1974.0
 20
2144.0
 10
1973.8451
 20
2140.9327
 10
1973.3905
 20
2137.954
 10
1972.6513
 20
2135.0789
 10
1971.6425
 20
2132.3226
 10
1970.3792
 20
2129.7002
 10
1968.8765
 20
2127.2267
 10
1967.1495
 20
2124.9172
 10
1965.2132
 20
2122.7868
 10
1963.0828
 20
2120.8505
 10
1960.7733
 20
2119.1235
 10
1958.2998
 20
2117.6208
 10
1955.6774
 20
2116.3575
 10
1952.9211
 20
2115.3487
 10
1950.046
 20
2114.6095
 10
1947.0673
 20
2114.1549
 10
1944.0
 20
2114.0
 10
1940.9327
 20
2114.1549
 10
1937.954
 20
2114.6095
 10
1935.0789
 20
2115.3487
 10
1932.3226
 20
2116.3575
 10
1929.7002
 20
2117.6208
 10
1927.2267
 20
2119.1235
 10
1924.9172
 20
2120.8505
 10
1922.7868
 20
2122.7868
 10
1920.8505
 20
2124.9172
 10
1919.1235
 20
2127.2267
 10
1917.6208
 20
2129.7002
 10
1916.3575
 20
2132.3226
 10
1915.3487
 20
2135.0789
 10
1914.6095
 20
2137.954
 10
1914.1549
 20
2140.9327
 10
1914.0
 20
2144.0
 10
1914.1549
 20
2147.0673
 10
1914.6095
 20
2150.046
 10
1915.3487
 20
2152.9211
 10
1916.3575
 20
2155.6774
 10
1917.6208
 20
2158.2998
 10
1919.1235
 20
2160.7733
 10
1920.8505
 20
2163.0828
 10
1922.7868
 20
2165.2132
 10
1924.9172
 20
2167.1495
 10
1927.2267
 20
2168.8765
 10
1929.7002
 20
2170.3792
 10
1932.3226
 20
2171.6425
 10
1935.0789
 20
2172.6513
 10
1937.954
 20
2173.3905
 10
1940.9327
 20
2173.8451
 10
1944.0
 20
2174.0
 10
1947.0673
 20
2173.8451
 10
1950.046
 20
2173.3905
 10
1952.9211
 20
2172.6513
 10
1955.6774
 20
2171.6425
 10
1958.2998
 20
2170.3792
 10
1960.7733
 20
2168.8765
 10
1963.0828
 20
2167.1495
 10
1965.2132
 20
2165.2132
 10
1967.1495
 20
2163.0828
 10
1968.8765
 20
2160.7733
 10
1970.3792
 20
2158.2998
 10
1971.6425
 20
2155.6774
 10
1972.6513
 20
2152.9211
 10
1973.3905
 20
2150.046
 10
1973.8451
 20
2147.0673
 10
1974.0
 20
2144.0
  0
TEXT
  5
80
330
17
100
AcDbEntity
  8
ETCH
100
AcDbText
 10
1944.0
 20
2044.0
 30
0.0
 40
24.0
  1
P002
 72
1
 11
1944.0
 21
2044.0
 31
0.0
100
AcDbText
 73
2
  0
LWPOLYLINE
  5
81
330
17
100
AcDbEntity
  8
OFFCUT
100
AcDbPolyline
 90
49
 70
1
 10
1330.0
 20
2430.0
 10
2530.0
 20
2430.0
 10
2530.0
 20
10.0
 10
1944.0
 20
10.0
 10
1944.0
 20
310.0
 10
1904.0
 20
310.0
 10
1904.0
 20
50.0
 10
1644.0
 20
50.0
 10
1644.0
 20
10.0
 10
1630.0
 20
10.0
 10
1630.0
 20
50.0
 10
1370.0
 20
50.0
 10
1370.0
 20
310.0
 10
1330.0
 20
310.0
 10
1330.0
 20
324.0
 10
1630.0
 20
324.0
 10
1630.0
 20
624.0
 10
1590.0
 20
624.0
 10
1590.0
 20
364.0
 10
1330.0
 20
364.0
 10
1330.0
 20
638.0
 10
1630.0
 20
638.0
 10
1630.0
 20
678.0
 10
1370.0
 20
678.0
 10
1370.0
 20
938.0
 10
1330.0
 20
938.0
 10
1330.0
 20
952.0
 10
1630.0
 20
952.0
 10
1630.0
 20
1252.0
 10
1590.0
 20
1252.0
 10
1590.0
 20
992.0
 10
1330.0
 20
992.0
 10
1330.0
 20
1266.0
 10
1630.0
 20
1266.0
 10
1630.0
 20
1306.0
 10
1370.0
 20
1306.0
 10
1370.0
 20
1566.0
 10
1330.0
 20
1566.0
 10
1330.0
 20
1580.0
 10
1630.0
 20
1580.0
 10
1630.0
 20
1880.0
 10
1590.0
 20
1880.0
 10
1590.0
 20
1620.0
 10
1330.0
 20
1620.0
 10
1330.0
 20
1894.0
 10
1730.0
 20
1894.0
 10
1730.0
 20
2194.0
 10
1330.0
 20
2194.0
 10
1330.0
 20
2430.0
  0
LWPOLYLINE
  5
82
330
17
100
AcDbEntity
  8
OFFCUT
100
AcDbPolyline
 90
7
 70
1
 10
1684.0
 20
364.0
 10
1684.0
 20
624.0
 10
1644.0
 20
624.0
 10
1644.0
 20
324.0
 10
1944.0
 20
324.0
 10
1944.0
 20
364.0
 10
1684.0
 20
364.0
  0
LWPOLYLINE
  5
83
330
17
100
AcDbEntity
  8
OFFCUT
100
AcDbPolyline
 90
7
 70
1
 10
1904.0
 20
678.0
 10
1644.0
 20
678.0
 10
1644.0
 20
638.0
 10
1944.0
 20
638.0
 10
1944.0
 20
938.0
 10
1904.0
 20
938.0
 10
1904.0
 20
678.0
  0
LWPOLYLINE
  5
84
330
17
100
AcDbEntity
  8
OFFCUT
100
AcDbPolyline
 90
7
 70
1
 10
1684.0
 20
992.0
 10
1684.0
 20
1252.0
 10
1644.0
 20
1252.0
 10
1644.0
 20
952.0
 10
1944.0
 20
952.0
 10
1944.0
 20
992.0
 10
1684.0
 20
992.0
  0
LWPOLYLINE
  5
85
330
17
100
AcDbEntity
  8
OFFCUT
100
AcDbPolyline
 90
7
 70
1
 10
1904.0
 20
1306.0
 10
1644.0
 20
1306.0
 10
1644.0
 20
1266.0
 10
1944.0
 20
1266.0
 10
1944.0
 20
1566.0
 10
1904.0
 20
1566.0
 10
1904.0
 20
1306.0
  0
LWPOLYLINE
  5
86
330
17
100
AcDbEntity
  8
OFFCUT
100
AcDbPolyline
 90
7
 70
1
 10
1684.0
 20
1620.0
 10
1684.0
 20
1880.0
 10
1644.0
 20
1880.0
 10
1644.0
 20
1580.0
 10
1944.0
 20
1580.0
 10
1944.0
 20
1620.0
 10
1684.0
 20
1620.0
  0
LWPOLYLINE
  5
87
330
17
100
AcDbEntity
  8
OFFCUT
100
AcDbPolyline
 90
5
 70
1
 10
2358.0
 20
1580.0
 10
2358.0
 20
1880.0
 10
1958.0
 20
1880.0
 10
1958.0
 20
1580.0
 10
2358.0
 20
1580.0
  0
LWPOLYLINE
  5
88
330
17
100
AcDbEntity
  8
OFFCUT
100
AcDbPolyline
 90
5
 70
1
 10
2144.0
 20
1894.0
 10
2144.0
 20
2194.0
 10
1744.0
 20
2194.0
 10
1744.0
 20
1894.0
 10
2144.0
 20
1894.0
  0
LWPOLYLINE
  5
89
330
17
100
AcDbEntity
  8
OFFCUT
100
AcDbPolyline
 90
7
 70
1
 10
364.0
 20
364.0
 10
364.0
 20
624.0
 10
324.0
 20
624.0
 10
324.0
 20
324.0
 10
624.0
 20
324.0
 10
624.0
 20
364.0
 10
364.0
 20
364.0
  0
LWPOLYLINE
  5
8A
330
17
100
AcDbEntity
  8
OFFCUT
100
AcDbPolyline
 90
7
 70
1
 10
584.0
 20
678.0
 10
324.0
 20
678.0
 10
324.0
 20
638.0
 10
624.0
 20
638.0
 10
624.0
 20
938.0
 10
584.0
 20
938.0
 10
584.0
 20
678.0
  0
LWPOLYLINE
  5
8B
330
17
100
AcDbEntity
  8
OFFCUT
100
AcDbPolyline
 90
7
 70
1
 10
364.0
 20
992.0
 10
364.0
 20
1252.0
 10
324.0
 20
1252.0
 10
324.0
 20
952.0
 10
624.0
 20
952.0
 10
624.0
 20
992.0
 10
364.0
 20
992.0
  0
LWPOLYLINE
  5
8C
330
17
100
AcDbEntity
  8
OFFCUT
100
AcDbPolyline
 90
7
 70
1
 10
584.0
 20
1306.0
 10
324.0
 20
1306.0
 10
324.0
 20
1266.0
 10
624.0
 20
1266.0
 10
624.0
 20
1566.0
 10
584.0
 20
1566.0
 10
584.0
 20
1306.0
  0
LWPOLYLINE
  5
8D
330
17
100
AcDbEntity
  8
OFFCUT
100
AcDbPolyline
 90
7
 70
1
 10
364.0
 20
1620.0
 10
364.0
 20
1880.0
 10
324.0
 20
1880.0
 10
324.0
 20
1580.0
 10
624.0
 20
1580.0
 10
624.0
 20
1620.0
 10
364.0
 20
1620.0
  0
LWPOLYLINE
  5
8E
330
17
100
AcDbEntity
  8
OFFCUT
100
AcDbPolyline
 90
5
 70
1
 10
1038.0
 20
1580.0
 10
1038.0
 20
1880.0
 10
638.0
 20
1880.0
 10
638.0
 20
1580.0
 10
1038.0
 20
1580.0
  0
LWPOLYLINE
  5
8F
330
17
100
AcDbEntity
  8
OFFCUT
100
AcDbPolyline
 90
5
 70
1
 10
824.0
 20
1894.0
 10
824.0
 20
2194.0
 10
424.0
 20
2194.0
 10
424.0
 20
1894.0
 10
824.0
 20
1894.0
  0
TEXT
  5
90
330
17
100
AcDbEntity
  8
INFO
100
AcDbText
 10
1320.0
 20
2480.0
 30
0.0
 40
25.0
  1
SYMMETRY-FIRST - SHEET 2 - repeating_batch.dxf
 11
1320.0
 21
2480.0
 31
0.0
100
AcDbText
  0
LWPOLYLINE
  5
91
330
17
100
AcDbEntity
  8
CNC_BOUNDARY
100
AcDbPolyline
 90
4
 70
1
 10
2640.0
 20
0.0
 10
3860.0
 20
0.0
 10
3860.0
 20
2440.0
 10
2640.0
 20
2440.0
  0
LWPOLYLINE
  5
92
330
17
100
AcDbEntity
  8
CUT
100
AcDbPolyline
 90
5
 70
1
 10
2650.0
 20
10.0
 10
3050.0
 20
10.0
 10
3050.0
 20
310.0
 10
2650.0
 20
310.0
 10
2650.0
 20
10.0
  0
LWPOLYLINE
  5
93
330
17
100
AcDbEntity
  8
CUT
100
AcDbPolyline
 90
65
 70
1
 10
2880.0
 20
260.0
 10
2879.8451
 20
256.9327
 10
2879.3905
 20
253.954
 10
2878.6513
 20
251.0789
 10
2877.6425
 20
248.3226
 10
2876.3792
 20
245.7002
 10
2874.8765
 20
243.2267
 10
2873.1495
 20
240.9172
 10
2871.2132
 20
238.7868
 10
2869.0828
 20
236.8505
 10
2866.7733
 20
235.1235
 10
2864.2998
 20
233.6208
 10
2861.6774
 20
232.3575
 10
2858.9211
 20
231.3487
 10
2856.046
 20
230.6095
 10
2853.0673
 20
230.1549
 10
2850.0
 20
230.0
 10
2846.9327
 20
230.1549
 10
2843.954
 20
230.6095
 10
2841.0789
 20
231.3487
 10
2838.3226
 20
232.3575
 10
2835.7002
 20
233.6208
 10
2833.2267
 20
235.1235
 10
2830.9172
 20
236.8505
 10
2828.7868
 20
238.7868
 10
2826.8505
 20
240.9172
 10
2825.1235
 20
243.2267
 10
2823.6208
 20
245.7002
 10
2822.3575
 20
248.3226
 10
2821.3487
 20
251.0789
 10
2820.6095
 20
253.954
 10
2820.1549
 20
256.9327
 10
2820.0
 20
260.0
 10
2820.1549
 20
263.0673
 10
2820.6095
 20
266.046
 10
2821.3487
 20
268.9211
 10
2822.3575
 20
271.6774
 10
2823.6208
 20
274.2998
 10
2825.1235
 20
276.7733
 10
2826.8505
 20
279.0828
 10
2828.7868
 20
281.2132
 10
2830.9172
 20
283.1495
 10
2833.2267
 20
284.8765
 10
2835.7002
 20
286.3792
 10
2838.3226
 20
287.6425
 10
2841.0789
 20
288.6513
 10
2843.954
 20
289.3905
 10
2846.9327
 20
289.8451
 10
2850.0
 20
290.0
 10
2853.0673
 20
289.8451
 10
2856.046
 20
289.3905
 10
2858.9211
 20
288.6513
 10
2861.6774
 20
287.6425
 10
2864.2998
 20
286.3792
 10
2866.7733
 20
284.8765
 10
2869.0828
 20
283.1495
 10
2871.2132
 20
281.2132
 10
2873.1495
 20
279.0828
 10
2874.8765
 20
276.7733
 10
2876.3792
 20
274.2998
 10
2877.6425
 20
271.6774
 10
2878.6513
 20
268.9211
 10
2879.3905
 20
266.046
 10
2879.8451
 20
263.0673
 10
2880.0
 20
260.0
  0
TEXT
  5
94
330
17
100
AcDbEntity
  8
ETCH
100
AcDbText
 10
2850.0
 20
160.0
 30
0.0
 40
24.0
  1
P002
 72
1
 11
2850.0
 21
160.0
 31
0.0
100
AcDbText
 73
2
  0
LWPOLYLINE
  5
95
330
17
100
AcDbEntity
  8
CUT
100
AcDbPolyline
 90
5
 70
1
 10
3064.0
 20
10.0
 10
3464.0
 20
10.0
 10
3464.0
 20
310.0
 10
3064.0
 20
310.0
 10
3064.0
 20
10.0
  0
LWPOLYLINE
  5
96
330
17
100
AcDbEntity
  8
CUT
100
AcDbPolyline
 90
65
 70
1
 10
3294.0
 20
260.0
 10
3293.8451
 20
256.9327
 10
3293.3905
 20
253.954
 10
3292.6513
 20
251.0789
 10
3291.6425
 20
248.3226
 10
3290.3792
 20
245.7002
 10
3288.8765
 20
243.2267
 10
3287.1495
 20
240.9172
 10
3285.2132
 20
238.7868
 10
3283.0828
 20
236.8505
 10
3280.7733
 20
235.1235
 10
3278.2998
 20
233.6208
 10
3275.6774
 20
232.3575
 10
3272.9211
 20
231.3487
 10
3270.046
 20
230.6095
 10
3267.0673
 20
230.1549
 10
3264.0
 20
230.0
 10
3260.9327
 20
230.1549
 10
3257.954
 20
230.6095
 10
3255.0789
 20
231.3487
 10
3252.3226
 20
232.3575
 10
3249.7002
 20
233.6208
 10
3247.2267
 20
235.1235
 10
3244.9172
 20
236.8505
 10
3242.7868
 20
238.7868
 10
3240.8505
 20
240.9172
 10
3239.1235
 20
243.2267
 10
3237.6208
 20
245.7002
 10
3236.3575
 20
248.3226
 10
3235.3487
 20
251.0789
 10
3234.6095
 20
253.954
 10
3234.1549
 20
256.9327
 10
3234.0
 20
260.0
 10
3234.1549
 20
263.0673
 10
3234.6095
 20
266.046
 10
3235.3487
 20
268.9211
 10
3236.3575
 20
271.6774
 10
3237.6208
 20
274.2998
 10
3239.1235
 20
276.7733
 10
3240.8505
 20
279.0828
 10
3242.7868
 20
281.2132
 10
3244.9172
 20
283.1495
 10
3247.2267
 20
284.8765
 10
3249.7002
 20
286.3792
 10
3252.3226
 20
287.6425
 10
3255.0789
 20
288.6513
 10
3257.954
 20
289.3905
 10
3260.9327
 20
289.8451
 10
3264.0
 20
290.0
 10
3267.0673
 20
289.8451
 10
3270.046
 20
289.3905
 10
3272.9211
 20
288.6513
 10
3275.6774
 20
287.6425
 10
3278.2998
 20
286.3792
 10
3280.7733
 20
284.8765
 10
3283.0828
 20
283.1495
 10
3285.2132
 20
281.2132
 10
3287.1495
 20
279.0828
 10
3288.8765
 20
276.7733
 10
3290.3792
 20
274.2998
 10
3291.6425
 20
271.6774
 10
3292.6513
 20
268.9211
 10
3293.3905
 20
266.046
 10
3293.8451
 20
263.0673
 10
3294.0
 20
260.0
  0
TEXT
  5
97
330
17
100
AcDbEntity
  8
ETCH
100
AcDbText
 10
3264.0
 20
160.0
 30
0.0
 40
24.0
  1
P002
 72
1
 11
3264.0
 21
160.0
 31
0.0
100
AcDbText
 73
2
  0
LWPOLYLINE
  5
98
330
17
100
AcDbEntity
  8
CUT
100
AcDbPolyline
 90
5
 70
1
 10
2650.0
 20
324.0
 10
3050.0
 20
324.0
 10
3050.0
 20
624.0
 10
2650.0
 20
624.0
 10
2650.0
 20
324.0
  0
LWPOLYLINE
  5
99
330
17
100
AcDbEntity
  8
CUT
100
AcDbPolyline
 90
65
 70
1
 10
2880.0
 20
574.0
 10
2879.8451
 20
570.9327
 10
2879.3905
 20
567.954
 10
2878.6513
 20
565.0789
 10
2877.6425
 20
562.3226
 10
2876.3792
 20
559.7002
 10
2874.8765
 20
557.2267
 10
2873.1495
 20
554.9172
 10
2871.2132
 20
552.7868
 10
2869.0828
 20
550.8505
 10
2866.7733
 20
549.1235
 10
2864.2998
 20
547.6208
 10
2861.6774
 20
546.3575
 10
2858.9211
 20
545.3487
 10
2856.046
 20
544.6095
 10
2853.0673
 20
544.1549
 10
2850.0
 20
544.0
 10
2846.9327
 20
544.1549
 10
2843.954
 20
544.6095
 10
2841.0789
 20
545.3487
 10
2838.3226
 20
546.3575
 10
2835.7002
 20
547.6208
 10
2833.2267
 20
549.1235
 10
2830.9172
 20
550.8505
 10
2828.7868
 20
552.7868
 10
2826.8505
 20
554.9172
 10
2825.1235
 20
557.2267
 10
2823.6208
 20
559.7002
 10
2822.3575
 20
562.3226
 10
2821.3487
 20
565.0789
 10
2820.6095
 20
567.954
 10
2820.1549
 20
570.9327
 10
2820.0
 20
574.0
 10
2820.1549
 20
577.0673
 10
2820.6095
 20
580.046
 10
2821.3487
 20
582.9211
 10
2822.3575
 20
585.6774
 10
2823.6208
 20
588.2998
 10
2825.1235
 20
590.7733
 10
2826.8505
 20
593.0828
 10
2828.7868
 20
595.2132
 10
2830.9172
 20
597.1495
 10
2833.2267
 20
598.8765
 10
2835.7002
 20
600.3792
 10
2838.3226
 20
601.6425
 10
2841.0789
 20
602.6513
 10
2843.954
 20
603.3905
 10
2846.9327
 20
603.8451
 10
2850.0
 20
604.0
 10
2853.0673
 20
603.8451
 10
2856.046
 20
603.3905
 10
2858.9211
 20
602.6513
 10
2861.6774
 20
601.6425
 10
2864.2998
 20
600.3792
 10
2866.7733
 20
598.8765
 10
2869.0828
 20
597.1495
 10
2871.2132
 20
595.2132
 10
2873.1495
 20
593.0828
 10
2874.8765
 20
590.7733
 10
2876.3792
 20
588.2998
 10
2877.6425
 20
585.6774
 10
2878.6513
 20
582.9211
 10
2879.3905
 20
580.046
 10
2879.8451
 20
577.0673
 10
2880.0
 20
574.0
  0
TEXT
  5
9A
330
17
100
AcDbEntity
  8
ETCH
100
AcDbText
 10
2850.0
 20
474.0
 30
0.0
 40
24.0
  1
P002
 72
1
 11
2850.0
 21
474.0
 31
0.0
100
AcDbText
 73
2
  0
LWPOLYLINE
  5
9B
330
17
100
AcDbEntity
  8
CUT
100
AcDbPolyline
 90
5
 70
1
 10
3064.0
 20
324.0
 10
3464.0
 20
324.0
 10
3464.0
 20
624.0
 10
3064.0
 20
624.0
 10
3064.0
 20
324.0
  0
LWPOLYLINE
  5
9C
330
17
100
AcDbEntity
  8
CUT
100
AcDbPolyline
 90
65
 70
1
 10
3294.0
 20
574.0
 10
3293.8451
 20
570.9327
 10
3293.3905
 20
567.954
 10
3292.6513
 20
565.0789
 10
3291.6425
 20
562.3226
 10
3290.3792
 20
559.7002
 10
3288.8765
 20
557.2267
 10
3287.1495
 20
554.9172
 10
3285.2132
 20
552.7868
 10
3283.0828
 20
550.8505
 10
3280.7733
 20
549.1235
 10
3278.2998
 20
547.6208
 10
3275.6774
 20
546.3575
 10
3272.9211
 20
545.3487
 10
3270.046
 20
544.6095
 10
3267.0673
 20
544.1549
 10
3264.0
 20
544.0
 10
3260.9327
 20
544.1549
 10
3257.954
 20
544.6095
 10
3255.0789
 20
545.3487
 10
3252.3226
 20
546.3575
 10
3249.7002
 20
547.6208
 10
3247.2267
 20
549.1235
 10
3244.9172
 20
550.8505
 10
3242.7868
 20
552.7868
 10
3240.8505
 20
554.9172
 10
3239.1235
 20
557.2267
 10
3237.6208
 20
559.7002
 10
3236.3575
 20
562.3226
 10
3235.3487
 20
565.0789
 10
3234.6095
 20
567.954
 10
3234.1549
 20
570.9327
 10
3234.0
 20
574.0
 10
3234.1549
 20
577.0673
 10
3234.6095
 20
580.046
 10
3235.3487
 20
582.9211
 10
3236.3575
 20
585.6774
 10
3237.6208
 20
588.2998
 10
3239.1235
 20
590.7733
 10
3240.8505
 20
593.0828
 10
3242.7868
 20
595.2132
 10
3244.9172
 20
597.1495
 10
3247.2267
 20
598.8765
 10
3249.7002
 20
600.3792
 10
3252.3226
 20
601.6425
 10
3255.0789
 20
602.6513
 10
3257.954
 20
603.3905
 10
3260.9327
 20
603.8451
 10
3264.0
 20
604.0
 10
3267.0673
 20
603.8451
 10
3270.046
 20
603.3905
 10
3272.9211
 20
602.6513
 10
3275.6774
 20
601.6425
 10
3278.2998
 20
600.3792
 10
3280.7733
 20
598.8765
 10
3283.0828
 20
597.1495
 10
3285.2132
 20
595.2132
 10
3287.1495
 20
593.0828
 10
3288.8765
 20
590.7733
 10
3290.3792
 20
588.2998
 10
3291.6425
 20
585.6774
 10
3292.6513
 20
582.9211
 10
3293.3905
 20
580.046
 10
3293.8451
 20
577.0673
 10
3294.0
 20
574.0
  0
TEXT
  5
9D
330
17
100
AcDbEntity
  8
ETCH
100
AcDbText
 10
3264.0
 20
474.0
 30
0.0
 40
24.0
  1
P002
 72
1
 11
3264.0
 21
474.0
 31
0.0
100
AcDbText
 73
2
  0
LWPOLYLINE
  5
9E
330
17
100
AcDbEntity
  8
CUT
100
AcDbPolyline
 90
5
 70
1
 10
2650.0
 20
638.0
 10
3050.0
 20
638.0
 10
3050.0
 20
938.0
 10
2650.0
 20
938.0
 10
2650.0
 20
638.0
  0
LWPOLYLINE
  5
9F
330
17
100
AcDbEntity
  8
CUT
100
AcDbPolyline
 90
65
 70
1
 10
2880.0
 20
888.0
 10
2879.8451
 20
884.9327
 10
2879.3905
 20
881.954
 10
2878.6513
 20
879.0789
 10
2877.6425
 20
876.3226
 10
2876.3792
 20
873.7002
 10
2874.8765
 20
871.2267
 10
2873.1495
 20
868.9172
 10
2871.2132
 20
866.7868
 10
2869.0828
 20
864.8505
 10
2866.7733
 20
863.1235
 10
2864.2998
 20
861.6208
 10
2861.6774
 20
860.3575
 10
2858.9211
 20
859.3487
 10
2856.046
 20
858.6095
 10
2853.0673
 20
858.1549
 10
2850.0
 20
858.0
 10
2846.9327
 20
858.1549
 10
2843.954
 20
858.6095
 10
2841.0789
 20
859.3487
 10
2838.3226
 20
860.3575
 10
2835.7002
 20
861.6208
 10
2833.2267
 20
863.1235
 10
2830.9172
 20
864.8505
 10
2828.7868
 20
866.7868
 10
2826.8505
 20
868.9172
 10
2825.1235
 20
871.2267
 10
2823.6208
 20
873.7002
 10
2822.3575
 20
876.3226
 10
2821.3487
 20
879.0789
 10
2820.6095
 20
881.954
 10
2820.1549
 20
884.9327
 10
2820.0
 20
888.0
 10
2820.1549
 20
891.0673
 10
2820.6095
 20
894.046
 10
2821.3487
 20
896.9211
 10
2822.3575
 20
899.6774
 10
2823.6208
 20
902.2998
 10
2825.1235
 20
904.7733
 10
2826.8505
 20
907.0828
 10
2828.7868
 20
909.2132
 10
2830.9172
 20
911.1495
 10
2833.2267
 20
912.8765
 10
2835.7002
 20
914.3792
 10
2838.3226
 20
915.6425
 10
2841.0789
 20
916.6513
 10
2843.954
 20
917.3905
 10
2846.9327
 20
917.8451
 10
2850.0
 20
918.0
 10
2853.0673
 20
917.8451
 10
2856.046
 20
917.3905
 10
2858.9211
 20
916.6513
 10
2861.6774
 20
915.6425
 10
2864.2998
 20
914.3792
 10
2866.7733
 20
912.8765
 10
2869.0828
 20
911.1495
 10
2871.2132
 20
909.2132
 10
2873.1495
 20
907.0828
 10
2874.8765
 20
904.7733
 10
2876.3792
 20
902.2998
 10
2877.6425
 20
899.6774
 10
2878.6513
 20
896.9211
 10
2879.3905
 20
894.046
 10
2879.8451
 20
891.0673
 10
2880.0
 20
888.0
  0
TEXT
  5
A0
330
17
100
AcDbEntity
  8
ETCH
100
AcDbText
 10
2850.0
 20
788.0
 30
0.0
 40
24.0
  1
P002
 72
1
 11
2850.0
 21
788.0
 31
0.0
100
AcDbText
 73
2
  0
LWPOLYLINE
  5
A1
330
17
100
AcDbEntity
  8
CUT
100
AcDbPolyline
 90
5
 70
1
 10
3064.0
 20
638.0
 10
3464.0
 20
638.0
 10
3464.0
 20
938.0
 10
3064.0
 20
938.0
 10
3064.0
 20
638.0
  0
LWPOLYLINE
  5
A2
330
17
100
AcDbEntity
  8
CUT
100
AcDbPolyline
 90
65
 70
1
 10
3294.0
 20
888.0
 10
3293.8451
 20
884.9327
 10
3293.3905
 20
881.954
 10
3292.6513
 20
879.0789
 10
3291.6425
 20
876.3226
 10
3290.3792
 20
873.7002
 10
3288.8765
 20
871.2267
 10
3287.1495
 20
868.9172
 10
3285.2132
 20
866.7868
 10
3283.0828
 20
864.8505
 10
3280.7733
 20
863.1235
 10
3278.2998
 20
861.6208
 10
3275.6774
 20
860.3575
 10
3272.9211
 20
859.3487
 10
3270.046
 20
858.6095
 10
3267.0673
 20
858.1549
 10
3264.0
 20
858.0
 10
3260.9327
 20
858.1549
 10
3257.954
 20
858.6095
 10
3255.0789
 20
859.3487
 10
3252.3226
 20
860.3575
 10
3249.7002
 20
861.6208
 10
3247.2267
 20
863.1235
 10
3244.9172
 20
864.8505
 10
3242.7868
 20
866.7868
 10
3240.8505
 20
868.9172
 10
3239.1235
 20
871.2267
 10
3237.6208
 20
873.7002
 10
3236.3575
 20
876.3226
 10
3235.3487
 20
879.0789
 10
3234.6095
 20
881.954
 10
3234.1549
 20
884.9327
 10
3234.0
 20
888.0
 10
3234.1549
 20
891.0673
 10
3234.6095
 20
894.046
 10
3235.3487
 20
896.9211
 10
3236.3575
 20
899.6774
 10
3237.6208
 20
902.2998
 10
3239.1235
 20
904.7733
 10
3240.8505
 20
907.0828
 10
3242.7868
 20
909.2132
 10
3244.9172
 20
911.1495
 10
3247.2267
 20
912.8765
 10
3249.7002
 20
914.3792
 10
3252.3226
 20
915.6425
 10
3255.0789
 20
916.6513
 10
3257.954
 20
917.3905
 10
3260.9327
 20
917.8451
 10
3264.0
 20
918.0
 10
3267.0673
 20
917.8451
 10
3270.046
 20
917.3905
 10
3272.9211
 20
916.6513
 10
3275.6774
 20
915.6425
 10
3278.2998
 20
914.3792
 10
3280.7733
 20
912.8765
 10
3283.0828
 20
911.1495
 10
3285.2132
 20
909.2132
 10
3287.1495
 20
907.0828
 10
3288.8765
 20
904.7733
 10
3290.3792
 20
902.2998
 10
3291.6425
 20
899.6774
 10
3292.6513
 20
896.9211
 10
3293.3905
 20
894.046
 10
3293.8451
 20
891.0673
 10
3294.0
 20
888.0
  0
TEXT
  5
A3
330
17
100
AcDbEntity
  8
ETCH
100
AcDbText
 10
3264.0
 20
788.0
 30
0.0
 40
24.0
  1
P002
 72
1
 11
3264.0
 21
788.0
 31
0.0
100
AcDbText
 73
2
  0
LWPOLYLINE
  5
A4
330
17
100
AcDbEntity
  8
CUT
100
AcDbPolyline
 90
5
 70
1
 10
2650.0
 20
952.0
 10
3050.0
 20
952.0
 10
3050.0
 20
1252.0
 10
2650.0
 20
1252.0
 10
2650.0
 20
952.0
  0
LWPOLYLINE
  5
A5
330
17
100
AcDbEntity
  8
CUT
100
AcDbPolyline
 90
65
 70
1
 10
2880.0
 20
1202.0
 10
2879.8451
 20
1198.9327
 10
2879.3905
 20
1195.954
 10
2878.6513
 20
1193.0789
 10
2877.6425
 20
1190.3226
 10
2876.3792
 20
1187.7002
 10
2874.8765
 20
1185.2267
 10
2873.1495
 20
1182.9172
 10
2871.2132
 20
1180.7868
 10
2869.0828
 20
1178.8505
 10
2866.7733
 20
1177.1235
 10
2864.2998
 20
1175.6208
 10
2861.6774
 20
1174.3575
 10
2858.9211
 20
1173.3487
 10
2856.046
 20
1172.6095
 10
2853.0673
 20
1172.1549
 10
2850.0
 20
1172.0
 10
2846.9327
 20
1172.1549
 10
2843.954
 20
1172.6095
 10
2841.0789
 20
1173.3487
 10
2838.3226
 20
1174.3575
 10
2835.7002
 20
1175.6208
 10
2833.2267
 20
1177.1235
 10
2830.9172
 20
1178.8505
 10
2828.7868
 20
1180.7868
 10
2826.8505
 20
1182.9172
 10
2825.1235
 20
1185.2267
 10
2823.6208
 20
1187.7002
 10
2822.3575
 20
1190.3226
 10
2821.3487
 20
1193.0789
 10
2820.6095
 20
1195.954
 10
2820.1549
 20
1198.9327
 10
2820.0
 20
1202.0
 10
2820.1549
 20
1205.0673
 10
2820.6095
 20
1208.046
 10
2821.3487
 20
1210.9211
 10
2822.3575
 20
1213.6774
 10
2823.6208
 20
1216.2998
 10
2825.1235
 20
1218.7733
 10
2826.8505
 20
1221.0828
 10
2828.7868
 20
1223.2132
 10
2830.9172
 20
1225.1495
 10
2833.2267
 20
1226.8765
 10
2835.7002
 20
1228.3792
 10
2838.3226
 20
1229.6425
 10
2841.0789
 20
1230.6513
 10
2843.954
 20
1231.3905
 10
2846.9327
 20
1231.8451
 10
2850.0
 20
1232.0
 10
2853.0673
 20
1231.8451
 10
2856.046
 20
1231.3905
 10
2858.9211
 20
1230.6513
 10
2861.6774
 20
1229.6425
 10
2864.2998
 20
1228.3792
 10
2866.7733
 20
1226.8765
 10
2869.0828
 20
1225.1495
 10
2871.2132
 20
1223.2132
 10
2873.1495
 20
1221.0828
 10
2874.8765
 20
1218.7733
 10
2876.3792
 20
1216.2998
 10
2877.6425
 20
1213.6774
 10
2878.6513
 20
1210.9211
 10
2879.3905
 20
1208.046
 10
2879.8451
 20
1205.0673
 10
2880.0
 20
1202.0
  0
TEXT
  5
A6
330
17
100
AcDbEntity
  8
ETCH
100
AcDbText
 10
2850.0
 20
1102.0
 30
0.0
 40
24.0
  1
P002
 72
1
 11
2850.0
 21
1102.0
 31
0.0
100
AcDbText
 73
2
  0
LWPOLYLINE
  5
A7
330
17
100
AcDbEntity
  8
CUT
100
AcDbPolyline
 90
5
 70
1
 10
3064.0
 20
952.0
 10
3464.0
 20
952.0
 10
3464.0
 20
1252.0
 10
3064.0
 20
1252.0
 10
3064.0
 20
952.0
  0
LWPOLYLINE
  5
A8
330
17
100
AcDbEntity
  8
CUT
100
AcDbPolyline
 90
65
 70
1
 10
3294.0
 20
1202.0
 10
3293.8451
 20
1198.9327
 10
3293.3905
 20
1195.954
 10
3292.6513
 20
1193.0789
 10
3291.6425
 20
1190.3226
 10
3290.3792
 20
1187.7002
 10
3288.8765
 20
1185.2267
 10
3287.1495
 20
1182.9172
 10
3285.2132
 20
1180.7868
 10
3283.0828
 20
1178.8505
 10
3280.7733
 20
1177.1235
 10
3278.2998
 20
1175.6208
 10
3275.6774
 20
1174.3575
 10
3272.9211
 20
1173.3487
 10
3270.046
 20
1172.6095
 10
3267.0673
 20
1172.1549
 10
3264.0
 20
1172.0
 10
3260.9327
 20
1172.1549
 10
3257.954
 20
1172.6095
 10
3255.0789
 20
1173.3487
 10
3252.3226
 20
1174.3575
 10
3249.7002
 20
1175.6208
 10
3247.2267
 20
1177.1235
 10
3244.9172
 20
1178.8505
 10
3242.7868
 20
1180.7868
 10
3240.8505
 20
1182.9172
 10
3239.1235
 20
1185.2267
 10
3237.6208
 20
1187.7002
 10
3236.3575
 20
1190.3226
 10
3235.3487
 20
1193.0789
 10
3234.6095
 20
1195.954
 10
3234.1549
 20
1198.9327
 10
3234.0
 20
1202.0
 10
3234.1549
 20
1205.0673
 10
3234.6095
 20
1208.046
 10
3235.3487
 20
1210.9211
 10
3236.3575
 20
1213.6774
 10
3237.6208
 20
1216.2998
 10
3239.1235
 20
1218.7733
 10
3240.8505
 20
1221.0828
 10
3242.7868
 20
1223.2132
 10
3244.9172
 20
1225.1495
 10
3247.2267
 20
1226.8765
 10
3249.7002
 20
1228.3792
 10
3252.3226
 20
1229.6425
 10
3255.0789
 20
1230.6513
 10
3257.954
 20
1231.3905
 10
3260.9327
 20
1231.8451
 10
3264.0
 20
1232.0
 10
3267.0673
 20
1231.8451
 10
3270.046
 20
1231.3905
 10
3272.9211
 20
1230.6513
 10
3275.6774
 20
1229.6425
 10
3278.2998
 20
1228.3792
 10
3280.7733
 20
1226.8765
 10
3283.0828
 20
1225.1495
 10
3285.2132
 20
1223.2132
 10
3287.1495
 20
1221.0828
 10
3288.8765
 20
1218.7733
 10
3290.3792
 20
1216.2998
 10
3291.6425
 20
1213.6774
 10
3292.6513
 20
1210.9211
 10
3293.3905
 20
1208.046
 10
3293.8451
 20
1205.0673
 10
3294.0
 20
1202.0
  0
TEXT
  5
A9
330
17
100
AcDbEntity
  8
ETCH
100
AcDbText
 10
3264.0
 20
1102.0
 30
0.0
 40
24.0
  1
P002
 72
1
 11
3264.0
 21
1102.0
 31
0.0
100
AcDbText
 73
2
  0
LWPOLYLINE
  5
AA
330
17
100
AcDbEntity
  8
CUT
100
AcDbPolyline
 90
5
 70
1
 10
2650.0
 20
1266.0
 10
3050.0
 20
1266.0
 10
3050.0
 20
1566.0
 10
2650.0
 20
1566.0
 10
2650.0
 20
1266.0
  0
LWPOLYLINE
  5
AB
330
17
100
AcDbEntity
  8
CUT
100
AcDbPolyline
 90
65
 70
1
 10
2880.0
 20
1516.0
 10
2879.8451
 20
1512.9327
 10
2879.3905
 20
1509.954
 10
2878.6513
 20
1507.0789
 10
2877.6425
 20
1504.3226
 10
2876.3792
 20
1501.7002
 10
2874.8765
 20
1499.2267
 10
2873.1495
 20
1496.9172
 10
2871.2132
 20
1494.7868
 10
2869.0828
 20
1492.8505
 10
2866.7733
 20
1491.1235
 10
2864.2998
 20
1489.6208
 10
2861.6774
 20
1488.3575
 10
2858.9211
 20
1487.3487
 10
2856.046
 20
1486.6095
 10
2853.0673
 20
1486.1549
 10
2850.0
 20
1486.0
 10
2846.9327
 20
1486.1549
 10
2843.954
 20
1486.6095
 10
2841.0789
 20
1487.3487
 10
2838.3226
 20
1488.3575
 10
2835.7002
 20
1489.6208
 10
2833.2267
 20
1491.1235
 10
2830.9172
 20
1492.8505
 10
2828.7868
 20
1494.7868
 10
2826.8505
 20
1496.9172
 10
2825.1235
 20
1499.2267
 10
2823.6208
 20
1501.7002
 10
2822.3575
 20
1504.3226
 10
2821.3487
 20
1507.0789
 10
2820.6095
 20
1509.954
 10
2820.1549
 20
1512.9327
 10
2820.0
 20
1516.0
 10
2820.1549
 20
1519.0673
 10
2820.6095
 20
1522.046
 10
2821.3487
 20
1524.9211
 10
2822.3575
 20
1527.6774
 10
2823.6208
 20
1530.2998
 10
2825.1235
 20
1532.7733
 10
2826.8505
 20
1535.0828
 10
2828.7868
 20
1537.2132
 10
2830.9172
 20
1539.1495
 10
2833.2267
 20
1540.8765
 10
2835.7002
 20
1542.3792
 10
2838.3226
 20
1543.6425
 10
2841.0789
 20
1544.6513
 10
2843.954
 20
1545.3905
 10
2846.9327
 20
1545.8451
 10
2850.0
 20
1546.0
 10
2853.0673
 20
1545.8451
 10
2856.046
 20
1545.3905
 10
2858.9211
 20
1544.6513
 10
2861.6774
 20
1543.6425
 10
2864.2998
 20
1542.3792
 10
2866.7733
 20
1540.8765
 10
2869.0828
 20
1539.1495
 10
2871.2132
 20
1537.2132
 10
2873.1495
 20
1535.0828
 10
2874.8765
 20
1532.7733
 10
2876.3792
 20
1530.2998
 10
2877.6425
 20
1527.6774
 10
2878.6513
 20
1524.9211
 10
2879.3905
 20
1522.046
 10
2879.8451
 20
1519.0673
 10
2880.0
 20
1516.0
  0
TEXT
  5
AC
330
17
100
AcDbEntity
  8
ETCH
100
AcDbText
 10
2850.0
 20
1416.0
 30
0.0
 40
24.0
  1
P002
 72
1
 11
2850.0
 21
1416.0
 31
0.0
100
AcDbText
 73
2
  0
LWPOLYLINE
  5
AD
330
17
100
AcDbEntity
  8
CUT
100
AcDbPolyline
 90
5
 70
1
 10
3064.0
 20
1266.0
 10
3464.0
 20
1266.0
 10
3464.0
 20
1566.0
 10
3064.0
 20
1566.0
 10
3064.0
 20
1266.0
  0
LWPOLYLINE
  5
AE
330
17
100
AcDbEntity
  8
CUT
100
AcDbPolyline
 90
65
 70
1
 10
3294.0
 20
1516.0
 10
3293.8451
 20
1512.9327
 10
3293.3905
 20
1509.954
 10
3292.6513
 20
1507.0789
 10
3291.6425
 20
1504.3226
 10
3290.3792
 20
1501.7002
 10
3288.8765
 20
1499.2267
 10
3287.1495
 20
1496.9172
 10
3285.2132
 20
1494.7868
 10
3283.0828
 20
1492.8505
 10
3280.7733
 20
1491.1235
 10
3278.2998
 20
1489.6208
 10
3275.6774
 20
1488.3575
 10
3272.9211
 20
1487.3487
 10
3270.046
 20
1486.6095
 10
3267.0673
 20
1486.1549
 10
3264.0
 20
1486.0
 10
3260.9327
 20
1486.1549
 10
3257.954
 20
1486.6095
 10
3255.0789
 20
1487.3487
 10
3252.3226
 20
1488.3575
 10
3249.7002
 20
1489.6208
 10
3247.2267
 20
1491.1235
 10
3244.9172
 20
1492.8505
 10
3242.7868
 20
1494.7868
 10
3240.8505
 20
1496.9172
 10
3239.1235
 20
1499.2267
 10
3237.6208
 20
1501.7002
 10
3236.3575
 20
1504.3226
 10
3235.3487
 20
1507.0789
 10
3234.6095
 20
1509.954
 10
3234.1549
 20
1512.9327
 10
3234.0
 20
1516.0
 10
3234.1549
 20
1519.0673
 10
3234.6095
 20
1522.046
 10
3235.3487
 20
1524.9211
 10
3236.3575
 20
1527.6774
 10
3237.6208
 20
1530.2998
 10
3239.1235
 20
1532.7733
 10
3240.8505
 20
1535.0828
 10
3242.7868
 20
1537.2132
 10
3244.9172
 20
1539.1495
 10
3247.2267
 20
1540.8765
 10
3249.7002
 20
1542.3792
 10
3252.3226
 20
1543.6425
 10
3255.0789
 20
1544.6513
 10
3257.954
 20
1545.3905
 10
3260.9327
 20
1545.8451
 10
3264.0
 20
1546.0
 10
3267.0673
 20
1545.8451
 10
3270.046
 20
1545.3905
 10
3272.9211
 20
1544.6513
 10
3275.6774
 20
1543.6425
 10
3278.2998
 20
1542.3792
 10
3280.7733
 20
1540.8765
 10
3283.0828
 20
1539.1495
 10
3285.2132
 20
1537.2132
 10
3287.1495
 20
1535.0828
 10
3288.8765
 20
1532.7733
 10
3290.3792
 20
1530.2998
 10
3291.6425
 20
1527.6774
 10
3292.6513
 20
1524.9211
 10
3293.3905
 20
1522.046
 10
3293.8451
 20
1519.0673
 10
3294.0
 20
1516.0
  0
TEXT
  5
AF
330
17
100
AcDbEntity
  8
ETCH
100
AcDbText
 10
3264.0
 20
1416.0
 30
0.0
 40
24.0
  1
P002
 72
1
 11
3264.0
 21
1416.0
 31
0.0
100
AcDbText
 73
2
  0
LWPOLYLINE
  5
B0
330
17
100
AcDbEntity
  8
CUT
100
AcDbPolyline
 90
5
 70
1
 10
2650.0
 20
1580.0
 10
3050.0
 20
1580.0
 10
3050.0
 20
1880.0
 10
2650.0
 20
1880.0
 10
2650.0
 20
1580.0
  0
LWPOLYLINE
  5
B1
330
17
100
AcDbEntity
  8
CUT
100
AcDbPolyline
 90
65
 70
1
 10
2880.0
 20
1830.0
 10
2879.8451
 20
1826.9327
 10
2879.3905
 20
1823.954
 10
2878.6513
 20
1821.0789
 10
2877.6425
 20
1818.3226
 10
2876.3792
 20
1815.7002
 10
2874.8765
 20
1813.2267
 10
2873.1495
 20
1810.9172
 10
2871.2132
 20
1808.7868
 10
2869.0828
 20
1806.8505
 10
2866.7733
 20
1805.1235
 10
2864.2998
 20
1803.6208
 10
2861.6774
 20
1802.3575
 10
2858.9211
 20
1801.3487
 10
2856.046
 20
1800.6095
 10
2853.0673
 20
1800.1549
 10
2850.0
 20
1800.0
 10
2846.9327
 20
1800.1549
 10
2843.954
 20
1800.6095
 10
2841.0789
 20
1801.3487
 10
2838.3226
 20
1802.3575
 10
2835.7002
 20
1803.6208
 10
2833.2267
 20
1805.1235
 10
2830.9172
 20
1806.8505
 10
2828.7868
 20
1808.7868
 10
2826.8505
 20
1810.9172
 10
2825.1235
 20
1813.2267
 10
2823.6208
 20
1815.7002
 10
2822.3575
 20
1818.3226
 10
2821.3487
 20
1821.0789
 10
2820.6095
 20
1823.954
 10
2820.1549
 20
1826.9327
 10
2820.0
 20
1830.0
 10
2820.1549
 20
1833.0673
 10
2820.6095
 20
1836.046
 10
2821.3487
 20
1838.9211
 10
2822.3575
 20
1841.6774
 10
2823.6208
 20
1844.2998
 10
2825.1235
 20
1846.7733
 10
2826.8505
 20
1849.0828
 10
2828.7868
 20
1851.2132
 10
2830.9172
 20
1853.1495
 10
2833.2267
 20
1854.8765
 10
2835.7002
 20
1856.3792
 10
2838.3226
 20
1857.6425
 10
2841.0789
 20
1858.6513
 10
2843.954
 20
1859.3905
 10
2846.9327
 20
1859.8451
 10
2850.0
 20
1860.0
 10
2853.0673
 20
1859.8451
 10
2856.046
 20
1859.3905
 10
2858.9211
 20
1858.6513
 10
2861.6774
 20
1857.6425
 10
2864.2998
 20
1856.3792
 10
2866.7733
 20
1854.8765
 10
2869.0828
 20
1853.1495
 10
2871.2132
 20
1851.2132
 10
2873.1495
 20
1849.0828
 10
2874.8765
 20
1846.7733
 10
2876.3792
 20
1844.2998
 10
2877.6425
 20
1841.6774
 10
2878.6513
 20
1838.9211
 10
2879.3905
 20
1836.046
 10
2879.8451
 20
1833.0673
 10
2880.0
 20
1830.0
  0
TEXT
  5
B2
330
17
100
AcDbEntity
  8
ETCH
100
AcDbText
 10
2850.0
 20
1730.0
 30
0.0
 40
24.0
  1
P002
 72
1
 11
2850.0
 21
1730.0
 31
0.0
100
AcDbText
 73
2
  0
LWPOLYLINE
  5
B3
330
17
100
AcDbEntity
  8
CUT
100
AcDbPolyline
 90
5
 70
1
 10
3064.0
 20
1580.0
 10
3464.0
 20
1580.0
 10
3464.0
 20
1880.0
 10
3064.0
 20
1880.0
 10
3064.0
 20
1580.0
  0
LWPOLYLINE
  5
B4
330
17
100
AcDbEntity
  8
CUT
100
AcDbPolyline
 90
65
 70
1
 10
3294.0
 20
1830.0
 10
3293.8451
 20
1826.9327
 10
3293.3905
 20
1823.954
 10
3292.6513
 20
1821.0789
 10
3291.6425
 20
1818.3226
 10
3290.3792
 20
1815.7002
 10
3288.8765
 20
1813.2267
 10
3287.1495
 20
1810.9172
 10
3285.2132
 20
1808.7868
 10
3283.0828
 20
1806.8505
 10
3280.7733
 20
1805.1235
 10
3278.2998
 20
1803.6208
 10
3275.6774
 20
1802.3575
 10
3272.9211
 20
1801.3487
 10
3270.046
 20
1800.6095
 10
3267.0673
 20
1800.1549
 10
3264.0
 20
1800.0
 10
3260.9327
 20
1800.1549
 10
3257.954
 20
1800.6095
 10
3255.0789
 20
1801.3487
 10
3252.3226
 20
1802.3575
 10
3249.7002
 20
1803.6208
 10
3247.2267
 20
1805.1235
 10
3244.9172
 20
1806.8505
 10
3242.7868
 20
1808.7868
 10
3240.8505
 20
1810.9172
 10
3239.1235
 20
1813.2267
 10
3237.6208
 20
1815.7002
 10
3236.3575
 20
1818.3226
 10
3235.3487
 20
1821.0789
 10
3234.6095
 20
1823.954
 10
3234.1549
 20
1826.9327
 10
3234.0
 20
1830.0
 10
3234.1549
 20
1833.0673
 10
3234.6095
 20
1836.046
 10
3235.3487
 20
1838.9211
 10
3236.3575
 20
1841.6774
 10
3237.6208
 20
1844.2998
 10
3239.1235
 20
1846.7733
 10
3240.8505
 20
1849.0828
 10
3242.7868
 20
1851.2132
 10
3244.9172
 20
1853.1495
 10
3247.2267
 20
1854.8765
 10
3249.7002
 20
1856.3792
 10
3252.3226
 20
1857.6425
 10
3255.0789
 20
1858.6513
 10
3257.954
 20
1859.3905
 10
3260.9327
 20
1859.8451
 10
3264.0
 20
1860.0
 10
3267.0673
 20
1859.8451
 10
3270.046
 20
1859.3905
 10
3272.9211
 20
1858.6513
 10
3275.6774
 20
1857.6425
 10
3278.2998
 20
1856.3792
 10
3280.7733
 20
1854.8765
 10
3283.0828
 20
1853.1495
 10
3285.2132
 20
1851.2132
 10
3287.1495
 20
1849.0828
 10
3288.8765
 20
1846.7733
 10
3290.3792
 20
1844.2998
 10
3291.6425
 20
1841.6774
 10
3292.6513
 20
1838.9211
 10
3293.3905
 20
1836.046
 10
3293.8451
 20
1833.0673
 10
3294.0
 20
1830.0
  0
TEXT
  5
B5
330
17
100
AcDbEntity
  8
ETCH
100
AcDbText
 10
3264.0
 20
1730.0
 30
0.0
 40
24.0
  1
P002
 72
1
 11
3264.0
 21
1730.0
 31
0.0
100
AcDbText
 73
2
  0
LWPOLYLINE
  5
B6
330
17
100
AcDbEntity
  8
CUT
100
AcDbPolyline
 90
5
 70
1
 10
2650.0
 20
1894.0
 10
3050.0
 20
1894.0
 10
3050.0
 20
2194.0
 10
2650.0
 20
2194.0
 10
2650.0
 20
1894.0
  0
LWPOLYLINE
  5
B7
330
17
100
AcDbEntity
  8
CUT
100
AcDbPolyline
 90
65
 70
1
 10
2880.0
 20
2144.0
 10
2879.8451
 20
2140.9327
 10
2879.3905
 20
2137.954
 10
2878.6513
 20
2135.0789
 10
2877.6425
 20
2132.3226
 10
2876.3792
 20
2129.7002
 10
2874.8765
 20
2127.2267
 10
2873.1495
 20
2124.9172
 10
2871.2132
 20
2122.7868
 10
2869.0828
 20
2120.8505
 10
2866.7733
 20
2119.1235
 10
2864.2998
 20
2117.6208
 10
2861.6774
 20
2116.3575
 10
2858.9211
 20
2115.3487
 10
2856.046
 20
2114.6095
 10
2853.0673
 20
2114.1549
 10
2850.0
 20
2114.0
 10
2846.9327
 20
2114.1549
 10
2843.954
 20
2114.6095
 10
2841.0789
 20
2115.3487
 10
2838.3226
 20
2116.3575
 10
2835.7002
 20
2117.6208
 10
2833.2267
 20
2119.1235
 10
2830.9172
 20
2120.8505
 10
2828.7868
 20
2122.7868
 10
2826.8505
 20
2124.9172
 10
2825.1235
 20
2127.2267
 10
2823.6208
 20
2129.7002
 10
2822.3575
 20
2132.3226
 10
2821.3487
 20
2135.0789
 10
2820.6095
 20
2137.954
 10
2820.1549
 20
2140.9327
 10
2820.0
 20
2144.0
 10
2820.1549
 20
2147.0673
 10
2820.6095
 20
2150.046
 10
2821.3487
 20
2152.9211
 10
2822.3575
 20
2155.6774
 10
2823.6208
 20
2158.2998
 10
2825.1235
 20
2160.7733
 10
2826.8505
 20
2163.0828
 10
2828.7868
 20
2165.2132
 10
2830.9172
 20
2167.1495
 10
2833.2267
 20
2168.8765
 10
2835.7002
 20
2170.3792
 10
2838.3226
 20
2171.6425
 10
2841.0789
 20
2172.6513
 10
2843.954
 20
2173.3905
 10
2846.9327
 20
2173.8451
 10
2850.0
 20
2174.0
 10
2853.0673
 20
2173.8451
 10
2856.046
 20
2173.3905
 10
2858.9211
 20
2172.6513
 10
2861.6774
 20
2171.6425
 10
2864.2998
 20
2170.3792
 10
2866.7733
 20
2168.8765
 10
2869.0828
 20
2167.1495
 10
2871.2132
 20
2165.2132
 10
2873.1495
 20
2163.0828
 10
2874.8765
 20
2160.7733
 10
2876.3792
 20
2158.2998
 10
2877.6425
 20
2155.6774
 10
2878.6513
 20
2152.9211
 10
2879.3905
 20
2150.046
 10
2879.8451
 20
2147.0673
 10
2880.0
 20
2144.0
  0
TEXT
  5
B8
330
17
100
AcDbEntity
  8
ETCH
100
AcDbText
 10
2850.0
 20
2044.0
 30
0.0
 40
24.0
  1
P002
 72
1
 11
2850.0
 21
2044.0
 31
0.0
100
AcDbText
 73
2
  0
LWPOLYLINE
  5
B9
330
17
100
AcDbEntity
  8
CUT
100
AcDbPolyline
 90
5
 70
1
 10
3064.0
 20
1894.0
 10
3464.0
 20
1894.0
 10
3464.0
 20
2194.0
 10
3064.0
 20
2194.0
 10
3064.0
 20
1894.0
  0
LWPOLYLINE
  5
BA
330
17
100
AcDbEntity
  8
CUT
100
AcDbPolyline
 90
65
 70
1
 10
3294.0
 20
2144.0
 10
3293.8451
 20
2140.9327
 10
3293.3905
 20
2137.954
 10
3292.6513
 20
2135.0789
 10
3291.6425
 20
2132.3226
 10
3290.3792
 20
2129.7002
 10
3288.8765
 20
2127.2267
 10
3287.1495
 20
2124.9172
 10
3285.2132
 20
2122.7868
 10
3283.0828
 20
2120.8505
 10
3280.7733
 20
2119.1235
 10
3278.2998
 20
2117.6208
 10
3275.6774
 20
2116.3575
 10
3272.9211
 20
2115.3487
 10
3270.046
 20
2114.6095
 10
3267.0673
 20
2114.1549
 10
3264.0
 20
2114.0
 10
3260.9327
 20
2114.1549
 10
3257.954
 20
2114.6095
 10
3255.0789
 20
2115.3487
 10
3252.3226
 20
2116.3575
 10
3249.7002
 20
2117.6208
 10
3247.2267
 20
2119.1235
 10
3244.9172
 20
2120.8505
 10
3242.7868
 20
2122.7868
 10
3240.8505
 20
2124.9172
 10
3239.1235
 20
2127.2267
 10
3237.6208
 20
2129.7002
 10
3236.3575
 20
2132.3226
 10
3235.3487
 20
2135.0789
 10
3234.6095
 20
2137.954
 10
3234.1549
 20
2140.9327
 10
3234.0
 20
2144.0
 10
3234.1549
 20
2147.0673
 10
3234.6095
 20
2150.046
 10
3235.3487
 20
2152.9211
 10
3236.3575
 20
2155.6774
 10
3237.6208
 20
2158.2998
 10
3239.1235
 20
2160.7733
 10
3240.8505
 20
2163.0828
 10
3242.7868
 20
2165.2132
 10
3244.9172
 20
2167.1495
 10
3247.2267
 20
2168.8765
 10
3249.7002
 20
2170.3792
 10
3252.3226
 20
2171.6425
 10
3255.0789
 20
2172.6513
 10
3257.954
 20
2173.3905
 10
3260.9327
 20
2173.8451
 10
3264.0
 20
2174.0
 10
3267.0673
 20
2173.8451
 10
3270.046
 20
2173.3905
 10
3272.9211
 20
2172.6513
 10
3275.6774
 20
2171.6425
 10
3278.2998
 20
2170.3792
 10
3280.7733
 20
2168.8765
 10
3283.0828
 20
2167.1495
 10
3285.2132
 20
2165.2132
 10
3287.1495
 20
2163.0828
 10
3288.8765
 20
2160.7733
 10
3290.3792
 20
2158.2998
 10
3291.6425
 20
2155.6774
 10
3292.6513
 20
2152.9211
 10
3293.3905
 20
2150.046
 10
3293.8451
 20
2147.0673
 10
3294.0
 20
2144.0
  0
TEXT
  5
BB
330
17
100
AcDbEntity
  8
ETCH
100
AcDbText
 10
3264.0
 20
2044.0
 30
0.0
 40
24.0
  1
P002
 72
1
 11
3264.0
 21
2044.0
 31
0.0
100
AcDbText
 73
2
  0
LWPOLYLINE
  5
BC
330
17
100
AcDbEntity
  8
OFFCUT
100
AcDbPolyline
 90
35
 70
1
 10
2650.0
 20
2430.0
 10
3850.0
 20
2430.0
 10
3850.0
 20
10.0
 10
3464.0
 20
10.0
 10
3464.0
 20
310.0
 10
3064.0
 20
310.0
 10
3064.0
 20
10.0
 10
3050.0
 20
10.0
 10
3050.0
 20
310.0
 10
2650.0
 20
310.0
 10
2650.0
 20
324.0
 10
3050.0
 20
324.0
 10
3050.0
 20
624.0
 10
2650.0
 20
624.0
 10
2650.0
 20
638.0
 10
3050.0
 20
638.0
 10
3050.0
 20
938.0
 10
2650.0
 20
938.0
 10
2650.0
 20
952.0
 10
3050.0
 20
952.0
 10
3050.0
 20
1252.0
 10
2650.0
 20
1252.0
 10
2650.0
 20
1266.0
 10
3050.0
 20
1266.0
 10
3050.0
 20
1566.0
 10
2650.0
 20
1566.0
 10
2650.0
 20
1580.0
 10
3050.0
 20
1580.0
 10
3050.0
 20
1880.0
 10
2650.0
 20
1880.0
 10
2650.0
 20
1894.0
 10
3050.0
 20
1894.0
 10
3050.0
 20
2194.0
 10
2650.0
 20
2194.0
 10
2650.0
 20
2430.0
  0
LWPOLYLINE
  5
BD
330
17
100
AcDbEntity
  8
OFFCUT
100
AcDbPolyline
 90
5
 70
1
 10
3464.0
 20
324.0
 10
3464.0
 20
624.0
 10
3064.0
 20
624.0
 10
3064.0
 20
324.0
 10
3464.0
 20
324.0
  0
LWPOLYLINE
  5
BE
330
17
100
AcDbEntity
  8
OFFCUT
100
AcDbPolyline
 90
5
 70
1
 10
3464.0
 20
638.0
 10
3464.0
 20
938.0
 10
3064.0
 20
938.0
 10
3064.0
 20
638.0
 10
3464.0
 20
638.0
  0
LWPOLYLINE
  5
BF
330
17
100
AcDbEntity
  8
OFFCUT
100
AcDbPolyline
 90
5
 70
1
 10
3464.0
 20
952.0
 10
3464.0
 20
1252.0
 10
3064.0
 20
1252.0
 10
3064.0
 20
952.0
 10
3464.0
 20
952.0
  0
LWPOLYLINE
  5
C0
330
17
100
AcDbEntity
  8
OFFCUT
100
AcDbPolyline
 90
5
 70
1
 10
3464.0
 20
1266.0
 10
3464.0
 20
1566.0
 10
3064.0
 20
1566.0
 10
3064.0
 20
1266.0
 10
3464.0
 20
1266.0
  0
LWPOLYLINE
  5
C1
330
17
100
AcDbEntity
  8
OFFCUT
100
AcDbPolyline
 90
5
 70
1
 10
3464.0
 20
1580.0
 10
3464.0
 20
1880.0
 10
3064.0
 20
1880.0
 10
3064.0
 20
1580.0
 10
3464.0
 20
1580.0
  0
LWPOLYLINE
  5
C2
330
17
100
AcDbEntity
  8
OFFCUT
100
AcDbPolyline
 90
5
 70
1
 10
3464.0
 20
1894.0
 10
3464.0
 20
2194.0
 10
3064.0
 20
2194.0
 10
3064.0
 20
1894.0
 10
3464.0
 20
1894.0
  0
LWPOLYLINE
  5
C3
330
17
100
AcDbEntity
  8
OFFCUT
100
AcDbPolyline
 90
5
 70
1
 10
824.0
 20
324.0
 10
824.0
 20
624.0
 10
424.0
 20
624.0
 10
424.0
 20
324.0
 10
824.0
 20
324.0
  0
LWPOLYLINE
  5
C4
330
17
100
AcDbEntity
  8
OFFCUT
100
AcDbPolyline
 90
5
 70
1
 10
824.0
 20
638.0
 10
824.0
 20
938.0
 10
424.0
 20
938.0
 10
424.0
 20
638.0
 10
824.0
 20
638.0
  0
LWPOLYLINE
  5
C5
330
17
100
AcDbEntity
  8
OFFCUT
100
AcDbPolyline
 90
5
 70
1
 10
824.0
 20
952.0
 10
824.0
 20
1252.0
 10
424.0
 20
1252.0
 10
424.0
 20
952.0
 10
824.0
 20
952.0
  0
LWPOLYLINE
  5
C6
330
17
100
AcDbEntity
  8
OFFCUT
100
AcDbPolyline
 90
5
 70
1
 10
824.0
 20
1266.0
 10
824.0
 20
1566.0
 10
424.0
 20
1566.0
 10
424.0
 20
1266.0
 10
824.0
 20
1266.0
  0
LWPOLYLINE
  5
C7
330
17
100
AcDbEntity
  8
OFFCUT
100
AcDbPolyline
 90
5
 70
1
 10
824.0
 20
1580.0
 10
824.0
 20
1880.0
 10
424.0
 20
1880.0
 10
424.0
 20
1580.0
 10
824.0
 20
1580.0
  0
LWPOLYLINE
  5
C8
330
17
100
AcDbEntity
  8
OFFCUT
100
AcDbPolyline
 90
5
 70
1
 10
824.0
 20
1894.0
 10
824.0
 20
2194.0
 10
424.0
 20
2194.0
 10
424.0
 20
1894.0
 10
824.0
 20
1894.0
  0
TEXT
  5
C9
330
17
100
AcDbEntity
  8
INFO
100
AcDbText
 10
2640.0
 20
2480.0
 30
0.0
 40
25.0
  1
SYMMETRY-FIRST - SHEET 3 - repeating_batch.dxf
 11
2640.0
 21
2480.0
 31
0.0
100
AcDbText
  0
LWPOLYLINE
  5
CA
330
17
100
AcDbEntity
  8
CNC_BOUNDARY
100
AcDbPolyline
 90
4
 70
1
 10
3960.0
 20
0.0
 10
5180.0
 20
0.0
 10
5180.0
 20
2440.0
 10
3960.0
 20
2440.0
  0
LWPOLYLINE
  5
CB
330
17
100
AcDbEntity
  8
CUT
100
AcDbPolyline
 90
5
 70
1
 10
3970.0
 20
10.0
 10
4370.0
 20
10.0
 10
4370.0
 20
310.0
 10
3970.0
 20
310.0
 10
3970.0
 20
10.0
  0
LWPOLYLINE
  5
CC
330
17
100
AcDbEntity
  8
CUT
100
AcDbPolyline
 90
65
 70
1
 10
4200.0
 20
260.0
 10
4199.8451
 20
256.9327
 10
4199.3905
 20
253.954
 10
4198.6513
 20
251.0789
 10
4197.6425
 20
248.3226
 10
4196.3792
 20
245.7002
 10
4194.8765
 20
243.2267
 10
4193.1495
 20
240.9172
 10
4191.2132
 20
238.7868
 10
4189.0828
 20
236.8505
 10
4186.7733
 20
235.1235
 10
4184.2998
 20
233.6208
 10
4181.6774
 20
232.3575
 10
4178.9211
 20
231.3487
 10
4176.046
 20
230.6095
 10
4173.0673
 20
230.1549
 10
4170.0
 20
230.0
 10
4166.9327
 20
230.1549
 10
4163.954
 20
230.6095
 10
4161.0789
 20
231.3487
 10
4158.3226
 20
232.3575
 10
4155.7002
 20
233.6208
 10
4153.2267
 20
235.1235
 10
4150.9172
 20
236.8505
 10
4148.7868
 20
238.7868
 10
4146.8505
 20
240.9172
 10
4145.1235
 20
243.2267
 10
4143.6208
 20
245.7002
 10
4142.3575
 20
248.3226
 10
4141.3487
 20
251.0789
 10
4140.6095
 20
253.954
 10
4140.1549
 20
256.9327
 10
4140.0
 20
260.0
 10
4140.1549
 20
263.0673
 10
4140.6095
 20
266.046
 10
4141.3487
 20
268.9211
 10
4142.3575
 20
271.6774
 10
4143.6208
 20
274.2998
 10
4145.1235
 20
276.7733
 10
4146.8505
 20
279.0828
 10
4148.7868
 20
281.2132
 10
4150.9172
 20
283.1495
 10
4153.2267
 20
284.8765
 10
4155.7002
 20
286.3792
 10
4158.3226
 20
287.6425
 10
4161.0789
 20
288.6513
 10
4163.954
 20
289.3905
 10
4166.9327
 20
289.8451
 10
4170.0
 20
290.0
 10
4173.0673
 20
289.8451
 10
4176.046
 20
289.3905
 10
4178.9211
 20
288.6513
 10
4181.6774
 20
287.6425
 10
4184.2998
 20
286.3792
 10
4186.7733
 20
284.8765
 10
4189.0828
 20
283.1495
 10
4191.2132
 20
281.2132
 10
4193.1495
 20
279.0828
 10
4194.8765
 20
276.7733
 10
4196.3792
 20
274.2998
 10
4197.6425
 20
271.6774
 10
4198.6513
 20
268.9211
 10
4199.3905
 20
266.046
 10
4199.8451
 20
263.0673
 10
4200.0
 20
260.0
  0
TEXT
  5
CD
330
17
100
AcDbEntity
  8
ETCH
100
AcDbText
 10
4170.0
 20
160.0
 30
0.0
 40
24.0
  1
P002
 72
1
 11
4170.0
 21
160.0
 31
0.0
100
AcDbText
 73
2
  0
LWPOLYLINE
  5
CE
330
17
100
AcDbEntity
  8
CUT
100
AcDbPolyline
 90
5
 70
1
 10
4384.0
 20
10.0
 10
4784.0
 20
10.0
 10
4784.0
 20
310.0
 10
4384.0
 20
310.0
 10
4384.0
 20
10.0
  0
LWPOLYLINE
  5
CF
330
17
100
AcDbEntity
  8
CUT
100
AcDbPolyline
 90
65
 70
1
 10
4614.0
 20
260.0
 10
4613.8451
 20
256.9327
 10
4613.3905
 20
253.954
 10
4612.6513
 20
251.0789
 10
4611.6425
 20
248.3226
 10
4610.3792
 20
245.7002
 10
4608.8765
 20
243.2267
 10
4607.1495
 20
240.9172
 10
4605.2132
 20
238.7868
 10
4603.0828
 20
236.8505
 10
4600.7733
 20
235.1235
 10
4598.2998
 20
233.6208
 10
4595.6774
 20
232.3575
 10
4592.9211
 20
231.3487
 10
4590.046
 20
230.6095
 10
4587.0673
 20
230.1549
 10
4584.0
 20
230.0
 10
4580.9327
 20
230.1549
 10
4577.954
 20
230.6095
 10
4575.0789
 20
231.3487
 10
4572.3226
 20
232.3575
 10
4569.7002
 20
233.6208
 10
4567.2267
 20
235.1235
 10
4564.9172
 20
236.8505
 10
4562.7868
 20
238.7868
 10
4560.8505
 20
240.9172
 10
4559.1235
 20
243.2267
 10
4557.6208
 20
245.7002
 10
4556.3575
 20
248.3226
 10
4555.3487
 20
251.0789
 10
4554.6095
 20
253.954
 10
4554.1549
 20
256.9327
 10
4554.0
 20
260.0
 10
4554.1549
 20
263.0673
 10
4554.6095
 20
266.046
 10
4555.3487
 20
268.9211
 10
4556.3575
 20
271.6774
 10
4557.6208
 20
274.2998
 10
4559.1235
 20
276.7733
 10
4560.8505
 20
279.0828
 10
4562.7868
 20
281.2132
 10
4564.9172
 20
283.1495
 10
4567.2267
 20
284.8765
 10
4569.7002
 20
286.3792
 10
4572.3226
 20
287.6425
 10
4575.0789
 20
288.6513
 10
4577.954
 20
289.3905
 10
4580.9327
 20
289.8451
 10
4584.0
 20
290.0
 10
4587.0673
 20
289.8451
 10
4590.046
 20
289.3905
 10
4592.9211
 20
288.6513
 10
4595.6774
 20
287.6425
 10
4598.2998
 20
286.3792
 10
4600.7733
 20
284.8765
 10
4603.0828
 20
283.1495
 10
4605.2132
 20
281.2132
 10
4607.1495
 20
279.0828
 10
4608.8765
 20
276.7733
 10
4610.3792
 20
274.2998
 10
4611.6425
 20
271.6774
 10
4612.6513
 20
268.9211
 10
4613.3905
 20
266.046
 10
4613.8451
 20
263.0673
 10
4614.0
 20
260.0
  0
TEXT
  5
D0
330
17
100
AcDbEntity
  8
ETCH
100
AcDbText
 10
4584.0
 20
160.0
 30
0.0
 40
24.0
  1
P002
 72
1
 11
4584.0
 21
160.0
 31
0.0
100
AcDbText
 73
2
  0
LWPOLYLINE
  5
D1
330
17
100
AcDbEntity
  8
CUT
100
AcDbPolyline
 90
5
 70
1
 10
3970.0
 20
324.0
 10
4370.0
 20
324.0
 10
4370.0
 20
624.0
 10
3970.0
 20
624.0
 10
3970.0
 20
324.0
  0
LWPOLYLINE
  5
D2
330
17
100
AcDbEntity
  8
CUT
100
AcDbPolyline
 90
65
 70
1
 10
4200.0
 20
574.0
 10
4199.8451
 20
570.9327
 10
4199.3905
 20
567.954
 10
4198.6513
 20
565.0789
 10
4197.6425
 20
562.3226
 10
4196.3792
 20
559.7002
 10
4194.8765
 20
557.2267
 10
4193.1495
 20
554.9172
 10
4191.2132
 20
552.7868
 10
4189.0828
 20
550.8505
 10
4186.7733
 20
549.1235
 10
4184.2998
 20
547.6208
 10
4181.6774
 20
546.3575
 10
4178.9211
 20
545.3487
 10
4176.046
 20
544.6095
 10
4173.0673
 20
544.1549
 10
4170.0
 20
544.0
 10
4166.9327
 20
544.1549
 10
4163.954
 20
544.6095
 10
4161.0789
 20
545.3487
 10
4158.3226
 20
546.3575
 10
4155.7002
 20
547.6208
 10
4153.2267
 20
549.1235
 10
4150.9172
 20
550.8505
 10
4148.7868
 20
552.7868
 10
4146.8505
 20
554.9172
 10
4145.1235
 20
557.2267
 10
4143.6208
 20
559.7002
 10
4142.3575
 20
562.3226
 10
4141.3487
 20
565.0789
 10
4140.6095
 20
567.954
 10
4140.1549
 20
570.9327
 10
4140.0
 20
574.0
 10
4140.1549
 20
577.0673
 10
4140.6095
 20
580.046
 10
4141.3487
 20
582.9211
 10
4142.3575
 20
585.6774
 10
4143.6208
 20
588.2998
 10
4145.1235
 20
590.7733
 10
4146.8505
 20
593.0828
 10
4148.7868
 20
595.2132
 10
4150.9172
 20
597.1495
 10
4153.2267
 20
598.8765
 10
4155.7002
 20
600.3792
 10
4158.3226
 20
601.6425
 10
4161.0789
 20
602.6513
 10
4163.954
 20
603.3905
 10
4166.9327
 20
603.8451
 10
4170.0
 20
604.0
 10
4173.0673
 20
603.8451
 10
4176.046
 20
603.3905
 10
4178.9211
 20
602.6513
 10
4181.6774
 20
601.6425
 10
4184.2998
 20
600.3792
 10
4186.7733
 20
598.8765
 10
4189.0828
 20
597.1495
 10
4191.2132
 20
595.2132
 10
4193.1495
 20
593.0828
 10
4194.8765
 20
590.7733
 10
4196.3792
 20
588.2998
 10
4197.6425
 20
585.6774
 10
4198.6513
 20
582.9211
 10
4199.3905
 20
580.046
 10
4199.8451
 20
577.0673
 10
4200.0
 20
574.0
  0
TEXT
  5
D3
330
17
100
AcDbEntity
  8
ETCH
100
AcDbText
 10
4170.0
 20
474.0
 30
0.0
 40
24.0
  1
P002
 72
1
 11
4170.0
 21
474.0
 31
0.0
100
AcDbText
 73
2
  0
LWPOLYLINE
  5
D4
330
17
100
AcDbEntity
  8
CUT
100
AcDbPolyline
 90
5
 70
1
 10
4384.0
 20
324.0
 10
4784.0
 20
324.0
 10
4784.0
 20
624.0
 10
4384.0
 20
624.0
 10
4384.0
 20
324.0
  0
LWPOLYLINE
  5
D5
330
17
100
AcDbEntity
  8
CUT
100
AcDbPolyline
 90
65
 70
1
 10
4614.0
 20
574.0
 10
4613.8451
 20
570.9327
 10
4613.3905
 20
567.954
 10
4612.6513
 20
565.0789
 10
4611.6425
 20
562.3226
 10
4610.3792
 20
559.7002
 10
4608.8765
 20
557.2267
 10
4607.1495
 20
554.9172
 10
4605.2132
 20
552.7868
 10
4603.0828
 20
550.8505
 10
4600.7733
 20
549.1235
 10
4598.2998
 20
547.6208
 10
4595.6774
 20
546.3575
 10
4592.9211
 20
545.3487
 10
4590.046
 20
544.6095
 10
4587.0673
 20
544.1549
 10
4584.0
 20
544.0
 10
4580.9327
 20
544.1549
 10
4577.954
 20
544.6095
 10
4575.0789
 20
545.3487
 10
4572.3226
 20
546.3575
 10
4569.7002
 20
547.6208
 10
4567.2267
 20
549.1235
 10
4564.9172
 20
550.8505
 10
4562.7868
 20
552.7868
 10
4560.8505
 20
554.9172
 10
4559.1235
 20
557.2267
 10
4557.6208
 20
559.7002
 10
4556.3575
 20
562.3226
 10
4555.3487
 20
565.0789
 10
4554.6095
 20
567.954
 10
4554.1549
 20
570.9327
 10
4554.0
 20
574.0
 10
4554.1549
 20
577.0673
 10
4554.6095
 20
580.046
 10
4555.3487
 20
582.9211
 10
4556.3575
 20
585.6774
 10
4557.6208
 20
588.2998
 10
4559.1235
 20
590.7733
 10
4560.8505
 20
593.0828
 10
4562.7868
 20
595.2132
 10
4564.9172
 20
597.1495
 10
4567.2267
 20
598.8765
 10
4569.7002
 20
600.3792
 10
4572.3226
 20
601.6425
 10
4575.0789
 20
602.6513
 10
4577.954
 20
603.3905
 10
4580.9327
 20
603.8451
 10
4584.0
 20
604.0
 10
4587.0673
 20
603.8451
 10
4590.046
 20
603.3905
 10
4592.9211
 20
602.6513
 10
4595.6774
 20
601.6425
 10
4598.2998
 20
600.3792
 10
4600.7733
 20
598.8765
 10
4603.0828
 20
597.1495
 10
4605.2132
 20
595.2132
 10
4607.1495
 20
593.0828
 10
4608.8765
 20
590.7733
 10
4610.3792
 20
588.2998
 10
4611.6425
 20
585.6774
 10
4612.6513
 20
582.9211
 10
4613.3905
 20
580.046
 10
4613.8451
 20
577.0673
 10
4614.0
 20
574.0
  0
TEXT
  5
D6
330
17
100
AcDbEntity
  8
ETCH
100
AcDbText
 10
4584.0
 20
474.0
 30
0.0
 40
24.0
  1
P002
 72
1
 11
4584.0
 21
474.0
 31
0.0
100
AcDbText
 73
2
  0
LWPOLYLINE
  5
D7
330
17
100
AcDbEntity
  8
CUT
100
AcDbPolyline
 90
5
 70
1
 10
3970.0
 20
638.0
 10
4370.0
 20
638.0
 10
4370.0
 20
938.0
 10
3970.0
 20
938.0
 10
3970.0
 20
638.0
  0
LWPOLYLINE
  5
D8
330
17
100
AcDbEntity
  8
CUT
100
AcDbPolyline
 90
65
 70
1
 10
4200.0
 20
888.0
 10
4199.8451
 20
884.9327
 10
4199.3905
 20
881.954
 10
4198.6513
 20
879.0789
 10
4197.6425
 20
876.3226
 10
4196.3792
 20
873.7002
 10
4194.8765
 20
871.2267
 10
4193.1495
 20
868.9172
 10
4191.2132
 20
866.7868
 10
4189.0828
 20
864.8505
 10
4186.7733
 20
863.1235
 10
4184.2998
 20
861.6208
 10
4181.6774
 20
860.3575
 10
4178.9211
 20
859.3487
 10
4176.046
 20
858.6095
 10
4173.0673
 20
858.1549
 10
4170.0
 20
858.0
 10
4166.9327
 20
858.1549
 10
4163.954
 20
858.6095
 10
4161.0789
 20
859.3487
 10
4158.3226
 20
860.3575
 10
4155.7002
 20
861.6208
 10
4153.2267
 20
863.1235
 10
4150.9172
 20
864.8505
 10
4148.7868
 20
866.7868
 10
4146.8505
 20
868.9172
 10
4145.1235
 20
871.2267
 10
4143.6208
 20
873.7002
 10
4142.3575
 20
876.3226
 10
4141.3487
 20
879.0789
 10
4140.6095
 20
881.954
 10
4140.1549
 20
884.9327
 10
4140.0
 20
888.0
 10
4140.1549
 20
891.0673
 10
4140.6095
 20
894.046
 10
4141.3487
 20
896.9211
 10
4142.3575
 20
899.6774
 10
4143.6208
 20
902.2998
 10
4145.1235
 20
904.7733
 10
4146.8505
 20
907.0828
 10
4148.7868
 20
909.2132
 10
4150.9172
 20
911.1495
 10
4153.2267
 20
912.8765
 10
4155.7002
 20
914.3792
 10
4158.3226
 20
915.6425
 10
4161.0789
 20
916.6513
 10
4163.954
 20
917.3905
 10
4166.9327
 20
917.8451
 10
4170.0
 20
918.0
 10
4173.0673
 20
917.8451
 10
4176.046
 20
917.3905
 10
4178.9211
 20
916.6513
 10
4181.6774
 20
915.6425
 10
4184.2998
 20
914.3792
 10
4186.7733
 20
912.8765
 10
4189.0828
 20
911.1495
 10
4191.2132
 20
909.2132
 10
4193.1495
 20
907.0828
 10
4194.8765
 20
904.7733
 10
4196.3792
 20
902.2998
 10
4197.6425
 20
899.6774
 10
4198.6513
 20
896.9211
 10
4199.3905
 20
894.046
 10
4199.8451
 20
891.0673
 10
4200.0
 20
888.0
  0
TEXT
  5
D9
330
17
100
AcDbEntity
  8
ETCH
100
AcDbText
 10
4170.0
 20
788.0
 30
0.0
 40
24.0
  1
P002
 72
1
 11
4170.0
 21
788.0
 31
0.0
100
AcDbText
 73
2
  0
LWPOLYLINE
  5
DA
330
17
100
AcDbEntity
  8
CUT
100
AcDbPolyline
 90
5
 70
1
 10
4384.0
 20
638.0
 10
4784.0
 20
638.0
 10
4784.0
 20
938.0
 10
4384.0
 20
938.0
 10
4384.0
 20
638.0
  0
LWPOLYLINE
  5
DB
330
17
100
AcDbEntity
  8
CUT
100
AcDbPolyline
 90
65
 70
1
 10
4614.0
 20
888.0
 10
4613.8451
 20
884.9327
 10
4613.3905
 20
881.954
 10
4612.6513
 20
879.0789
 10
4611.6425
 20
876.3226
 10
4610.3792
 20
873.7002
 10
4608.8765
 20
871.2267
 10
4607.1495
 20
868.9172
 10
4605.2132
 20
866.7868
 10
4603.0828
 20
864.8505
 10
4600.7733
 20
863.1235
 10
4598.2998
 20
861.6208
 10
4595.6774
 20
860.3575
 10
4592.9211
 20
859.3487
 10
4590.046
 20
858.6095
 10
4587.0673
 20
858.1549
 10
4584.0
 20
858.0
 10
4580.9327
 20
858.1549
 10
4577.954
 20
858.6095
 10
4575.0789
 20
859.3487
 10
4572.3226
 20
860.3575
 10
4569.7002
 20
861.6208
 10
4567.2267
 20
863.1235
 10
4564.9172
 20
864.8505
 10
4562.7868
 20
866.7868
 10
4560.8505
 20
868.9172
 10
4559.1235
 20
871.2267
 10
4557.6208
 20
873.7002
 10
4556.3575
 20
876.3226
 10
4555.3487
 20
879.0789
 10
4554.6095
 20
881.954
 10
4554.1549
 20
884.9327
 10
4554.0
 20
888.0
 10
4554.1549
 20
891.0673
 10
4554.6095
 20
894.046
 10
4555.3487
 20
896.9211
 10
4556.3575
 20
899.6774
 10
4557.6208
 20
902.2998
 10
4559.1235
 20
904.7733
 10
4560.8505
 20
907.0828
 10
4562.7868
 20
909.2132
 10
4564.9172
 20
911.1495
 10
4567.2267
 20
912.8765
 10
4569.7002
 20
914.3792
 10
4572.3226
 20
915.6425
 10
4575.0789
 20
916.6513
 10
4577.954
 20
917.3905
 10
4580.9327
 20
917.8451
 10
4584.0
 20
918.0
 10
4587.0673
 20
917.8451
 10
4590.046
 20
917.3905
 10
4592.9211
 20
916.6513
 10
4595.6774
 20
915.6425
 10
4598.2998
 20
914.3792
 10
4600.7733
 20
912.8765
 10
4603.0828
 20
911.1495
 10
4605.2132
 20
909.2132
 10
4607.1495
 20
907.0828
 10
4608.8765
 20
904.7733
 10
4610.3792
 20
902.2998
 10
4611.6425
 20
899.6774
 10
4612.6513
 20
896.9211
 10
4613.3905
 20
894.046
 10
4613.8451
 20
891.0673
 10
4614.0
 20
888.0
  0
TEXT
  5
DC
330
17
100
AcDbEntity
  8
ETCH
100
AcDbText
 10
4584.0
 20
788.0
 30
0.0
 40
24.0
  1
P002
 72
1
 11
4584.0
 21
788.0
 31
0.0
100
AcDbText
 73
2
  0
LWPOLYLINE
  5
DD
330
17
100
AcDbEntity
  8
CUT
100
AcDbPolyline
 90
5
 70
1
 10
3970.0
 20
952.0
 10
4370.0
 20
952.0
 10
4370.0
 20
1252.0
 10
3970.0
 20
1252.0
 10
3970.0
 20
952.0
  0
LWPOLYLINE
  5
DE
330
17
100
AcDbEntity
  8
CUT
100
AcDbPolyline
 90
65
 70
1
 10
4200.0
 20
1202.0
 10
4199.8451
 20
1198.9327
 10
4199.3905
 20
1195.954
 10
4198.6513
 20
1193.0789
 10
4197.6425
 20
1190.3226
 10
4196.3792
 20
1187.7002
 10
4194.8765
 20
1185.2267
 10
4193.1495
 20
1182.9172
 10
4191.2132
 20
1180.7868
 10
4189.0828
 20
1178.8505
 10
4186.7733
 20
1177.1235
 10
4184.2998
 20
1175.6208
 10
4181.6774
 20
1174.3575
 10
4178.9211
 20
1173.3487
 10
4176.046
 20
1172.6095
 10
4173.0673
 20
1172.1549
 10
4170.0
 20
1172.0
 10
4166.9327
 20
1172.1549
 10
4163.954
 20
1172.6095
 10
4161.0789
 20
1173.3487
 10
4158.3226
 20
1174.3575
 10
4155.7002
 20
1175.6208
 10
4153.2267
 20
1177.1235
 10
4150.9172
 20
1178.8505
 10
4148.7868
 20
1180.7868
 10
4146.8505
 20
1182.9172
 10
4145.1235
 20
1185.2267
 10
4143.6208
 20
1187.7002
 10
4142.3575
 20
1190.3226
 10
4141.3487
 20
1193.0789
 10
4140.6095
 20
1195.954
 10
4140.1549
 20
1198.9327
 10
4140.0
 20
1202.0
 10
4140.1549
 20
1205.0673
 10
4140.6095
 20
1208.046
 10
4141.3487
 20
1210.9211
 10
4142.3575
 20
1213.6774
 10
4143.6208
 20
1216.2998
 10
4145.1235
 20
1218.7733
 10
4146.8505
 20
1221.0828
 10
4148.7868
 20
1223.2132
 10
4150.9172
 20
1225.1495
 10
4153.2267
 20
1226.8765
 10
4155.7002
 20
1228.3792
 10
4158.3226
 20
1229.6425
 10
4161.0789
 20
1230.6513
 10
4163.954
 20
1231.3905
 10
4166.9327
 20
1231.8451
 10
4170.0
 20
1232.0
 10
4173.0673
 20
1231.8451
 10
4176.046
 20
1231.3905
 10
4178.9211
 20
1230.6513
 10
4181.6774
 20
1229.6425
 10
4184.2998
 20
1228.3792
 10
4186.7733
 20
1226.8765
 10
4189.0828
 20
1225.1495
 10
4191.2132
 20
1223.2132
 10
4193.1495
 20
1221.0828
 10
4194.8765
 20
1218.7733
 10
4196.3792
 20
1216.2998
 10
4197.6425
 20
1213.6774
 10
4198.6513
 20
1210.9211
 10
4199.3905
 20
1208.046
 10
4199.8451
 20
1205.0673
 10
4200.0
 20
1202.0
  0
TEXT
  5
DF
330
17
100
AcDbEntity
  8
ETCH
100
AcDbText
 10
4170.0
 20
1102.0
 30
0.0
 40
24.0
  1
P002
 72
1
 11
4170.0
 21
1102.0
 31
0.0
100
AcDbText
 73
2
  0
LWPOLYLINE
  5
E0
330
17
100
AcDbEntity
  8
CUT
100
AcDbPolyline
 90
129
 70
1
 10
4684.0
 20
1102.0
 10
4683.8048
 20
1094.281
 10
4683.2256
 20
1086.6634
 10
4682.2717
 20
1079.1565
 10
4680.9525
 20
1071.7698
 10
4679.2776
 20
1064.5127
 10
4677.2563
 20
1057.3946
 10
4674.898
 20
1050.425
 10
4672.2123
 20
1043.6132
 10
4669.2084
 20
1036.9688
 10
4665.8958
 20
1030.5011
 10
4662.284
 20
1024.2195
 10
4658.3824
 20
1018.1336
 10
4654.2003
 20
1012.2526
 10
4649.7473
 20
1006.5861
 10
4645.0327
 20
1001.1434
 10
4640.066
 20
995.934
 10
4634.8566
 20
990.9673
 10
4629.4139
 20
986.2527
 10
4623.7474
 20
981.7997
 10
4617.8664
 20
977.6176
 10
4611.7805
 20
973.716
 10
4605.4989
 20
970.1042
 10
4599.0312
 20
966.7916
 10
4592.3868
 20
963.7877
 10
4585.575
 20
961.102
 10
4578.6054
 20
958.7437
 10
4571.4873
 20
956.7224
 10
4564.2302
 20
955.0475
 10
4556.8435
 20
953.7283
 10
4549.3366
 20
952.7744
 10
4541.719
 20
952.1952
 10
4534.0
 20
952.0
 10
4526.281
 20
952.1952
 10
4518.6634
 20
952.7744
 10
4511.1565
 20
953.7283
 10
4503.7698
 20
955.0475
 10
4496.5127
 20
956.7224
 10
4489.3946
 20
958.7437
 10
4482.425
 20
961.102
 10
4475.6132
 20
963.7877
 10
4468.9688
 20
966.7916
 10
4462.5011
 20
970.1042
 10
4456.2195
 20
973.716
 10
4450.1336
 20
977.6176
 10
4444.2526
 20
981.7997
 10
4438.5861
 20
986.2527
 10
4433.1434
 20
990.9673
 10
4427.934
 20
995.934
 10
4422.9673
 20
1001.1434
 10
4418.2527
 20
1006.5861
 10
4413.7997
 20
1012.2526
 10
4409.6176
 20
1018.1336
 10
4405.716
 20
1024.2195
 10
4402.1042
 20
1030.5011
 10
4398.7916
 20
1036.9688
 10
4395.7877
 20
1043.6132
 10
4393.102
 20
1050.425
 10
4390.7437
 20
1057.3946
 10
4388.7224
 20
1064.5127
 10
4387.0475
 20
1071.7698
 10
4385.7283
 20
1079.1565
 10
4384.7744
 20
1086.6634
 10
4384.1952
 20
1094.281
 10
4384.0
 20
1102.0
 10
4384.1952
 20
1109.719
 10
4384.7744
 20
1117.3366
 10
4385.7283
 20
1124.8435
 10
4387.0475
 20
1132.2302
 10
4388.7224
 20
1139.4873
 10
4390.7437
 20
1146.6054
 10
4393.102
 20
1153.575
 10
4395.7877
 20
1160.3868
 10
4398.7916
 20
1167.0312
 10
4402.1042
 20
1173.4989
 10
4405.716
 20
1179.7805
 10
4409.6176
 20
1185.8664
 10
4413.7997
 20
1191.7474
 10
4418.2527
 20
1197.4139
 10
4422.9673
 20
1202.8566
 10
4427.934
 20
1208.066
 10
4433.1434
 20
1213.0327
 10
4438.5861
 20
1217.7473
 10
4444.2526
 20
1222.2003
 10
4450.1336
 20
1226.3824
 10
4456.2195
 20
1230.284
 10
4462.5011
 20
1233.8958
 10
4468.9688
 20
1237.2084
 10
4475.6132
 20
1240.2123
 10
4482.425
 20
1242.898
 10
4489.3946
 20
1245.2563
 10
4496.5127
 20
1247.2776
 10
4503.7698
 20
1248.9525
 10
4511.1565
 20
1250.2717
 10
4518.6634
 20
1251.2256
 10
4526.281
 20
1251.8048
 10
4534.0
 20
1252.0
 10
4541.719
 20
1251.8048
 10
4549.3366
 20
1251.2256
 10
4556.8435
 20
1250.2717
 10
4564.2302
 20
1248.9525
 10
4571.4873
 20
1247.2776
 10
4578.6054
 20
1245.2563
 10
4585.575
 20
1242.898
 10
4592.3868
 20
1240.2123
 10
4599.0312
 20
1237.2084
 10
4605.4989
 20
1233.8958
 10
4611.7805
 20
1230.284
 10
4617.8664
 20
1226.3824
 10
4623.7474
 20
1222.2003
 10
4629.4139
 20
1217.7473
 10
4634.8566
 20
1213.0327
 10
4640.066
 20
1208.066
 10
4645.0327
 20
1202.8566
 10
4649.7473
 20
1197.4139
 10
4654.2003
 20
1191.7474
 10
4658.3824
 20
1185.8664
 10
4662.284
 20
1179.7805
 10
4665.8958
 20
1173.4989
 10
4669.2084
 20
1167.0312
 10
4672.2123
 20
1160.3868
 10
4674.898
 20
1153.575
 10
4677.2563
 20
1146.6054
 10
4679.2776
 20
1139.4873
 10
4680.9525
 20
1132.2302
 10
4682.2717
 20
1124.8435
 10
4683.2256
 20
1117.3366
 10
4683.8048
 20
1109.719
 10
4684.0
 20
1102.0
  0
LWPOLYLINE
  5
E1
330
17
100
AcDbEntity
  8
CUT
100
AcDbPolyline
 90
129
 70
1
 10
4624.0
 20
1102.0
 10
4623.8829
 20
1097.3686
 10
4623.5353
 20
1092.798
 10
4622.963
 20
1088.2939
 10
4622.1715
 20
1083.8619
 10
4621.1666
 20
1079.5076
 10
4619.9538
 20
1075.2368
 10
4618.5388
 20
1071.055
 10
4616.9274
 20
1066.9679
 10
4615.125
 20
1062.9813
 10
4613.1375
 20
1059.1007
 10
4610.9704
 20
1055.3317
 10
4608.6294
 20
1051.6801
 10
4606.1202
 20
1048.1516
 10
4603.4484
 20
1044.7516
 10
4600.6196
 20
1041.486
 10
4597.6396
 20
1038.3604
 10
4594.514
 20
1035.3804
 10
4591.2484
 20
1032.5516
 10
4587.8484
 20
1029.8798
 10
4584.3199
 20
1027.3706
 10
4580.6683
 20
1025.0296
 10
4576.8993
 20
1022.8625
 10
4573.0187
 20
1020.875
 10
4569.0321
 20
1019.0726
 10
4564.945
 20
1017.4612
 10
4560.7632
 20
1016.0462
 10
4556.4924
 20
1014.8334
 10
4552.1381
 20
1013.8285
 10
4547.7061
 20
1013.037
 10
4543.202
 20
1012.4647
 10
4538.6314
 20
1012.1171
 10
4534.0
 20
1012.0
 10
4529.3686
 20
1012.1171
 10
4524.798
 20
1012.4647
 10
4520.2939
 20
1013.037
 10
4515.8619
 20
1013.8285
 10
4511.5076
 20
1014.8334
 10
4507.2368
 20
1016.0462
 10
4503.055
 20
1017.4612
 10
4498.9679
 20
1019.0726
 10
4494.9813
 20
1020.875
 10
4491.1007
 20
1022.8625
 10
4487.3317
 20
1025.0296
 10
4483.6801
 20
1027.3706
 10
4480.1516
 20
1029.8798
 10
4476.7516
 20
1032.5516
 10
4473.486
 20
1035.3804
 10
4470.3604
 20
1038.3604
 10
4467.3804
 20
1041.486
 10
4464.5516
 20
1044.7516
 10
4461.8798
 20
1048.1516
 10
4459.3706
 20
1051.6801
 10
4457.0296
 20
1055.3317
 10
4454.8625
 20
1059.1007
 10
4452.875
 20
1062.9813
 10
4451.0726
 20
1066.9679
 10
4449.4612
 20
1071.055
 10
4448.0462
 20
1075.2368
 10
4446.8334
 20
1079.5076
 10
4445.8285
 20
1083.8619
 10
4445.037
 20
1088.2939
 10
4444.4647
 20
1092.798
 10
4444.1171
 20
1097.3686
 10
4444.0
 20
1102.0
 10
4444.1171
 20
1106.6314
 10
4444.4647
 20
1111.202
 10
4445.037
 20
1115.7061
 10
4445.8285
 20
1120.1381
 10
4446.8334
 20
1124.4924
 10
4448.0462
 20
1128.7632
 10
4449.4612
 20
1132.945
 10
4451.0726
 20
1137.0321
 10
4452.875
 20
1141.0187
 10
4454.8625
 20
1144.8993
 10
4457.0296
 20
1148.6683
 10
4459.3706
 20
1152.3199
 10
4461.8798
 20
1155.8484
 10
4464.5516
 20
1159.2484
 10
4467.3804
 20
1162.514
 10
4470.3604
 20
1165.6396
 10
4473.486
 20
1168.6196
 10
4476.7516
 20
1171.4484
 10
4480.1516
 20
1174.1202
 10
4483.6801
 20
1176.6294
 10
4487.3317
 20
1178.9704
 10
4491.1007
 20
1181.1375
 10
4494.9813
 20
1183.125
 10
4498.9679
 20
1184.9274
 10
4503.055
 20
1186.5388
 10
4507.2368
 20
1187.9538
 10
4511.5076
 20
1189.1666
 10
4515.8619
 20
1190.1715
 10
4520.2939
 20
1190.963
 10
4524.798
 20
1191.5353
 10
4529.3686
 20
1191.8829
 10
4534.0
 20
1192.0
 10
4538.6314
 20
1191.8829
 10
4543.202
 20
1191.5353
 10
4547.7061
 20
1190.963
 10
4552.1381
 20
1190.1715
 10
4556.4924
 20
1189.1666
 10
4560.7632
 20
1187.9538
 10
4564.945
 20
1186.5388
 10
4569.0321
 20
1184.9274
 10
4573.0187
 20
1183.125
 10
4576.8993
 20
1181.1375
 10
4580.6683
 20
1178.9704
 10
4584.3199
 20
1176.6294
 10
4587.8484
 20
1174.1202
 10
4591.2484
 20
1171.4484
 10
4594.514
 20
1168.6196
 10
4597.6396
 20
1165.6396
 10
4600.6196
 20
1162.514
 10
4603.4484
 20
1159.2484
 10
4606.1202
 20
1155.8484
 10
4608.6294
 20
1152.3199
 10
4610.9704
 20
1148.6683
 10
4613.1375
 20
1144.8993
 10
4615.125
 20
1141.0187
 10
4616.9274
 20
1137.0321
 10
4618.5388
 20
1132.945
 10
4619.9538
 20
1128.7632
 10
4621.1666
 20
1124.4924
 10
4622.1715
 20
1120.1381
 10
4622.963
 20
1115.7061
 10
4623.5353
 20
1111.202
 10
4623.8829
 20
1106.6314
 10
4624.0
 20
1102.0
  0
TEXT
  5
E2
330
17
100
AcDbEntity
  8
ETCH
100
AcDbText
 10
4534.0
 20
1105.8594900522512
 30
0.0
 40
24.0
  1
P003
 72
1
 11
4534.0
 21
1105.8594900522512
 31
0.0
100
AcDbText
 73
2
  0
LWPOLYLINE
  5
E3
330
17
100
AcDbEntity
  8
CUT
100
AcDbPolyline
 90
129
 70
1
 10
4998.0
 20
1102.0
 10
4997.8048
 20
1094.281
 10
4997.2256
 20
1086.6634
 10
4996.2717
 20
1079.1565
 10
4994.9525
 20
1071.7698
 10
4993.2776
 20
1064.5127
 10
4991.2563
 20
1057.3946
 10
4988.898
 20
1050.425
 10
4986.2123
 20
1043.6132
 10
4983.2084
 20
1036.9688
 10
4979.8958
 20
1030.5011
 10
4976.284
 20
1024.2195
 10
4972.3824
 20
1018.1336
 10
4968.2003
 20
1012.2526
 10
4963.7473
 20
1006.5861
 10
4959.0327
 20
1001.1434
 10
4954.066
 20
995.934
 10
4948.8566
 20
990.9673
 10
4943.4139
 20
986.2527
 10
4937.7474
 20
981.7997
 10
4931.8664
 20
977.6176
 10
4925.7805
 20
973.716
 10
4919.4989
 20
970.1042
 10
4913.0312
 20
966.7916
 10
4906.3868
 20
963.7877
 10
4899.575
 20
961.102
 10
4892.6054
 20
958.7437
 10
4885.4873
 20
956.7224
 10
4878.2302
 20
955.0475
 10
4870.8435
 20
953.7283
 10
4863.3366
 20
952.7744
 10
4855.719
 20
952.1952
 10
4848.0
 20
952.0
 10
4840.281
 20
952.1952
 10
4832.6634
 20
952.7744
 10
4825.1565
 20
953.7283
 10
4817.7698
 20
955.0475
 10
4810.5127
 20
956.7224
 10
4803.3946
 20
958.7437
 10
4796.425
 20
961.102
 10
4789.6132
 20
963.7877
 10
4782.9688
 20
966.7916
 10
4776.5011
 20
970.1042
 10
4770.2195
 20
973.716
 10
4764.1336
 20
977.6176
 10
4758.2526
 20
981.7997
 10
4752.5861
 20
986.2527
 10
4747.1434
 20
990.9673
 10
4741.934
 20
995.934
 10
4736.9673
 20
1001.1434
 10
4732.2527
 20
1006.5861
 10
4727.7997
 20
1012.2526
 10
4723.6176
 20
1018.1336
 10
4719.716
 20
1024.2195
 10
4716.1042
 20
1030.5011
 10
4712.7916
 20
1036.9688
 10
4709.7877
 20
1043.6132
 10
4707.102
 20
1050.425
 10
4704.7437
 20
1057.3946
 10
4702.7224
 20
1064.5127
 10
4701.0475
 20
1071.7698
 10
4699.7283
 20
1079.1565
 10
4698.7744
 20
1086.6634
 10
4698.1952
 20
1094.281
 10
4698.0
 20
1102.0
 10
4698.1952
 20
1109.719
 10
4698.7744
 20
1117.3366
 10
4699.7283
 20
1124.8435
 10
4701.0475
 20
1132.2302
 10
4702.7224
 20
1139.4873
 10
4704.7437
 20
1146.6054
 10
4707.102
 20
1153.575
 10
4709.7877
 20
1160.3868
 10
4712.7916
 20
1167.0312
 10
4716.1042
 20
1173.4989
 10
4719.716
 20
1179.7805
 10
4723.6176
 20
1185.8664
 10
4727.7997
 20
1191.7474
 10
4732.2527
 20
1197.4139
 10
4736.9673
 20
1202.8566
 10
4741.934
 20
1208.066
 10
4747.1434
 20
1213.0327
 10
4752.5861
 20
1217.7473
 10
4758.2526
 20
1222.2003
 10
4764.1336
 20
1226.3824
 10
4770.2195
 20
1230.284
 10
4776.5011
 20
1233.8958
 10
4782.9688
 20
1237.2084
 10
4789.6132
 20
1240.2123
 10
4796.425
 20
1242.898
 10
4803.3946
 20
1245.2563
 10
4810.5127
 20
1247.2776
 10
4817.7698
 20
1248.9525
 10
4825.1565
 20
1250.2717
 10
4832.6634
 20
1251.2256
 10
4840.281
 20
1251.8048
 10
4848.0
 20
1252.0
 10
4855.719
 20
1251.8048
 10
4863.3366
 20
1251.2256
 10
4870.8435
 20
1250.2717
 10
4878.2302
 20
1248.9525
 10
4885.4873
 20
1247.2776
 10
4892.6054
 20
1245.2563
 10
4899.575
 20
1242.898
 10
4906.3868
 20
1240.2123
 10
4913.0312
 20
1237.2084
 10
4919.4989
 20
1233.8958
 10
4925.7805
 20
1230.284
 10
4931.8664
 20
1226.3824
 10
4937.7474
 20
1222.2003
 10
4943.4139
 20
1217.7473
 10
4948.8566
 20
1213.0327
 10
4954.066
 20
1208.066
 10
4959.0327
 20
1202.8566
 10
4963.7473
 20
1197.4139
 10
4968.2003
 20
1191.7474
 10
4972.3824
 20
1185.8664
 10
4976.284
 20
1179.7805
 10
4979.8958
 20
1173.4989
 10
4983.2084
 20
1167.0312
 10
4986.2123
 20
1160.3868
 10
4988.898
 20
1153.575
 10
4991.2563
 20
1146.6054
 10
4993.2776
 20
1139.4873
 10
4994.9525
 20
1132.2302
 10
4996.2717
 20
1124.8435
 10
4997.2256
 20
1117.3366
 10
4997.8048
 20
1109.719
 10
4998.0
 20
1102.0
  0
LWPOLYLINE
  5
E4
330
17
100
AcDbEntity
  8
CUT
100
AcDbPolyline
 90
129
 70
1
 10
4938.0
 20
1102.0
 10
4937.8829
 20
1097.3686
 10
4937.5353
 20
1092.798
 10
4936.963
 20
1088.2939
 10
4936.1715
 20
1083.8619
 10
4935.1666
 20
1079.5076
 10
4933.9538
 20
1075.2368
 10
4932.5388
 20
1071.055
 10
4930.9274
 20
1066.9679
 10
4929.125
 20
1062.9813
 10
4927.1375
 20
1059.1007
 10
4924.9704
 20
1055.3317
 10
4922.6294
 20
1051.6801
 10
4920.1202
 20
1048.1516
 10
4917.4484
 20
1044.7516
 10
4914.6196
 20
1041.486
 10
4911.6396
 20
1038.3604
 10
4908.514
 20
1035.3804
 10
4905.2484
 20
1032.5516
 10
4901.8484
 20
1029.8798
 10
4898.3199
 20
1027.3706
 10
4894.6683
 20
1025.0296
 10
4890.8993
 20
1022.8625
 10
4887.0187
 20
1020.875
 10
4883.0321
 20
1019.0726
 10
4878.945
 20
1017.4612
 10
4874.7632
 20
1016.0462
 10
4870.4924
 20
1014.8334
 10
4866.1381
 20
1013.8285
 10
4861.7061
 20
1013.037
 10
4857.202
 20
1012.4647
 10
4852.6314
 20
1012.1171
 10
4848.0
 20
1012.0
 10
4843.3686
 20
1012.1171
 10
4838.798
 20
1012.4647
 10
4834.2939
 20
1013.037
 10
4829.8619
 20
1013.8285
 10
4825.5076
 20
1014.8334
 10
4821.2368
 20
1016.0462
 10
4817.055
 20
1017.4612
 10
4812.9679
 20
1019.0726
 10
4808.9813
 20
1020.875
 10
4805.1007
 20
1022.8625
 10
4801.3317
 20
1025.0296
 10
4797.6801
 20
1027.3706
 10
4794.1516
 20
1029.8798
 10
4790.7516
 20
1032.5516
 10
4787.486
 20
1035.3804
 10
4784.3604
 20
1038.3604
 10
4781.3804
 20
1041.486
 10
4778.5516
 20
1044.7516
 10
4775.8798
 20
1048.1516
 10
4773.3706
 20
1051.6801
 10
4771.0296
 20
1055.3317
 10
4768.8625
 20
1059.1007
 10
4766.875
 20
1062.9813
 10
4765.0726
 20
1066.9679
 10
4763.4612
 20
1071.055
 10
4762.0462
 20
1075.2368
 10
4760.8334
 20
1079.5076
 10
4759.8285
 20
1083.8619
 10
4759.037
 20
1088.2939
 10
4758.4647
 20
1092.798
 10
4758.1171
 20
1097.3686
 10
4758.0
 20
1102.0
 10
4758.1171
 20
1106.6314
 10
4758.4647
 20
1111.202
 10
4759.037
 20
1115.7061
 10
4759.8285
 20
1120.1381
 10
4760.8334
 20
1124.4924
 10
4762.0462
 20
1128.7632
 10
4763.4612
 20
1132.945
 10
4765.0726
 20
1137.0321
 10
4766.875
 20
1141.0187
 10
4768.8625
 20
1144.8993
 10
4771.0296
 20
1148.6683
 10
4773.3706
 20
1152.3199
 10
4775.8798
 20
1155.8484
 10
4778.5516
 20
1159.2484
 10
4781.3804
 20
1162.514
 10
4784.3604
 20
1165.6396
 10
4787.486
 20
1168.6196
 10
4790.7516
 20
1171.4484
 10
4794.1516
 20
1174.1202
 10
4797.6801
 20
1176.6294
 10
4801.3317
 20
1178.9704
 10
4805.1007
 20
1181.1375
 10
4808.9813
 20
1183.125
 10
4812.9679
 20
1184.9274
 10
4817.055
 20
1186.5388
 10
4821.2368
 20
1187.9538
 10
4825.5076
 20
1189.1666
 10
4829.8619
 20
1190.1715
 10
4834.2939
 20
1190.963
 10
4838.798
 20
1191.5353
 10
4843.3686
 20
1191.8829
 10
4848.0
 20
1192.0
 10
4852.6314
 20
1191.8829
 10
4857.202
 20
1191.5353
 10
4861.7061
 20
1190.963
 10
4866.1381
 20
1190.1715
 10
4870.4924
 20
1189.1666
 10
4874.7632
 20
1187.9538
 10
4878.945
 20
1186.5388
 10
4883.0321
 20
1184.9274
 10
4887.0187
 20
1183.125
 10
4890.8993
 20
1181.1375
 10
4894.6683
 20
1178.9704
 10
4898.3199
 20
1176.6294
 10
4901.8484
 20
1174.1202
 10
4905.2484
 20
1171.4484
 10
4908.514
 20
1168.6196
 10
4911.6396
 20
1165.6396
 10
4914.6196
 20
1162.514
 10
4917.4484
 20
1159.2484
 10
4920.1202
 20
1155.8484
 10
4922.6294
 20
1152.3199
 10
4924.9704
 20
1148.6683
 10
4927.1375
 20
1144.8993
 10
4929.125
 20
1141.0187
 10
4930.9274
 20
1137.0321
 10
4932.5388
 20
1132.945
 10
4933.9538
 20
1128.7632
 10
4935.1666
 20
1124.4924
 10
4936.1715
 20
1120.1381
 10
4936.963
 20
1115.7061
 10
4937.5353
 20
1111.202
 10
4937.8829
 20
1106.6314
 10
4938.0
 20
1102.0
  0
TEXT
  5
E5
330
17
100
AcDbEntity
  8
ETCH
100
AcDbText
 10
4848.0
 20
1105.8594900522512
 30
0.0
 40
24.0
  1
P003
 72
1
 11
4848.0
 21
1105.8594900522512
 31
0.0
100
AcDbText
 73
2
  0
LWPOLYLINE
  5
E6
330
17
100
AcDbEntity
  8
CUT
100
AcDbPolyline
 90
129
 70
1
 10
4270.0
 20
1416.0
 10
4269.8048
 20
1408.281
 10
4269.2256
 20
1400.6634
 10
4268.2717
 20
1393.1565
 10
4266.9525
 20
1385.7698
 10
4265.2776
 20
1378.5127
 10
4263.2563
 20
1371.3946
 10
4260.898
 20
1364.425
 10
4258.2123
 20
1357.6132
 10
4255.2084
 20
1350.9688
 10
4251.8958
 20
1344.5011
 10
4248.284
 20
1338.2195
 10
4244.3824
 20
1332.1336
 10
4240.2003
 20
1326.2526
 10
4235.7473
 20
1320.5861
 10
4231.0327
 20
1315.1434
 10
4226.066
 20
1309.934
 10
4220.8566
 20
1304.9673
 10
4215.4139
 20
1300.2527
 10
4209.7474
 20
1295.7997
 10
4203.8664
 20
1291.6176
 10
4197.7805
 20
1287.716
 10
4191.4989
 20
1284.1042
 10
4185.0312
 20
1280.7916
 10
4178.3868
 20
1277.7877
 10
4171.575
 20
1275.102
 10
4164.6054
 20
1272.7437
 10
4157.4873
 20
1270.7224
 10
4150.2302
 20
1269.0475
 10
4142.8435
 20
1267.7283
 10
4135.3366
 20
1266.7744
 10
4127.719
 20
1266.1952
 10
4120.0
 20
1266.0
 10
4112.281
 20
1266.1952
 10
4104.6634
 20
1266.7744
 10
4097.1565
 20
1267.7283
 10
4089.7698
 20
1269.0475
 10
4082.5127
 20
1270.7224
 10
4075.3946
 20
1272.7437
 10
4068.425
 20
1275.102
 10
4061.6132
 20
1277.7877
 10
4054.9688
 20
1280.7916
 10
4048.5011
 20
1284.1042
 10
4042.2195
 20
1287.716
 10
4036.1336
 20
1291.6176
 10
4030.2526
 20
1295.7997
 10
4024.5861
 20
1300.2527
 10
4019.1434
 20
1304.9673
 10
4013.934
 20
1309.934
 10
4008.9673
 20
1315.1434
 10
4004.2527
 20
1320.5861
 10
3999.7997
 20
1326.2526
 10
3995.6176
 20
1332.1336
 10
3991.716
 20
1338.2195
 10
3988.1042
 20
1344.5011
 10
3984.7916
 20
1350.9688
 10
3981.7877
 20
1357.6132
 10
3979.102
 20
1364.425
 10
3976.7437
 20
1371.3946
 10
3974.7224
 20
1378.5127
 10
3973.0475
 20
1385.7698
 10
3971.7283
 20
1393.1565
 10
3970.7744
 20
1400.6634
 10
3970.1952
 20
1408.281
 10
3970.0
 20
1416.0
 10
3970.1952
 20
1423.719
 10
3970.7744
 20
1431.3366
 10
3971.7283
 20
1438.8435
 10
3973.0475
 20
1446.2302
 10
3974.7224
 20
1453.4873
 10
3976.7437
 20
1460.6054
 10
3979.102
 20
1467.575
 10
3981.7877
 20
1474.3868
 10
3984.7916
 20
1481.0312
 10
3988.1042
 20
1487.4989
 10
3991.716
 20
1493.7805
 10
3995.6176
 20
1499.8664
 10
3999.7997
 20
1505.7474
 10
4004.2527
 20
1511.4139
 10
4008.9673
 20
1516.8566
 10
4013.934
 20
1522.066
 10
4019.1434
 20
1527.0327
 10
4024.5861
 20
1531.7473
 10
4030.2526
 20
1536.2003
 10
4036.1336
 20
1540.3824
 10
4042.2195
 20
1544.284
 10
4048.5011
 20
1547.8958
 10
4054.9688
 20
1551.2084
 10
4061.6132
 20
1554.2123
 10
4068.425
 20
1556.898
 10
4075.3946
 20
1559.2563
 10
4082.5127
 20
1561.2776
 10
4089.7698
 20
1562.9525
 10
4097.1565
 20
1564.2717
 10
4104.6634
 20
1565.2256
 10
4112.281
 20
1565.8048
 10
4120.0
 20
1566.0
 10
4127.719
 20
1565.8048
 10
4135.3366
 20
1565.2256
 10
4142.8435
 20
1564.2717
 10
4150.2302
 20
1562.9525
 10
4157.4873
 20
1561.2776
 10
4164.6054
 20
1559.2563
 10
4171.575
 20
1556.898
 10
4178.3868
 20
1554.2123
 10
4185.0312
 20
1551.2084
 10
4191.4989
 20
1547.8958
 10
4197.7805
 20
1544.284
 10
4203.8664
 20
1540.3824
 10
4209.7474
 20
1536.2003
 10
4215.4139
 20
1531.7473
 10
4220.8566
 20
1527.0327
 10
4226.066
 20
1522.066
 10
4231.0327
 20
1516.8566
 10
4235.7473
 20
1511.4139
 10
4240.2003
 20
1505.7474
 10
4244.3824
 20
1499.8664
 10
4248.284
 20
1493.7805
 10
4251.8958
 20
1487.4989
 10
4255.2084
 20
1481.0312
 10
4258.2123
 20
1474.3868
 10
4260.898
 20
1467.575
 10
4263.2563
 20
1460.6054
 10
4265.2776
 20
1453.4873
 10
4266.9525
 20
1446.2302
 10
4268.2717
 20
1438.8435
 10
4269.2256
 20
1431.3366
 10
4269.8048
 20
1423.719
 10
4270.0
 20
1416.0
  0
LWPOLYLINE
  5
E7
330
17
100
AcDbEntity
  8
CUT
100
AcDbPolyline
 90
129
 70
1
 10
4210.0
 20
1416.0
 10
4209.8829
 20
1411.3686
 10
4209.5353
 20
1406.798
 10
4208.963
 20
1402.2939
 10
4208.1715
 20
1397.8619
 10
4207.1666
 20
1393.5076
 10
4205.9538
 20
1389.2368
 10
4204.5388
 20
1385.055
 10
4202.9274
 20
1380.9679
 10
4201.125
 20
1376.9813
 10
4199.1375
 20
1373.1007
 10
4196.9704
 20
1369.3317
 10
4194.6294
 20
1365.6801
 10
4192.1202
 20
1362.1516
 10
4189.4484
 20
1358.7516
 10
4186.6196
 20
1355.486
 10
4183.6396
 20
1352.3604
 10
4180.514
 20
1349.3804
 10
4177.2484
 20
1346.5516
 10
4173.8484
 20
1343.8798
 10
4170.3199
 20
1341.3706
 10
4166.6683
 20
1339.0296
 10
4162.8993
 20
1336.8625
 10
4159.0187
 20
1334.875
 10
4155.0321
 20
1333.0726
 10
4150.945
 20
1331.4612
 10
4146.7632
 20
1330.0462
 10
4142.4924
 20
1328.8334
 10
4138.1381
 20
1327.8285
 10
4133.7061
 20
1327.037
 10
4129.202
 20
1326.4647
 10
4124.6314
 20
1326.1171
 10
4120.0
 20
1326.0
 10
4115.3686
 20
1326.1171
 10
4110.798
 20
1326.4647
 10
4106.2939
 20
1327.037
 10
4101.8619
 20
1327.8285
 10
4097.5076
 20
1328.8334
 10
4093.2368
 20
1330.0462
 10
4089.055
 20
1331.4612
 10
4084.9679
 20
1333.0726
 10
4080.9813
 20
1334.875
 10
4077.1007
 20
1336.8625
 10
4073.3317
 20
1339.0296
 10
4069.6801
 20
1341.3706
 10
4066.1516
 20
1343.8798
 10
4062.7516
 20
1346.5516
 10
4059.486
 20
1349.3804
 10
4056.3604
 20
1352.3604
 10
4053.3804
 20
1355.486
 10
4050.5516
 20
1358.7516
 10
4047.8798
 20
1362.1516
 10
4045.3706
 20
1365.6801
 10
4043.0296
 20
1369.3317
 10
4040.8625
 20
1373.1007
 10
4038.875
 20
1376.9813
 10
4037.0726
 20
1380.9679
 10
4035.4612
 20
1385.055
 10
4034.0462
 20
1389.2368
 10
4032.8334
 20
1393.5076
 10
4031.8285
 20
1397.8619
 10
4031.037
 20
1402.2939
 10
4030.4647
 20
1406.798
 10
4030.1171
 20
1411.3686
 10
4030.0
 20
1416.0
 10
4030.1171
 20
1420.6314
 10
4030.4647
 20
1425.202
 10
4031.037
 20
1429.7061
 10
4031.8285
 20
1434.1381
 10
4032.8334
 20
1438.4924
 10
4034.0462
 20
1442.7632
 10
4035.4612
 20
1446.945
 10
4037.0726
 20
1451.0321
 10
4038.875
 20
1455.0187
 10
4040.8625
 20
1458.8993
 10
4043.0296
 20
1462.6683
 10
4045.3706
 20
1466.3199
 10
4047.8798
 20
1469.8484
 10
4050.5516
 20
1473.2484
 10
4053.3804
 20
1476.514
 10
4056.3604
 20
1479.6396
 10
4059.486
 20
1482.6196
 10
4062.7516
 20
1485.4484
 10
4066.1516
 20
1488.1202
 10
4069.6801
 20
1490.6294
 10
4073.3317
 20
1492.9704
 10
4077.1007
 20
1495.1375
 10
4080.9813
 20
1497.125
 10
4084.9679
 20
1498.9274
 10
4089.055
 20
1500.5388
 10
4093.2368
 20
1501.9538
 10
4097.5076
 20
1503.1666
 10
4101.8619
 20
1504.1715
 10
4106.2939
 20
1504.963
 10
4110.798
 20
1505.5353
 10
4115.3686
 20
1505.8829
 10
4120.0
 20
1506.0
 10
4124.6314
 20
1505.8829
 10
4129.202
 20
1505.5353
 10
4133.7061
 20
1504.963
 10
4138.1381
 20
1504.1715
 10
4142.4924
 20
1503.1666
 10
4146.7632
 20
1501.9538
 10
4150.945
 20
1500.5388
 10
4155.0321
 20
1498.9274
 10
4159.0187
 20
1497.125
 10
4162.8993
 20
1495.1375
 10
4166.6683
 20
1492.9704
 10
4170.3199
 20
1490.6294
 10
4173.8484
 20
1488.1202
 10
4177.2484
 20
1485.4484
 10
4180.514
 20
1482.6196
 10
4183.6396
 20
1479.6396
 10
4186.6196
 20
1476.514
 10
4189.4484
 20
1473.2484
 10
4192.1202
 20
1469.8484
 10
4194.6294
 20
1466.3199
 10
4196.9704
 20
1462.6683
 10
4199.1375
 20
1458.8993
 10
4201.125
 20
1455.0187
 10
4202.9274
 20
1451.0321
 10
4204.5388
 20
1446.945
 10
4205.9538
 20
1442.7632
 10
4207.1666
 20
1438.4924
 10
4208.1715
 20
1434.1381
 10
4208.963
 20
1429.7061
 10
4209.5353
 20
1425.202
 10
4209.8829
 20
1420.6314
 10
4210.0
 20
1416.0
  0
TEXT
  5
E8
330
17
100
AcDbEntity
  8
ETCH
100
AcDbText
 10
4120.0
 20
1419.8594900522512
 30
0.0
 40
24.0
  1
P003
 72
1
 11
4120.0
 21
1419.8594900522512
 31
0.0
100
AcDbText
 73
2
  0
LWPOLYLINE
  5
E9
330
17
100
AcDbEntity
  8
CUT
100
AcDbPolyline
 90
129
 70
1
 10
4584.0
 20
1416.0
 10
4583.8048
 20
1408.281
 10
4583.2256
 20
1400.6634
 10
4582.2717
 20
1393.1565
 10
4580.9525
 20
1385.7698
 10
4579.2776
 20
1378.5127
 10
4577.2563
 20
1371.3946
 10
4574.898
 20
1364.425
 10
4572.2123
 20
1357.6132
 10
4569.2084
 20
1350.9688
 10
4565.8958
 20
1344.5011
 10
4562.284
 20
1338.2195
 10
4558.3824
 20
1332.1336
 10
4554.2003
 20
1326.2526
 10
4549.7473
 20
1320.5861
 10
4545.0327
 20
1315.1434
 10
4540.066
 20
1309.934
 10
4534.8566
 20
1304.9673
 10
4529.4139
 20
1300.2527
 10
4523.7474
 20
1295.7997
 10
4517.8664
 20
1291.6176
 10
4511.7805
 20
1287.716
 10
4505.4989
 20
1284.1042
 10
4499.0312
 20
1280.7916
 10
4492.3868
 20
1277.7877
 10
4485.575
 20
1275.102
 10
4478.6054
 20
1272.7437
 10
4471.4873
 20
1270.7224
 10
4464.2302
 20
1269.0475
 10
4456.8435
 20
1267.7283
 10
4449.3366
 20
1266.7744
 10
4441.719
 20
1266.1952
 10
4434.0
 20
1266.0
 10
4426.281
 20
1266.1952
 10
4418.6634
 20
1266.7744
 10
4411.1565
 20
1267.7283
 10
4403.7698
 20
1269.0475
 10
4396.5127
 20
1270.7224
 10
4389.3946
 20
1272.7437
 10
4382.425
 20
1275.102
 10
4375.6132
 20
1277.7877
 10
4368.9688
 20
1280.7916
 10
4362.5011
 20
1284.1042
 10
4356.2195
 20
1287.716
 10
4350.1336
 20
1291.6176
 10
4344.2526
 20
1295.7997
 10
4338.5861
 20
1300.2527
 10
4333.1434
 20
1304.9673
 10
4327.934
 20
1309.934
 10
4322.9673
 20
1315.1434
 10
4318.2527
 20
1320.5861
 10
4313.7997
 20
1326.2526
 10
4309.6176
 20
1332.1336
 10
4305.716
 20
1338.2195
 10
4302.1042
 20
1344.5011
 10
4298.7916
 20
1350.9688
 10
4295.7877
 20
1357.6132
 10
4293.102
 20
1364.425
 10
4290.7437
 20
1371.3946
 10
4288.7224
 20
1378.5127
 10
4287.0475
 20
1385.7698
 10
4285.7283
 20
1393.1565
 10
4284.7744
 20
1400.6634
 10
4284.1952
 20
1408.281
 10
4284.0
 20
1416.0
 10
4284.1952
 20
1423.719
 10
4284.7744
 20
1431.3366
 10
4285.7283
 20
1438.8435
 10
4287.0475
 20
1446.2302
 10
4288.7224
 20
1453.4873
 10
4290.7437
 20
1460.6054
 10
4293.102
 20
1467.575
 10
4295.7877
 20
1474.3868
 10
4298.7916
 20
1481.0312
 10
4302.1042
 20
1487.4989
 10
4305.716
 20
1493.7805
 10
4309.6176
 20
1499.8664
 10
4313.7997
 20
1505.7474
 10
4318.2527
 20
1511.4139
 10
4322.9673
 20
1516.8566
 10
4327.934
 20
1522.066
 10
4333.1434
 20
1527.0327
 10
4338.5861
 20
1531.7473
 10
4344.2526
 20
1536.2003
 10
4350.1336
 20
1540.3824
 10
4356.2195
 20
1544.284
 10
4362.5011
 20
1547.8958
 10
4368.9688
 20
1551.2084
 10
4375.6132
 20
1554.2123
 10
4382.425
 20
1556.898
 10
4389.3946
 20
1559.2563
 10
4396.5127
 20
1561.2776
 10
4403.7698
 20
1562.9525
 10
4411.1565
 20
1564.2717
 10
4418.6634
 20
1565.2256
 10
4426.281
 20
1565.8048
 10
4434.0
 20
1566.0
 10
4441.719
 20
1565.8048
 10
4449.3366
 20
1565.2256
 10
4456.8435
 20
1564.2717
 10
4464.2302
 20
1562.9525
 10
4471.4873
 20
1561.2776
 10
4478.6054
 20
1559.2563
 10
4485.575
 20
1556.898
 10
4492.3868
 20
1554.2123
 10
4499.0312
 20
1551.2084
 10
4505.4989
 20
1547.8958
 10
4511.7805
 20
1544.284
 10
4517.8664
 20
1540.3824
 10
4523.7474
 20
1536.2003
 10
4529.4139
 20
1531.7473
 10
4534.8566
 20
1527.0327
 10
4540.066
 20
1522.066
 10
4545.0327
 20
1516.8566
 10
4549.7473
 20
1511.4139
 10
4554.2003
 20
1505.7474
 10
4558.3824
 20
1499.8664
 10
4562.284
 20
1493.7805
 10
4565.8958
 20
1487.4989
 10
4569.2084
 20
1481.0312
 10
4572.2123
 20
1474.3868
 10
4574.898
 20
1467.575
 10
4577.2563
 20
1460.6054
 10
4579.2776
 20
1453.4873
 10
4580.9525
 20
1446.2302
 10
4582.2717
 20
1438.8435
 10
4583.2256
 20
1431.3366
 10
4583.8048
 20
1423.719
 10
4584.0
 20
1416.0
  0
LWPOLYLINE
  5
EA
330
17
100
AcDbEntity
  8
CUT
100
AcDbPolyline
 90
129
 70
1
 10
4524.0
 20
1416.0
 10
4523.8829
 20
1411.3686
 10
4523.5353
 20
1406.798
 10
4522.963
 20
1402.2939
 10
4522.1715
 20
1397.8619
 10
4521.1666
 20
1393.5076
 10
4519.9538
 20
1389.2368
 10
4518.5388
 20
1385.055
 10
4516.9274
 20
1380.9679
 10
4515.125
 20
1376.9813
 10
4513.1375
 20
1373.1007
 10
4510.9704
 20
1369.3317
 10
4508.6294
 20
1365.6801
 10
4506.1202
 20
1362.1516
 10
4503.4484
 20
1358.7516
 10
4500.6196
 20
1355.486
 10
4497.6396
 20
1352.3604
 10
4494.514
 20
1349.3804
 10
4491.2484
 20
1346.5516
 10
4487.8484
 20
1343.8798
 10
4484.3199
 20
1341.3706
 10
4480.6683
 20
1339.0296
 10
4476.8993
 20
1336.8625
 10
4473.0187
 20
1334.875
 10
4469.0321
 20
1333.0726
 10
4464.945
 20
1331.4612
 10
4460.7632
 20
1330.0462
 10
4456.4924
 20
1328.8334
 10
4452.1381
 20
1327.8285
 10
4447.7061
 20
1327.037
 10
4443.202
 20
1326.4647
 10
4438.6314
 20
1326.1171
 10
4434.0
 20
1326.0
 10
4429.3686
 20
1326.1171
 10
4424.798
 20
1326.4647
 10
4420.2939
 20
1327.037
 10
4415.8619
 20
1327.8285
 10
4411.5076
 20
1328.8334
 10
4407.2368
 20
1330.0462
 10
4403.055
 20
1331.4612
 10
4398.9679
 20
1333.0726
 10
4394.9813
 20
1334.875
 10
4391.1007
 20
1336.8625
 10
4387.3317
 20
1339.0296
 10
4383.6801
 20
1341.3706
 10
4380.1516
 20
1343.8798
 10
4376.7516
 20
1346.5516
 10
4373.486
 20
1349.3804
 10
4370.3604
 20
1352.3604
 10
4367.3804
 20
1355.486
 10
4364.5516
 20
1358.7516
 10
4361.8798
 20
1362.1516
 10
4359.3706
 20
1365.6801
 10
4357.0296
 20
1369.3317
 10
4354.8625
 20
1373.1007
 10
4352.875
 20
1376.9813
 10
4351.0726
 20
1380.9679
 10
4349.4612
 20
1385.055
 10
4348.0462
 20
1389.2368
 10
4346.8334
 20
1393.5076
 10
4345.8285
 20
1397.8619
 10
4345.037
 20
1402.2939
 10
4344.4647
 20
1406.798
 10
4344.1171
 20
1411.3686
 10
4344.0
 20
1416.0
 10
4344.1171
 20
1420.6314
 10
4344.4647
 20
1425.202
 10
4345.037
 20
1429.7061
 10
4345.8285
 20
1434.1381
 10
4346.8334
 20
1438.4924
 10
4348.0462
 20
1442.7632
 10
4349.4612
 20
1446.945
 10
4351.0726
 20
1451.0321
 10
4352.875
 20
1455.0187
 10
4354.8625
 20
1458.8993
 10
4357.0296
 20
1462.6683
 10
4359.3706
 20
1466.3199
 10
4361.8798
 20
1469.8484
 10
4364.5516
 20
1473.2484
 10
4367.3804
 20
1476.514
 10
4370.3604
 20
1479.6396
 10
4373.486
 20
1482.6196
 10
4376.7516
 20
1485.4484
 10
4380.1516
 20
1488.1202
 10
4383.6801
 20
1490.6294
 10
4387.3317
 20
1492.9704
 10
4391.1007
 20
1495.1375
 10
4394.9813
 20
1497.125
 10
4398.9679
 20
1498.9274
 10
4403.055
 20
1500.5388
 10
4407.2368
 20
1501.9538
 10
4411.5076
 20
1503.1666
 10
4415.8619
 20
1504.1715
 10
4420.2939
 20
1504.963
 10
4424.798
 20
1505.5353
 10
4429.3686
 20
1505.8829
 10
4434.0
 20
1506.0
 10
4438.6314
 20
1505.8829
 10
4443.202
 20
1505.5353
 10
4447.7061
 20
1504.963
 10
4452.1381
 20
1504.1715
 10
4456.4924
 20
1503.1666
 10
4460.7632
 20
1501.9538
 10
4464.945
 20
1500.5388
 10
4469.0321
 20
1498.9274
 10
4473.0187
 20
1497.125
 10
4476.8993
 20
1495.1375
 10
4480.6683
 20
1492.9704
 10
4484.3199
 20
1490.6294
 10
4487.8484
 20
1488.1202
 10
4491.2484
 20
1485.4484
 10
4494.514
 20
1482.6196
 10
4497.6396
 20
1479.6396
 10
4500.6196
 20
1476.514
 10
4503.4484
 20
1473.2484
 10
4506.1202
 20
1469.8484
 10
4508.6294
 20
1466.3199
 10
4510.9704
 20
1462.6683
 10
4513.1375
 20
1458.8993
 10
4515.125
 20
1455.0187
 10
4516.9274
 20
1451.0321
 10
4518.5388
 20
1446.945
 10
4519.9538
 20
1442.7632
 10
4521.1666
 20
1438.4924
 10
4522.1715
 20
1434.1381
 10
4522.963
 20
1429.7061
 10
4523.5353
 20
1425.202
 10
4523.8829
 20
1420.6314
 10
4524.0
 20
1416.0
  0
TEXT
  5
EB
330
17
100
AcDbEntity
  8
ETCH
100
AcDbText
 10
4434.0
 20
1419.8594900522512
 30
0.0
 40
24.0
  1
P003
 72
1
 11
4434.0
 21
1419.8594900522512
 31
0.0
100
AcDbText
 73
2
  0
LWPOLYLINE
  5
EC
330
17
100
AcDbEntity
  8
CUT
100
AcDbPolyline
 90
129
 70
1
 10
4898.0
 20
1416.0
 10
4897.8048
 20
1408.281
 10
4897.2256
 20
1400.6634
 10
4896.2717
 20
1393.1565
 10
4894.9525
 20
1385.7698
 10
4893.2776
 20
1378.5127
 10
4891.2563
 20
1371.3946
 10
4888.898
 20
1364.425
 10
4886.2123
 20
1357.6132
 10
4883.2084
 20
1350.9688
 10
4879.8958
 20
1344.5011
 10
4876.284
 20
1338.2195
 10
4872.3824
 20
1332.1336
 10
4868.2003
 20
1326.2526
 10
4863.7473
 20
1320.5861
 10
4859.0327
 20
1315.1434
 10
4854.066
 20
1309.934
 10
4848.8566
 20
1304.9673
 10
4843.4139
 20
1300.2527
 10
4837.7474
 20
1295.7997
 10
4831.8664
 20
1291.6176
 10
4825.7805
 20
1287.716
 10
4819.4989
 20
1284.1042
 10
4813.0312
 20
1280.7916
 10
4806.3868
 20
1277.7877
 10
4799.575
 20
1275.102
 10
4792.6054
 20
1272.7437
 10
4785.4873
 20
1270.7224
 10
4778.2302
 20
1269.0475
 10
4770.8435
 20
1267.7283
 10
4763.3366
 20
1266.7744
 10
4755.719
 20
1266.1952
 10
4748.0
 20
1266.0
 10
4740.281
 20
1266.1952
 10
4732.6634
 20
1266.7744
 10
4725.1565
 20
1267.7283
 10
4717.7698
 20
1269.0475
 10
4710.5127
 20
1270.7224
 10
4703.3946
 20
1272.7437
 10
4696.425
 20
1275.102
 10
4689.6132
 20
1277.7877
 10
4682.9688
 20
1280.7916
 10
4676.5011
 20
1284.1042
 10
4670.2195
 20
1287.716
 10
4664.1336
 20
1291.6176
 10
4658.2526
 20
1295.7997
 10
4652.5861
 20
1300.2527
 10
4647.1434
 20
1304.9673
 10
4641.934
 20
1309.934
 10
4636.9673
 20
1315.1434
 10
4632.2527
 20
1320.5861
 10
4627.7997
 20
1326.2526
 10
4623.6176
 20
1332.1336
 10
4619.716
 20
1338.2195
 10
4616.1042
 20
1344.5011
 10
4612.7916
 20
1350.9688
 10
4609.7877
 20
1357.6132
 10
4607.102
 20
1364.425
 10
4604.7437
 20
1371.3946
 10
4602.7224
 20
1378.5127
 10
4601.0475
 20
1385.7698
 10
4599.7283
 20
1393.1565
 10
4598.7744
 20
1400.6634
 10
4598.1952
 20
1408.281
 10
4598.0
 20
1416.0
 10
4598.1952
 20
1423.719
 10
4598.7744
 20
1431.3366
 10
4599.7283
 20
1438.8435
 10
4601.0475
 20
1446.2302
 10
4602.7224
 20
1453.4873
 10
4604.7437
 20
1460.6054
 10
4607.102
 20
1467.575
 10
4609.7877
 20
1474.3868
 10
4612.7916
 20
1481.0312
 10
4616.1042
 20
1487.4989
 10
4619.716
 20
1493.7805
 10
4623.6176
 20
1499.8664
 10
4627.7997
 20
1505.7474
 10
4632.2527
 20
1511.4139
 10
4636.9673
 20
1516.8566
 10
4641.934
 20
1522.066
 10
4647.1434
 20
1527.0327
 10
4652.5861
 20
1531.7473
 10
4658.2526
 20
1536.2003
 10
4664.1336
 20
1540.3824
 10
4670.2195
 20
1544.284
 10
4676.5011
 20
1547.8958
 10
4682.9688
 20
1551.2084
 10
4689.6132
 20
1554.2123
 10
4696.425
 20
1556.898
 10
4703.3946
 20
1559.2563
 10
4710.5127
 20
1561.2776
 10
4717.7698
 20
1562.9525
 10
4725.1565
 20
1564.2717
 10
4732.6634
 20
1565.2256
 10
4740.281
 20
1565.8048
 10
4748.0
 20
1566.0
 10
4755.719
 20
1565.8048
 10
4763.3366
 20
1565.2256
 10
4770.8435
 20
1564.2717
 10
4778.2302
 20
1562.9525
 10
4785.4873
 20
1561.2776
 10
4792.6054
 20
1559.2563
 10
4799.575
 20
1556.898
 10
4806.3868
 20
1554.2123
 10
4813.0312
 20
1551.2084
 10
4819.4989
 20
1547.8958
 10
4825.7805
 20
1544.284
 10
4831.8664
 20
1540.3824
 10
4837.7474
 20
1536.2003
 10
4843.4139
 20
1531.7473
 10
4848.8566
 20
1527.0327
 10
4854.066
 20
1522.066
 10
4859.0327
 20
1516.8566
 10
4863.7473
 20
1511.4139
 10
4868.2003
 20
1505.7474
 10
4872.3824
 20
1499.8664
 10
4876.284
 20
1493.7805
 10
4879.8958
 20
1487.4989
 10
4883.2084
 20
1481.0312
 10
4886.2123
 20
1474.3868
 10
4888.898
 20
1467.575
 10
4891.2563
 20
1460.6054
 10
4893.2776
 20
1453.4873
 10
4894.9525
 20
1446.2302
 10
4896.2717
 20
1438.8435
 10
4897.2256
 20
1431.3366
 10
4897.8048
 20
1423.719
 10
4898.0
 20
1416.0
  0
LWPOLYLINE
  5
ED
330
17
100
AcDbEntity
  8
CUT
100
AcDbPolyline
 90
129
 70
1
 10
4838.0
 20
1416.0
 10
4837.8829
 20
1411.3686
 10
4837.5353
 20
1406.798
 10
4836.963
 20
1402.2939
 10
4836.1715
 20
1397.8619
 10
4835.1666
 20
1393.5076
 10
4833.9538
 20
1389.2368
 10
4832.5388
 20
1385.055
 10
4830.9274
 20
1380.9679
 10
4829.125
 20
1376.9813
 10
4827.1375
 20
1373.1007
 10
4824.9704
 20
1369.3317
 10
4822.6294
 20
1365.6801
 10
4820.1202
 20
1362.1516
 10
4817.4484
 20
1358.7516
 10
4814.6196
 20
1355.486
 10
4811.6396
 20
1352.3604
 10
4808.514
 20
1349.3804
 10
4805.2484
 20
1346.5516
 10
4801.8484
 20
1343.8798
 10
4798.3199
 20
1341.3706
 10
4794.6683
 20
1339.0296
 10
4790.8993
 20
1336.8625
 10
4787.0187
 20
1334.875
 10
4783.0321
 20
1333.0726
 10
4778.945
 20
1331.4612
 10
4774.7632
 20
1330.0462
 10
4770.4924
 20
1328.8334
 10
4766.1381
 20
1327.8285
 10
4761.7061
 20
1327.037
 10
4757.202
 20
1326.4647
 10
4752.6314
 20
1326.1171
 10
4748.0
 20
1326.0
 10
4743.3686
 20
1326.1171
 10
4738.798
 20
1326.4647
 10
4734.2939
 20
1327.037
 10
4729.8619
 20
1327.8285
 10
4725.5076
 20
1328.8334
 10
4721.2368
 20
1330.0462
 10
4717.055
 20
1331.4612
 10
4712.9679
 20
1333.0726
 10
4708.9813
 20
1334.875
 10
4705.1007
 20
1336.8625
 10
4701.3317
 20
1339.0296
 10
4697.6801
 20
1341.3706
 10
4694.1516
 20
1343.8798
 10
4690.7516
 20
1346.5516
 10
4687.486
 20
1349.3804
 10
4684.3604
 20
1352.3604
 10
4681.3804
 20
1355.486
 10
4678.5516
 20
1358.7516
 10
4675.8798
 20
1362.1516
 10
4673.3706
 20
1365.6801
 10
4671.0296
 20
1369.3317
 10
4668.8625
 20
1373.1007
 10
4666.875
 20
1376.9813
 10
4665.0726
 20
1380.9679
 10
4663.4612
 20
1385.055
 10
4662.0462
 20
1389.2368
 10
4660.8334
 20
1393.5076
 10
4659.8285
 20
1397.8619
 10
4659.037
 20
1402.2939
 10
4658.4647
 20
1406.798
 10
4658.1171
 20
1411.3686
 10
4658.0
 20
1416.0
 10
4658.1171
 20
1420.6314
 10
4658.4647
 20
1425.202
 10
4659.037
 20
1429.7061
 10
4659.8285
 20
1434.1381
 10
4660.8334
 20
1438.4924
 10
4662.0462
 20
1442.7632
 10
4663.4612
 20
1446.945
 10
4665.0726
 20
1451.0321
 10
4666.875
 20
1455.0187
 10
4668.8625
 20
1458.8993
 10
4671.0296
 20
1462.6683
 10
4673.3706
 20
1466.3199
 10
4675.8798
 20
1469.8484
 10
4678.5516
 20
1473.2484
 10
4681.3804
 20
1476.514
 10
4684.3604
 20
1479.6396
 10
4687.486
 20
1482.6196
 10
4690.7516
 20
1485.4484
 10
4694.1516
 20
1488.1202
 10
4697.6801
 20
1490.6294
 10
4701.3317
 20
1492.9704
 10
4705.1007
 20
1495.1375
 10
4708.9813
 20
1497.125
 10
4712.9679
 20
1498.9274
 10
4717.055
 20
1500.5388
 10
4721.2368
 20
1501.9538
 10
4725.5076
 20
1503.1666
 10
4729.8619
 20
1504.1715
 10
4734.2939
 20
1504.963
 10
4738.798
 20
1505.5353
 10
4743.3686
 20
1505.8829
 10
4748.0
 20
1506.0
 10
4752.6314
 20
1505.8829
 10
4757.202
 20
1505.5353
 10
4761.7061
 20
1504.963
 10
4766.1381
 20
1504.1715
 10
4770.4924
 20
1503.1666
 10
4774.7632
 20
1501.9538
 10
4778.945
 20
1500.5388
 10
4783.0321
 20
1498.9274
 10
4787.0187
 20
1497.125
 10
4790.8993
 20
1495.1375
 10
4794.6683
 20
1492.9704
 10
4798.3199
 20
1490.6294
 10
4801.8484
 20
1488.1202
 10
4805.2484
 20
1485.4484
 10
4808.514
 20
1482.6196
 10
4811.6396
 20
1479.6396
 10
4814.6196
 20
1476.514
 10
4817.4484
 20
1473.2484
 10
4820.1202
 20
1469.8484
 10
4822.6294
 20
1466.3199
 10
4824.9704
 20
1462.6683
 10
4827.1375
 20
1458.8993
 10
4829.125
 20
1455.0187
 10
4830.9274
 20
1451.0321
 10
4832.5388
 20
1446.945
 10
4833.9538
 20
1442.7632
 10
4835.1666
 20
1438.4924
 10
4836.1715
 20
1434.1381
 10
4836.963
 20
1429.7061
 10
4837.5353
 20
1425.202
 10
4837.8829
 20
1420.6314
 10
4838.0
 20
1416.0
  0
TEXT
  5
EE
330
17
100
AcDbEntity
  8
ETCH
100
AcDbText
 10
4748.0
 20
1419.8594900522512
 30
0.0
 40
24.0
  1
P003
 72
1
 11
4748.0
 21
1419.8594900522512
 31
0.0
100
AcDbText
 73
2
  0
LWPOLYLINE
  5
EF
330
17
100
AcDbEntity
  8
CUT
100
AcDbPolyline
 90
129
 70
1
 10
4270.0
 20
1730.0
 10
4269.8048
 20
1722.281
 10
4269.2256
 20
1714.6634
 10
4268.2717
 20
1707.1565
 10
4266.9525
 20
1699.7698
 10
4265.2776
 20
1692.5127
 10
4263.2563
 20
1685.3946
 10
4260.898
 20
1678.425
 10
4258.2123
 20
1671.6132
 10
4255.2084
 20
1664.9688
 10
4251.8958
 20
1658.5011
 10
4248.284
 20
1652.2195
 10
4244.3824
 20
1646.1336
 10
4240.2003
 20
1640.2526
 10
4235.7473
 20
1634.5861
 10
4231.0327
 20
1629.1434
 10
4226.066
 20
1623.934
 10
4220.8566
 20
1618.9673
 10
4215.4139
 20
1614.2527
 10
4209.7474
 20
1609.7997
 10
4203.8664
 20
1605.6176
 10
4197.7805
 20
1601.716
 10
4191.4989
 20
1598.1042
 10
4185.0312
 20
1594.7916
 10
4178.3868
 20
1591.7877
 10
4171.575
 20
1589.102
 10
4164.6054
 20
1586.7437
 10
4157.4873
 20
1584.7224
 10
4150.2302
 20
1583.0475
 10
4142.8435
 20
1581.7283
 10
4135.3366
 20
1580.7744
 10
4127.719
 20
1580.1952
 10
4120.0
 20
1580.0
 10
4112.281
 20
1580.1952
 10
4104.6634
 20
1580.7744
 10
4097.1565
 20
1581.7283
 10
4089.7698
 20
1583.0475
 10
4082.5127
 20
1584.7224
 10
4075.3946
 20
1586.7437
 10
4068.425
 20
1589.102
 10
4061.6132
 20
1591.7877
 10
4054.9688
 20
1594.7916
 10
4048.5011
 20
1598.1042
 10
4042.2195
 20
1601.716
 10
4036.1336
 20
1605.6176
 10
4030.2526
 20
1609.7997
 10
4024.5861
 20
1614.2527
 10
4019.1434
 20
1618.9673
 10
4013.934
 20
1623.934
 10
4008.9673
 20
1629.1434
 10
4004.2527
 20
1634.5861
 10
3999.7997
 20
1640.2526
 10
3995.6176
 20
1646.1336
 10
3991.716
 20
1652.2195
 10
3988.1042
 20
1658.5011
 10
3984.7916
 20
1664.9688
 10
3981.7877
 20
1671.6132
 10
3979.102
 20
1678.425
 10
3976.7437
 20
1685.3946
 10
3974.7224
 20
1692.5127
 10
3973.0475
 20
1699.7698
 10
3971.7283
 20
1707.1565
 10
3970.7744
 20
1714.6634
 10
3970.1952
 20
1722.281
 10
3970.0
 20
1730.0
 10
3970.1952
 20
1737.719
 10
3970.7744
 20
1745.3366
 10
3971.7283
 20
1752.8435
 10
3973.0475
 20
1760.2302
 10
3974.7224
 20
1767.4873
 10
3976.7437
 20
1774.6054
 10
3979.102
 20
1781.575
 10
3981.7877
 20
1788.3868
 10
3984.7916
 20
1795.0312
 10
3988.1042
 20
1801.4989
 10
3991.716
 20
1807.7805
 10
3995.6176
 20
1813.8664
 10
3999.7997
 20
1819.7474
 10
4004.2527
 20
1825.4139
 10
4008.9673
 20
1830.8566
 10
4013.934
 20
1836.066
 10
4019.1434
 20
1841.0327
 10
4024.5861
 20
1845.7473
 10
4030.2526
 20
1850.2003
 10
4036.1336
 20
1854.3824
 10
4042.2195
 20
1858.284
 10
4048.5011
 20
1861.8958
 10
4054.9688
 20
1865.2084
 10
4061.6132
 20
1868.2123
 10
4068.425
 20
1870.898
 10
4075.3946
 20
1873.2563
 10
4082.5127
 20
1875.2776
 10
4089.7698
 20
1876.9525
 10
4097.1565
 20
1878.2717
 10
4104.6634
 20
1879.2256
 10
4112.281
 20
1879.8048
 10
4120.0
 20
1880.0
 10
4127.719
 20
1879.8048
 10
4135.3366
 20
1879.2256
 10
4142.8435
 20
1878.2717
 10
4150.2302
 20
1876.9525
 10
4157.4873
 20
1875.2776
 10
4164.6054
 20
1873.2563
 10
4171.575
 20
1870.898
 10
4178.3868
 20
1868.2123
 10
4185.0312
 20
1865.2084
 10
4191.4989
 20
1861.8958
 10
4197.7805
 20
1858.284
 10
4203.8664
 20
1854.3824
 10
4209.7474
 20
1850.2003
 10
4215.4139
 20
1845.7473
 10
4220.8566
 20
1841.0327
 10
4226.066
 20
1836.066
 10
4231.0327
 20
1830.8566
 10
4235.7473
 20
1825.4139
 10
4240.2003
 20
1819.7474
 10
4244.3824
 20
1813.8664
 10
4248.284
 20
1807.7805
 10
4251.8958
 20
1801.4989
 10
4255.2084
 20
1795.0312
 10
4258.2123
 20
1788.3868
 10
4260.898
 20
1781.575
 10
4263.2563
 20
1774.6054
 10
4265.2776
 20
1767.4873
 10
4266.9525
 20
1760.2302
 10
4268.2717
 20
1752.8435
 10
4269.2256
 20
1745.3366
 10
4269.8048
 20
1737.719
 10
4270.0
 20
1730.0
  0
LWPOLYLINE
  5
F0
330
17
100
AcDbEntity
  8
CUT
100
AcDbPolyline
 90
129
 70
1
 10
4210.0
 20
1730.0
 10
4209.8829
 20
1725.3686
 10
4209.5353
 20
1720.798
 10
4208.963
 20
1716.2939
 10
4208.1715
 20
1711.8619
 10
4207.1666
 20
1707.5076
 10
4205.9538
 20
1703.2368
 10
4204.5388
 20
1699.055
 10
4202.9274
 20
1694.9679
 10
4201.125
 20
1690.9813
 10
4199.1375
 20
1687.1007
 10
4196.9704
 20
1683.3317
 10
4194.6294
 20
1679.6801
 10
4192.1202
 20
1676.1516
 10
4189.4484
 20
1672.7516
 10
4186.6196
 20
1669.486
 10
4183.6396
 20
1666.3604
 10
4180.514
 20
1663.3804
 10
4177.2484
 20
1660.5516
 10
4173.8484
 20
1657.8798
 10
4170.3199
 20
1655.3706
 10
4166.6683
 20
1653.0296
 10
4162.8993
 20
1650.8625
 10
4159.0187
 20
1648.875
 10
4155.0321
 20
1647.0726
 10
4150.945
 20
1645.4612
 10
4146.7632
 20
1644.0462
 10
4142.4924
 20
1642.8334
 10
4138.1381
 20
1641.8285
 10
4133.7061
 20
1641.037
 10
4129.202
 20
1640.4647
 10
4124.6314
 20
1640.1171
 10
4120.0
 20
1640.0
 10
4115.3686
 20
1640.1171
 10
4110.798
 20
1640.4647
 10
4106.2939
 20
1641.037
 10
4101.8619
 20
1641.8285
 10
4097.5076
 20
1642.8334
 10
4093.2368
 20
1644.0462
 10
4089.055
 20
1645.4612
 10
4084.9679
 20
1647.0726
 10
4080.9813
 20
1648.875
 10
4077.1007
 20
1650.8625
 10
4073.3317
 20
1653.0296
 10
4069.6801
 20
1655.3706
 10
4066.1516
 20
1657.8798
 10
4062.7516
 20
1660.5516
 10
4059.486
 20
1663.3804
 10
4056.3604
 20
1666.3604
 10
4053.3804
 20
1669.486
 10
4050.5516
 20
1672.7516
 10
4047.8798
 20
1676.1516
 10
4045.3706
 20
1679.6801
 10
4043.0296
 20
1683.3317
 10
4040.8625
 20
1687.1007
 10
4038.875
 20
1690.9813
 10
4037.0726
 20
1694.9679
 10
4035.4612
 20
1699.055
 10
4034.0462
 20
1703.2368
 10
4032.8334
 20
1707.5076
 10
4031.8285
 20
1711.8619
 10
4031.037
 20
1716.2939
 10
4030.4647
 20
1720.798
 10
4030.1171
 20
1725.3686
 10
4030.0
 20
1730.0
 10
4030.1171
 20
1734.6314
 10
4030.4647
 20
1739.202
 10
4031.037
 20
1743.7061
 10
4031.8285
 20
1748.1381
 10
4032.8334
 20
1752.4924
 10
4034.0462
 20
1756.7632
 10
4035.4612
 20
1760.945
 10
4037.0726
 20
1765.0321
 10
4038.875
 20
1769.0187
 10
4040.8625
 20
1772.8993
 10
4043.0296
 20
1776.6683
 10
4045.3706
 20
1780.3199
 10
4047.8798
 20
1783.8484
 10
4050.5516
 20
1787.2484
 10
4053.3804
 20
1790.514
 10
4056.3604
 20
1793.6396
 10
4059.486
 20
1796.6196
 10
4062.7516
 20
1799.4484
 10
4066.1516
 20
1802.1202
 10
4069.6801
 20
1804.6294
 10
4073.3317
 20
1806.9704
 10
4077.1007
 20
1809.1375
 10
4080.9813
 20
1811.125
 10
4084.9679
 20
1812.9274
 10
4089.055
 20
1814.5388
 10
4093.2368
 20
1815.9538
 10
4097.5076
 20
1817.1666
 10
4101.8619
 20
1818.1715
 10
4106.2939
 20
1818.963
 10
4110.798
 20
1819.5353
 10
4115.3686
 20
1819.8829
 10
4120.0
 20
1820.0
 10
4124.6314
 20
1819.8829
 10
4129.202
 20
1819.5353
 10
4133.7061
 20
1818.963
 10
4138.1381
 20
1818.1715
 10
4142.4924
 20
1817.1666
 10
4146.7632
 20
1815.9538
 10
4150.945
 20
1814.5388
 10
4155.0321
 20
1812.9274
 10
4159.0187
 20
1811.125
 10
4162.8993
 20
1809.1375
 10
4166.6683
 20
1806.9704
 10
4170.3199
 20
1804.6294
 10
4173.8484
 20
1802.1202
 10
4177.2484
 20
1799.4484
 10
4180.514
 20
1796.6196
 10
4183.6396
 20
1793.6396
 10
4186.6196
 20
1790.514
 10
4189.4484
 20
1787.2484
 10
4192.1202
 20
1783.8484
 10
4194.6294
 20
1780.3199
 10
4196.9704
 20
1776.6683
 10
4199.1375
 20
1772.8993
 10
4201.125
 20
1769.0187
 10
4202.9274
 20
1765.0321
 10
4204.5388
 20
1760.945
 10
4205.9538
 20
1756.7632
 10
4207.1666
 20
1752.4924
 10
4208.1715
 20
1748.1381
 10
4208.963
 20
1743.7061
 10
4209.5353
 20
1739.202
 10
4209.8829
 20
1734.6314
 10
4210.0
 20
1730.0
  0
TEXT
  5
F1
330
17
100
AcDbEntity
  8
ETCH
100
AcDbText
 10
4120.0
 20
1733.8594900522512
 30
0.0
 40
24.0
  1
P003
 72
1
 11
4120.0
 21
1733.8594900522512
 31
0.0
100
AcDbText
 73
2
  0
LWPOLYLINE
  5
F2
330
17
100
AcDbEntity
  8
CUT
100
AcDbPolyline
 90
129
 70
1
 10
4584.0
 20
1730.0
 10
4583.8048
 20
1722.281
 10
4583.2256
 20
1714.6634
 10
4582.2717
 20
1707.1565
 10
4580.9525
 20
1699.7698
 10
4579.2776
 20
1692.5127
 10
4577.2563
 20
1685.3946
 10
4574.898
 20
1678.425
 10
4572.2123
 20
1671.6132
 10
4569.2084
 20
1664.9688
 10
4565.8958
 20
1658.5011
 10
4562.284
 20
1652.2195
 10
4558.3824
 20
1646.1336
 10
4554.2003
 20
1640.2526
 10
4549.7473
 20
1634.5861
 10
4545.0327
 20
1629.1434
 10
4540.066
 20
1623.934
 10
4534.8566
 20
1618.9673
 10
4529.4139
 20
1614.2527
 10
4523.7474
 20
1609.7997
 10
4517.8664
 20
1605.6176
 10
4511.7805
 20
1601.716
 10
4505.4989
 20
1598.1042
 10
4499.0312
 20
1594.7916
 10
4492.3868
 20
1591.7877
 10
4485.575
 20
1589.102
 10
4478.6054
 20
1586.7437
 10
4471.4873
 20
1584.7224
 10
4464.2302
 20
1583.0475
 10
4456.8435
 20
1581.7283
 10
4449.3366
 20
1580.7744
 10
4441.719
 20
1580.1952
 10
4434.0
 20
1580.0
 10
4426.281
 20
1580.1952
 10
4418.6634
 20
1580.7744
 10
4411.1565
 20
1581.7283
 10
4403.7698
 20
1583.0475
 10
4396.5127
 20
1584.7224
 10
4389.3946
 20
1586.7437
 10
4382.425
 20
1589.102
 10
4375.6132
 20
1591.7877
 10
4368.9688
 20
1594.7916
 10
4362.5011
 20
1598.1042
 10
4356.2195
 20
1601.716
 10
4350.1336
 20
1605.6176
 10
4344.2526
 20
1609.7997
 10
4338.5861
 20
1614.2527
 10
4333.1434
 20
1618.9673
 10
4327.934
 20
1623.934
 10
4322.9673
 20
1629.1434
 10
4318.2527
 20
1634.5861
 10
4313.7997
 20
1640.2526
 10
4309.6176
 20
1646.1336
 10
4305.716
 20
1652.2195
 10
4302.1042
 20
1658.5011
 10
4298.7916
 20
1664.9688
 10
4295.7877
 20
1671.6132
 10
4293.102
 20
1678.425
 10
4290.7437
 20
1685.3946
 10
4288.7224
 20
1692.5127
 10
4287.0475
 20
1699.7698
 10
4285.7283
 20
1707.1565
 10
4284.7744
 20
1714.6634
 10
4284.1952
 20
1722.281
 10
4284.0
 20
1730.0
 10
4284.1952
 20
1737.719
 10
4284.7744
 20
1745.3366
 10
4285.7283
 20
1752.8435
 10
4287.0475
 20
1760.2302
 10
4288.7224
 20
1767.4873
 10
4290.7437
 20
1774.6054
 10
4293.102
 20
1781.575
 10
4295.7877
 20
1788.3868
 10
4298.7916
 20
1795.0312
 10
4302.1042
 20
1801.4989
 10
4305.716
 20
1807.7805
 10
4309.6176
 20
1813.8664
 10
4313.7997
 20
1819.7474
 10
4318.2527
 20
1825.4139
 10
4322.9673
 20
1830.8566
 10
4327.934
 20
1836.066
 10
4333.1434
 20
1841.0327
 10
4338.5861
 20
1845.7473
 10
4344.2526
 20
1850.2003
 10
4350.1336
 20
1854.3824
 10
4356.2195
 20
1858.284
 10
4362.5011
 20
1861.8958
 10
4368.9688
 20
1865.2084
 10
4375.6132
 20
1868.2123
 10
4382.425
 20
1870.898
 10
4389.3946
 20
1873.2563
 10
4396.5127
 20
1875.2776
 10
4403.7698
 20
1876.9525
 10
4411.1565
 20
1878.2717
 10
4418.6634
 20
1879.2256
 10
4426.281
 20
1879.8048
 10
4434.0
 20
1880.0
 10
4441.719
 20
1879.8048
 10
4449.3366
 20
1879.2256
 10
4456.8435
 20
1878.2717
 10
4464.2302
 20
1876.9525
 10
4471.4873
 20
1875.2776
 10
4478.6054
 20
1873.2563
 10
4485.575
 20
1870.898
 10
4492.3868
 20
1868.2123
 10
4499.0312
 20
1865.2084
 10
4505.4989
 20
1861.8958
 10
4511.7805
 20
1858.284
 10
4517.8664
 20
1854.3824
 10
4523.7474
 20
1850.2003
 10
4529.4139
 20
1845.7473
 10
4534.8566
 20
1841.0327
 10
4540.066
 20
1836.066
 10
4545.0327
 20
1830.8566
 10
4549.7473
 20
1825.4139
 10
4554.2003
 20
1819.7474
 10
4558.3824
 20
1813.8664
 10
4562.284
 20
1807.7805
 10
4565.8958
 20
1801.4989
 10
4569.2084
 20
1795.0312
 10
4572.2123
 20
1788.3868
 10
4574.898
 20
1781.575
 10
4577.2563
 20
1774.6054
 10
4579.2776
 20
1767.4873
 10
4580.9525
 20
1760.2302
 10
4582.2717
 20
1752.8435
 10
4583.2256
 20
1745.3366
 10
4583.8048
 20
1737.719
 10
4584.0
 20
1730.0
  0
LWPOLYLINE
  5
F3
330
17
100
AcDbEntity
  8
CUT
100
AcDbPolyline
 90
129
 70
1
 10
4524.0
 20
1730.0
 10
4523.8829
 20
1725.3686
 10
4523.5353
 20
1720.798
 10
4522.963
 20
1716.2939
 10
4522.1715
 20
1711.8619
 10
4521.1666
 20
1707.5076
 10
4519.9538
 20
1703.2368
 10
4518.5388
 20
1699.055
 10
4516.9274
 20
1694.9679
 10
4515.125
 20
1690.9813
 10
4513.1375
 20
1687.1007
 10
4510.9704
 20
1683.3317
 10
4508.6294
 20
1679.6801
 10
4506.1202
 20
1676.1516
 10
4503.4484
 20
1672.7516
 10
4500.6196
 20
1669.486
 10
4497.6396
 20
1666.3604
 10
4494.514
 20
1663.3804
 10
4491.2484
 20
1660.5516
 10
4487.8484
 20
1657.8798
 10
4484.3199
 20
1655.3706
 10
4480.6683
 20
1653.0296
 10
4476.8993
 20
1650.8625
 10
4473.0187
 20
1648.875
 10
4469.0321
 20
1647.0726
 10
4464.945
 20
1645.4612
 10
4460.7632
 20
1644.0462
 10
4456.4924
 20
1642.8334
 10
4452.1381
 20
1641.8285
 10
4447.7061
 20
1641.037
 10
4443.202
 20
1640.4647
 10
4438.6314
 20
1640.1171
 10
4434.0
 20
1640.0
 10
4429.3686
 20
1640.1171
 10
4424.798
 20
1640.4647
 10
4420.2939
 20
1641.037
 10
4415.8619
 20
1641.8285
 10
4411.5076
 20
1642.8334
 10
4407.2368
 20
1644.0462
 10
4403.055
 20
1645.4612
 10
4398.9679
 20
1647.0726
 10
4394.9813
 20
1648.875
 10
4391.1007
 20
1650.8625
 10
4387.3317
 20
1653.0296
 10
4383.6801
 20
1655.3706
 10
4380.1516
 20
1657.8798
 10
4376.7516
 20
1660.5516
 10
4373.486
 20
1663.3804
 10
4370.3604
 20
1666.3604
 10
4367.3804
 20
1669.486
 10
4364.5516
 20
1672.7516
 10
4361.8798
 20
1676.1516
 10
4359.3706
 20
1679.6801
 10
4357.0296
 20
1683.3317
 10
4354.8625
 20
1687.1007
 10
4352.875
 20
1690.9813
 10
4351.0726
 20
1694.9679
 10
4349.4612
 20
1699.055
 10
4348.0462
 20
1703.2368
 10
4346.8334
 20
1707.5076
 10
4345.8285
 20
1711.8619
 10
4345.037
 20
1716.2939
 10
4344.4647
 20
1720.798
 10
4344.1171
 20
1725.3686
 10
4344.0
 20
1730.0
 10
4344.1171
 20
1734.6314
 10
4344.4647
 20
1739.202
 10
4345.037
 20
1743.7061
 10
4345.8285
 20
1748.1381
 10
4346.8334
 20
1752.4924
 10
4348.0462
 20
1756.7632
 10
4349.4612
 20
1760.945
 10
4351.0726
 20
1765.0321
 10
4352.875
 20
1769.0187
 10
4354.8625
 20
1772.8993
 10
4357.0296
 20
1776.6683
 10
4359.3706
 20
1780.3199
 10
4361.8798
 20
1783.8484
 10
4364.5516
 20
1787.2484
 10
4367.3804
 20
1790.514
 10
4370.3604
 20
1793.6396
 10
4373.486
 20
1796.6196
 10
4376.7516
 20
1799.4484
 10
4380.1516
 20
1802.1202
 10
4383.6801
 20
1804.6294
 10
4387.3317
 20
1806.9704
 10
4391.1007
 20
1809.1375
 10
4394.9813
 20
1811.125
 10
4398.9679
 20
1812.9274
 10
4403.055
 20
1814.5388
 10
4407.2368
 20
1815.9538
 10
4411.5076
 20
1817.1666
 10
4415.8619
 20
1818.1715
 10
4420.2939
 20
1818.963
 10
4424.798
 20
1819.5353
 10
4429.3686
 20
1819.8829
 10
4434.0
 20
1820.0
 10
4438.6314
 20
1819.8829
 10
4443.202
 20
1819.5353
 10
4447.7061
 20
1818.963
 10
4452.1381
 20
1818.1715
 10
4456.4924
 20
1817.1666
 10
4460.7632
 20
1815.9538
 10
4464.945
 20
1814.5388
 10
4469.0321
 20
1812.9274
 10
4473.0187
 20
1811.125
 10
4476.8993
 20
1809.1375
 10
4480.6683
 20
1806.9704
 10
4484.3199
 20
1804.6294
 10
4487.8484
 20
1802.1202
 10
4491.2484
 20
1799.4484
 10
4494.514
 20
1796.6196
 10
4497.6396
 20
1793.6396
 10
4500.6196
 20
1790.514
 10
4503.4484
 20
1787.2484
 10
4506.1202
 20
1783.8484
 10
4508.6294
 20
1780.3199
 10
4510.9704
 20
1776.6683
 10
4513.1375
 20
1772.8993
 10
4515.125
 20
1769.0187
 10
4516.9274
 20
1765.0321
 10
4518.5388
 20
1760.945
 10
4519.9538
 20
1756.7632
 10
4521.1666
 20
1752.4924
 10
4522.1715
 20
1748.1381
 10
4522.963
 20
1743.7061
 10
4523.5353
 20
1739.202
 10
4523.8829
 20
1734.6314
 10
4524.0
 20
1730.0
  0
TEXT
  5
F4
330
17
100
AcDbEntity
  8
ETCH
100
AcDbText
 10
4434.0
 20
1733.8594900522512
 30
0.0
 40
24.0
  1
P003
 72
1
 11
4434.0
 21
1733.8594900522512
 31
0.0
100
AcDbText
 73
2
  0
LWPOLYLINE
  5
F5
330
17
100
AcDbEntity
  8
CUT
100
AcDbPolyline
 90
129
 70
1
 10
4898.0
 20
1730.0
 10
4897.8048
 20
1722.281
 10
4897.2256
 20
1714.6634
 10
4896.2717
 20
1707.1565
 10
4894.9525
 20
1699.7698
 10
4893.2776
 20
1692.5127
 10
4891.2563
 20
1685.3946
 10
4888.898
 20
1678.425
 10
4886.2123
 20
1671.6132
 10
4883.2084
 20
1664.9688
 10
4879.8958
 20
1658.5011
 10
4876.284
 20
1652.2195
 10
4872.3824
 20
1646.1336
 10
4868.2003
 20
1640.2526
 10
4863.7473
 20
1634.5861
 10
4859.0327
 20
1629.1434
 10
4854.066
 20
1623.934
 10
4848.8566
 20
1618.9673
 10
4843.4139
 20
1614.2527
 10
4837.7474
 20
1609.7997
 10
4831.8664
 20
1605.6176
 10
4825.7805
 20
1601.716
 10
4819.4989
 20
1598.1042
 10
4813.0312
 20
1594.7916
 10
4806.3868
 20
1591.7877
 10
4799.575
 20
1589.102
 10
4792.6054
 20
1586.7437
 10
4785.4873
 20
1584.7224
 10
4778.2302
 20
1583.0475
 10
4770.8435
 20
1581.7283
 10
4763.3366
 20
1580.7744
 10
4755.719
 20
1580.1952
 10
4748.0
 20
1580.0
 10
4740.281
 20
1580.1952
 10
4732.6634
 20
1580.7744
 10
4725.1565
 20
1581.7283
 10
4717.7698
 20
1583.0475
 10
4710.5127
 20
1584.7224
 10
4703.3946
 20
1586.7437
 10
4696.425
 20
1589.102
 10
4689.6132
 20
1591.7877
 10
4682.9688
 20
1594.7916
 10
4676.5011
 20
1598.1042
 10
4670.2195
 20
1601.716
 10
4664.1336
 20
1605.6176
 10
4658.2526
 20
1609.7997
 10
4652.5861
 20
1614.2527
 10
4647.1434
 20
1618.9673
 10
4641.934
 20
1623.934
 10
4636.9673
 20
1629.1434
 10
4632.2527
 20
1634.5861
 10
4627.7997
 20
1640.2526
 10
4623.6176
 20
1646.1336
 10
4619.716
 20
1652.2195
 10
4616.1042
 20
1658.5011
 10
4612.7916
 20
1664.9688
 10
4609.7877
 20
1671.6132
 10
4607.102
 20
1678.425
 10
4604.7437
 20
1685.3946
 10
4602.7224
 20
1692.5127
 10
4601.0475
 20
1699.7698
 10
4599.7283
 20
1707.1565
 10
4598.7744
 20
1714.6634
 10
4598.1952
 20
1722.281
 10
4598.0
 20
1730.0
 10
4598.1952
 20
1737.719
 10
4598.7744
 20
1745.3366
 10
4599.7283
 20
1752.8435
 10
4601.0475
 20
1760.2302
 10
4602.7224
 20
1767.4873
 10
4604.7437
 20
1774.6054
 10
4607.102
 20
1781.575
 10
4609.7877
 20
1788.3868
 10
4612.7916
 20
1795.0312
 10
4616.1042
 20
1801.4989
 10
4619.716
 20
1807.7805
 10
4623.6176
 20
1813.8664
 10
4627.7997
 20
1819.7474
 10
4632.2527
 20
1825.4139
 10
4636.9673
 20
1830.8566
 10
4641.934
 20
1836.066
 10
4647.1434
 20
1841.0327
 10
4652.5861
 20
1845.7473
 10
4658.2526
 20
1850.2003
 10
4664.1336
 20
1854.3824
 10
4670.2195
 20
1858.284
 10
4676.5011
 20
1861.8958
 10
4682.9688
 20
1865.2084
 10
4689.6132
 20
1868.2123
 10
4696.425
 20
1870.898
 10
4703.3946
 20
1873.2563
 10
4710.5127
 20
1875.2776
 10
4717.7698
 20
1876.9525
 10
4725.1565
 20
1878.2717
 10
4732.6634
 20
1879.2256
 10
4740.281
 20
1879.8048
 10
4748.0
 20
1880.0
 10
4755.719
 20
1879.8048
 10
4763.3366
 20
1879.2256
 10
4770.8435
 20
1878.2717
 10
4778.2302
 20
1876.9525
 10
4785.4873
 20
1875.2776
 10
4792.6054
 20
1873.2563
 10
4799.575
 20
1870.898
 10
4806.3868
 20
1868.2123
 10
4813.0312
 20
1865.2084
 10
4819.4989
 20
1861.8958
 10
4825.7805
 20
1858.284
 10
4831.8664
 20
1854.3824
 10
4837.7474
 20
1850.2003
 10
4843.4139
 20
1845.7473
 10
4848.8566
 20
1841.0327
 10
4854.066
 20
1836.066
 10
4859.0327
 20
1830.8566
 10
4863.7473
 20
1825.4139
 10
4868.2003
 20
1819.7474
 10
4872.3824
 20
1813.8664
 10
4876.284
 20
1807.7805
 10
4879.8958
 20
1801.4989
 10
4883.2084
 20
1795.0312
 10
4886.2123
 20
1788.3868
 10
4888.898
 20
1781.575
 10
4891.2563
 20
1774.6054
 10
4893.2776
 20
1767.4873
 10
4894.9525
 20
1760.2302
 10
4896.2717
 20
1752.8435
 10
4897.2256
 20
1745.3366
 10
4897.8048
 20
1737.719
 10
4898.0
 20
1730.0
  0
LWPOLYLINE
  5
F6
330
17
100
AcDbEntity
  8
CUT
100
AcDbPolyline
 90
129
 70
1
 10
4838.0
 20
1730.0
 10
4837.8829
 20
1725.3686
 10
4837.5353
 20
1720.798
 10
4836.963
 20
1716.2939
 10
4836.1715
 20
1711.8619
 10
4835.1666
 20
1707.5076
 10
4833.9538
 20
1703.2368
 10
4832.5388
 20
1699.055
 10
4830.9274
 20
1694.9679
 10
4829.125
 20
1690.9813
 10
4827.1375
 20
1687.1007
 10
4824.9704
 20
1683.3317
 10
4822.6294
 20
1679.6801
 10
4820.1202
 20
1676.1516
 10
4817.4484
 20
1672.7516
 10
4814.6196
 20
1669.486
 10
4811.6396
 20
1666.3604
 10
4808.514
 20
1663.3804
 10
4805.2484
 20
1660.5516
 10
4801.8484
 20
1657.8798
 10
4798.3199
 20
1655.3706
 10
4794.6683
 20
1653.0296
 10
4790.8993
 20
1650.8625
 10
4787.0187
 20
1648.875
 10
4783.0321
 20
1647.0726
 10
4778.945
 20
1645.4612
 10
4774.7632
 20
1644.0462
 10
4770.4924
 20
1642.8334
 10
4766.1381
 20
1641.8285
 10
4761.7061
 20
1641.037
 10
4757.202
 20
1640.4647
 10
4752.6314
 20
1640.1171
 10
4748.0
 20
1640.0
 10
4743.3686
 20
1640.1171
 10
4738.798
 20
1640.4647
 10
4734.2939
 20
1641.037
 10
4729.8619
 20
1641.8285
 10
4725.5076
 20
1642.8334
 10
4721.2368
 20
1644.0462
 10
4717.055
 20
1645.4612
 10
4712.9679
 20
1647.0726
 10
4708.9813
 20
1648.875
 10
4705.1007
 20
1650.8625
 10
4701.3317
 20
1653.0296
 10
4697.6801
 20
1655.3706
 10
4694.1516
 20
1657.8798
 10
4690.7516
 20
1660.5516
 10
4687.486
 20
1663.3804
 10
4684.3604
 20
1666.3604
 10
4681.3804
 20
1669.486
 10
4678.5516
 20
1672.7516
 10
4675.8798
 20
1676.1516
 10
4673.3706
 20
1679.6801
 10
4671.0296
 20
1683.3317
 10
4668.8625
 20
1687.1007
 10
4666.875
 20
1690.9813
 10
4665.0726
 20
1694.9679
 10
4663.4612
 20
1699.055
 10
4662.0462
 20
1703.2368
 10
4660.8334
 20
1707.5076
 10
4659.8285
 20
1711.8619
 10
4659.037
 20
1716.2939
 10
4658.4647
 20
1720.798
 10
4658.1171
 20
1725.3686
 10
4658.0
 20
1730.0
 10
4658.1171
 20
1734.6314
 10
4658.4647
 20
1739.202
 10
4659.037
 20
1743.7061
 10
4659.8285
 20
1748.1381
 10
4660.8334
 20
1752.4924
 10
4662.0462
 20
1756.7632
 10
4663.4612
 20
1760.945
 10
4665.0726
 20
1765.0321
 10
4666.875
 20
1769.0187
 10
4668.8625
 20
1772.8993
 10
4671.0296
 20
1776.6683
 10
4673.3706
 20
1780.3199
 10
4675.8798
 20
1783.8484
 10
4678.5516
 20
1787.2484
 10
4681.3804
 20
1790.514
 10
4684.3604
 20
1793.6396
 10
4687.486
 20
1796.6196
 10
4690.7516
 20
1799.4484
 10
4694.1516
 20
1802.1202
 10
4697.6801
 20
1804.6294
 10
4701.3317
 20
1806.9704
 10
4705.1007
 20
1809.1375
 10
4708.9813
 20
1811.125
 10
4712.9679
 20
1812.9274
 10
4717.055
 20
1814.5388
 10
4721.2368
 20
1815.9538
 10
4725.5076
 20
1817.1666
 10
4729.8619
 20
1818.1715
 10
4734.2939
 20
1818.963
 10
4738.798
 20
1819.5353
 10
4743.3686
 20
1819.8829
 10
4748.0
 20
1820.0
 10
4752.6314
 20
1819.8829
 10
4757.202
 20
1819.5353
 10
4761.7061
 20
1818.963
 10
4766.1381
 20
1818.1715
 10
4770.4924
 20
1817.1666
 10
4774.7632
 20
1815.9538
 10
4778.945
 20
1814.5388
 10
4783.0321
 20
1812.9274
 10
4787.0187
 20
1811.125
 10
4790.8993
 20
1809.1375
 10
4794.6683
 20
1806.9704
 10
4798.3199
 20
1804.6294
 10
4801.8484
 20
1802.1202
 10
4805.2484
 20
1799.4484
 10
4808.514
 20
1796.6196
 10
4811.6396
 20
1793.6396
 10
4814.6196
 20
1790.514
 10
4817.4484
 20
1787.2484
 10
4820.1202
 20
1783.8484
 10
4822.6294
 20
1780.3199
 10
4824.9704
 20
1776.6683
 10
4827.1375
 20
1772.8993
 10
4829.125
 20
1769.0187
 10
4830.9274
 20
1765.0321
 10
4832.5388
 20
1760.945
 10
4833.9538
 20
1756.7632
 10
4835.1666
 20
1752.4924
 10
4836.1715
 20
1748.1381
 10
4836.963
 20
1743.7061
 10
4837.5353
 20
1739.202
 10
4837.8829
 20
1734.6314
 10
4838.0
 20
1730.0
  0
TEXT
  5
F7
330
17
100
AcDbEntity
  8
ETCH
100
AcDbText
 10
4748.0
 20
1733.8594900522512
 30
0.0
 40
24.0
  1
P003
 72
1
 11
4748.0
 21
1733.8594900522512
 31
0.0
100
AcDbText
 73
2
  0
LWPOLYLINE
  5
F8
330
17
100
AcDbEntity
  8
CUT
100
AcDbPolyline
 90
129
 70
1
 10
4270.0
 20
2044.0
 10
4269.8048
 20
2036.281
 10
4269.2256
 20
2028.6634
 10
4268.2717
 20
2021.1565
 10
4266.9525
 20
2013.7698
 10
4265.2776
 20
2006.5127
 10
4263.2563
 20
1999.3946
 10
4260.898
 20
1992.425
 10
4258.2123
 20
1985.6132
 10
4255.2084
 20
1978.9688
 10
4251.8958
 20
1972.5011
 10
4248.284
 20
1966.2195
 10
4244.3824
 20
1960.1336
 10
4240.2003
 20
1954.2526
 10
4235.7473
 20
1948.5861
 10
4231.0327
 20
1943.1434
 10
4226.066
 20
1937.934
 10
4220.8566
 20
1932.9673
 10
4215.4139
 20
1928.2527
 10
4209.7474
 20
1923.7997
 10
4203.8664
 20
1919.6176
 10
4197.7805
 20
1915.716
 10
4191.4989
 20
1912.1042
 10
4185.0312
 20
1908.7916
 10
4178.3868
 20
1905.7877
 10
4171.575
 20
1903.102
 10
4164.6054
 20
1900.7437
 10
4157.4873
 20
1898.7224
 10
4150.2302
 20
1897.0475
 10
4142.8435
 20
1895.7283
 10
4135.3366
 20
1894.7744
 10
4127.719
 20
1894.1952
 10
4120.0
 20
1894.0
 10
4112.281
 20
1894.1952
 10
4104.6634
 20
1894.7744
 10
4097.1565
 20
1895.7283
 10
4089.7698
 20
1897.0475
 10
4082.5127
 20
1898.7224
 10
4075.3946
 20
1900.7437
 10
4068.425
 20
1903.102
 10
4061.6132
 20
1905.7877
 10
4054.9688
 20
1908.7916
 10
4048.5011
 20
1912.1042
 10
4042.2195
 20
1915.716
 10
4036.1336
 20
1919.6176
 10
4030.2526
 20
1923.7997
 10
4024.5861
 20
1928.2527
 10
4019.1434
 20
1932.9673
 10
4013.934
 20
1937.934
 10
4008.9673
 20
1943.1434
 10
4004.2527
 20
1948.5861
 10
3999.7997
 20
1954.2526
 10
3995.6176
 20
1960.1336
 10
3991.716
 20
1966.2195
 10
3988.1042
 20
1972.5011
 10
3984.7916
 20
1978.9688
 10
3981.7877
 20
1985.6132
 10
3979.102
 20
1992.425
 10
3976.7437
 20
1999.3946
 10
3974.7224
 20
2006.5127
 10
3973.0475
 20
2013.7698
 10
3971.7283
 20
2021.1565
 10
3970.7744
 20
2028.6634
 10
3970.1952
 20
2036.281
 10
3970.0
 20
2044.0
 10
3970.1952
 20
2051.719
 10
3970.7744
 20
2059.3366
 10
3971.7283
 20
2066.8435
 10
3973.0475
 20
2074.2302
 10
3974.7224
 20
2081.4873
 10
3976.7437
 20
2088.6054
 10
3979.102
 20
2095.575
 10
3981.7877
 20
2102.3868
 10
3984.7916
 20
2109.0312
 10
3988.1042
 20
2115.4989
 10
3991.716
 20
2121.7805
 10
3995.6176
 20
2127.8664
 10
3999.7997
 20
2133.7474
 10
4004.2527
 20
2139.4139
 10
4008.9673
 20
2144.8566
 10
4013.934
 20
2150.066
 10
4019.1434
 20
2155.0327
 10
4024.5861
 20
2159.7473
 10
4030.2526
 20
2164.2003
 10
4036.1336
 20
2168.3824
 10
4042.2195
 20
2172.284
 10
4048.5011
 20
2175.8958
 10
4054.9688
 20
2179.2084
 10
4061.6132
 20
2182.2123
 10
4068.425
 20
2184.898
 10
4075.3946
 20
2187.2563
 10
4082.5127
 20
2189.2776
 10
4089.7698
 20
2190.9525
 10
4097.1565
 20
2192.2717
 10
4104.6634
 20
2193.2256
 10
4112.281
 20
2193.8048
 10
4120.0
 20
2194.0
 10
4127.719
 20
2193.8048
 10
4135.3366
 20
2193.2256
 10
4142.8435
 20
2192.2717
 10
4150.2302
 20
2190.9525
 10
4157.4873
 20
2189.2776
 10
4164.6054
 20
2187.2563
 10
4171.575
 20
2184.898
 10
4178.3868
 20
2182.2123
 10
4185.0312
 20
2179.2084
 10
4191.4989
 20
2175.8958
 10
4197.7805
 20
2172.284
 10
4203.8664
 20
2168.3824
 10
4209.7474
 20
2164.2003
 10
4215.4139
 20
2159.7473
 10
4220.8566
 20
2155.0327
 10
4226.066
 20
2150.066
 10
4231.0327
 20
2144.8566
 10
4235.7473
 20
2139.4139
 10
4240.2003
 20
2133.7474
 10
4244.3824
 20
2127.8664
 10
4248.284
 20
2121.7805
 10
4251.8958
 20
2115.4989
 10
4255.2084
 20
2109.0312
 10
4258.2123
 20
2102.3868
 10
4260.898
 20
2095.575
 10
4263.2563
 20
2088.6054
 10
4265.2776
 20
2081.4873
 10
4266.9525
 20
2074.2302
 10
4268.2717
 20
2066.8435
 10
4269.2256
 20
2059.3366
 10
4269.8048
 20
2051.719
 10
4270.0
 20
2044.0
  0
LWPOLYLINE
  5
F9
330
17
100
AcDbEntity
  8
CUT
100
AcDbPolyline
 90
129
 70
1
 10
4210.0
 20
2044.0
 10
4209.8829
 20
2039.3686
 10
4209.5353
 20
2034.798
 10
4208.963
 20
2030.2939
 10
4208.1715
 20
2025.8619
 10
4207.1666
 20
2021.5076
 10
4205.9538
 20
2017.2368
 10
4204.5388
 20
2013.055
 10
4202.9274
 20
2008.9679
 10
4201.125
 20
2004.9813
 10
4199.1375
 20
2001.1007
 10
4196.9704
 20
1997.3317
 10
4194.6294
 20
1993.6801
 10
4192.1202
 20
1990.1516
 10
4189.4484
 20
1986.7516
 10
4186.6196
 20
1983.486
 10
4183.6396
 20
1980.3604
 10
4180.514
 20
1977.3804
 10
4177.2484
 20
1974.5516
 10
4173.8484
 20
1971.8798
 10
4170.3199
 20
1969.3706
 10
4166.6683
 20
1967.0296
 10
4162.8993
 20
1964.8625
 10
4159.0187
 20
1962.875
 10
4155.0321
 20
1961.0726
 10
4150.945
 20
1959.4612
 10
4146.7632
 20
1958.0462
 10
4142.4924
 20
1956.8334
 10
4138.1381
 20
1955.8285
 10
4133.7061
 20
1955.037
 10
4129.202
 20
1954.4647
 10
4124.6314
 20
1954.1171
 10
4120.0
 20
1954.0
 10
4115.3686
 20
1954.1171
 10
4110.798
 20
1954.4647
 10
4106.2939
 20
1955.037
 10
4101.8619
 20
1955.8285
 10
4097.5076
 20
1956.8334
 10
4093.2368
 20
1958.0462
 10
4089.055
 20
1959.4612
 10
4084.9679
 20
1961.0726
 10
4080.9813
 20
1962.875
 10
4077.1007
 20
1964.8625
 10
4073.3317
 20
1967.0296
 10
4069.6801
 20
1969.3706
 10
4066.1516
 20
1971.8798
 10
4062.7516
 20
1974.5516
 10
4059.486
 20
1977.3804
 10
4056.3604
 20
1980.3604
 10
4053.3804
 20
1983.486
 10
4050.5516
 20
1986.7516
 10
4047.8798
 20
1990.1516
 10
4045.3706
 20
1993.6801
 10
4043.0296
 20
1997.3317
 10
4040.8625
 20
2001.1007
 10
4038.875
 20
2004.9813
 10
4037.0726
 20
2008.9679
 10
4035.4612
 20
2013.055
 10
4034.0462
 20
2017.2368
 10
4032.8334
 20
2021.5076
 10
4031.8285
 20
2025.8619
 10
4031.037
 20
2030.2939
 10
4030.4647
 20
2034.798
 10
4030.1171
 20
2039.3686
 10
4030.0
 20
2044.0
 10
4030.1171
 20
2048.6314
 10
4030.4647
 20
2053.202
 10
4031.037
 20
2057.7061
 10
4031.8285
 20
2062.1381
 10
4032.8334
 20
2066.4924
 10
4034.0462
 20
2070.7632
 10
4035.4612
 20
2074.945
 10
4037.0726
 20
2079.0321
 10
4038.875
 20
2083.0187
 10
4040.8625
 20
2086.8993
 10
4043.0296
 20
2090.6683
 10
4045.3706
 20
2094.3199
 10
4047.8798
 20
2097.8484
 10
4050.5516
 20
2101.2484
 10
4053.3804
 20
2104.514
 10
4056.3604
 20
2107.6396
 10
4059.486
 20
2110.6196
 10
4062.7516
 20
2113.4484
 10
4066.1516
 20
2116.1202
 10
4069.6801
 20
2118.6294
 10
4073.3317
 20
2120.9704
 10
4077.1007
 20
2123.1375
 10
4080.9813
 20
2125.125
 10
4084.9679
 20
2126.9274
 10
4089.055
 20
2128.5388
 10
4093.2368
 20
2129.9538
 10
4097.5076
 20
2131.1666
 10
4101.8619
 20
2132.1715
 10
4106.2939
 20
2132.963
 10
4110.798
 20
2133.5353
 10
4115.3686
 20
2133.8829
 10
4120.0
 20
2134.0
 10
4124.6314
 20
2133.8829
 10
4129.202
 20
2133.5353
 10
4133.7061
 20
2132.963
 10
4138.1381
 20
2132.1715
 10
4142.4924
 20
2131.1666
 10
4146.7632
 20
2129.9538
 10
4150.945
 20
2128.5388
 10
4155.0321
 20
2126.9274
 10
4159.0187
 20
2125.125
 10
4162.8993
 20
2123.1375
 10
4166.6683
 20
2120.9704
 10
4170.3199
 20
2118.6294
 10
4173.8484
 20
2116.1202
 10
4177.2484
 20
2113.4484
 10
4180.514
 20
2110.6196
 10
4183.6396
 20
2107.6396
 10
4186.6196
 20
2104.514
 10
4189.4484
 20
2101.2484
 10
4192.1202
 20
2097.8484
 10
4194.6294
 20
2094.3199
 10
4196.9704
 20
2090.6683
 10
4199.1375
 20
2086.8993
 10
4201.125
 20
2083.0187
 10
4202.9274
 20
2079.0321
 10
4204.5388
 20
2074.945
 10
4205.9538
 20
2070.7632
 10
4207.1666
 20
2066.4924
 10
4208.1715
 20
2062.1381
 10
4208.963
 20
2057.7061
 10
4209.5353
 20
2053.202
 10
4209.8829
 20
2048.6314
 10
4210.0
 20
2044.0
  0
TEXT
  5
FA
330
17
100
AcDbEntity
  8
ETCH
100
AcDbText
 10
4120.0
 20
2047.8594900522512
 30
0.0
 40
24.0
  1
P003
 72
1
 11
4120.0
 21
2047.8594900522512
 31
0.0
100
AcDbText
 73
2
  0
LWPOLYLINE
  5
FB
330
17
100
AcDbEntity
  8
CUT
100
AcDbPolyline
 90
129
 70
1
 10
4584.0
 20
2044.0
 10
4583.8048
 20
2036.281
 10
4583.2256
 20
2028.6634
 10
4582.2717
 20
2021.1565
 10
4580.9525
 20
2013.7698
 10
4579.2776
 20
2006.5127
 10
4577.2563
 20
1999.3946
 10
4574.898
 20
1992.425
 10
4572.2123
 20
1985.6132
 10
4569.2084
 20
1978.9688
 10
4565.8958
 20
1972.5011
 10
4562.284
 20
1966.2195
 10
4558.3824
 20
1960.1336
 10
4554.2003
 20
1954.2526
 10
4549.7473
 20
1948.5861
 10
4545.0327
 20
1943.1434
 10
4540.066
 20
1937.934
 10
4534.8566
 20
1932.9673
 10
4529.4139
 20
1928.2527
 10
4523.7474
 20
1923.7997
 10
4517.8664
 20
1919.6176
 10
4511.7805
 20
1915.716
 10
4505.4989
 20
1912.1042
 10
4499.0312
 20
1908.7916
 10
4492.3868
 20
1905.7877
 10
4485.575
 20
1903.102
 10
4478.6054
 20
1900.7437
 10
4471.4873
 20
1898.7224
 10
4464.2302
 20
1897.0475
 10
4456.8435
 20
1895.7283
 10
4449.3366
 20
1894.7744
 10
4441.719
 20
1894.1952
 10
4434.0
 20
1894.0
 10
4426.281
 20
1894.1952
 10
4418.6634
 20
1894.7744
 10
4411.1565
 20
1895.7283
 10
4403.7698
 20
1897.0475
 10
4396.5127
 20
1898.7224
 10
4389.3946
 20
1900.7437
 10
4382.425
 20
1903.102
 10
4375.6132
 20
1905.7877
 10
4368.9688
 20
1908.7916
 10
4362.5011
 20
1912.1042
 10
4356.2195
 20
1915.716
 10
4350.1336
 20
1919.6176
 10
4344.2526
 20
1923.7997
 10
4338.5861
 20
1928.2527
 10
4333.1434
 20
1932.9673
 10
4327.934
 20
1937.934
 10
4322.9673
 20
1943.1434
 10
4318.2527
 20
1948.5861
 10
4313.7997
 20
1954.2526
 10
4309.6176
 20
1960.1336
 10
4305.716
 20
1966.2195
 10
4302.1042
 20
1972.5011
 10
4298.7916
 20
1978.9688
 10
4295.7877
 20
1985.6132
 10
4293.102
 20
1992.425
 10
4290.7437
 20
1999.3946
 10
4288.7224
 20
2006.5127
 10
4287.0475
 20
2013.7698
 10
4285.7283
 20
2021.1565
 10
4284.7744
 20
2028.6634
 10
4284.1952
 20
2036.281
 10
4284.0
 20
2044.0
 10
4284.1952
 20
2051.719
 10
4284.7744
 20
2059.3366
 10
4285.7283
 20
2066.8435
 10
4287.0475
 20
2074.2302
 10
4288.7224
 20
2081.4873
 10
4290.7437
 20
2088.6054
 10
4293.102
 20
2095.575
 10
4295.7877
 20
2102.3868
 10
4298.7916
 20
2109.0312
 10
4302.1042
 20
2115.4989
 10
4305.716
 20
2121.7805
 10
4309.6176
 20
2127.8664
 10
4313.7997
 20
2133.7474
 10
4318.2527
 20
2139.4139
 10
4322.9673
 20
2144.8566
 10
4327.934
 20
2150.066
 10
4333.1434
 20
2155.0327
 10
4338.5861
 20
2159.7473
 10
4344.2526
 20
2164.2003
 10
4350.1336
 20
2168.3824
 10
4356.2195
 20
2172.284
 10
4362.5011
 20
2175.8958
 10
4368.9688
 20
2179.2084
 10
4375.6132
 20
2182.2123
 10
4382.425
 20
2184.898
 10
4389.3946
 20
2187.2563
 10
4396.5127
 20
2189.2776
 10
4403.7698
 20
2190.9525
 10
4411.1565
 20
2192.2717
 10
4418.6634
 20
2193.2256
 10
4426.281
 20
2193.8048
 10
4434.0
 20
2194.0
 10
4441.719
 20
2193.8048
 10
4449.3366
 20
2193.2256
 10
4456.8435
 20
2192.2717
 10
4464.2302
 20
2190.9525
 10
4471.4873
 20
2189.2776
 10
4478.6054
 20
2187.2563
 10
4485.575
 20
2184.898
 10
4492.3868
 20
2182.2123
 10
4499.0312
 20
2179.2084
 10
4505.4989
 20
2175.8958
 10
4511.7805
 20
2172.284
 10
4517.8664
 20
2168.3824
 10
4523.7474
 20
2164.2003
 10
4529.4139
 20
2159.7473
 10
4534.8566
 20
2155.0327
 10
4540.066
 20
2150.066
 10
4545.0327
 20
2144.8566
 10
4549.7473
 20
2139.4139
 10
4554.2003
 20
2133.7474
 10
4558.3824
 20
2127.8664
 10
4562.284
 20
2121.7805
 10
4565.8958
 20
2115.4989
 10
4569.2084
 20
2109.0312
 10
4572.2123
 20
2102.3868
 10
4574.898
 20
2095.575
 10
4577.2563
 20
2088.6054
 10
4579.2776
 20
2081.4873
 10
4580.9525
 20
2074.2302
 10
4582.2717
 20
2066.8435
 10
4583.2256
 20
2059.3366
 10
4583.8048
 20
2051.719
 10
4584.0
 20
2044.0
  0
LWPOLYLINE
  5
FC
330
17
100
AcDbEntity
  8
CUT
100
AcDbPolyline
 90
129
 70
1
 10
4524.0
 20
2044.0
 10
4523.8829
 20
2039.3686
 10
4523.5353
 20
2034.798
 10
4522.963
 20
2030.2939
 10
4522.1715
 20
2025.8619
 10
4521.1666
 20
2021.5076
 10
4519.9538
 20
2017.2368
 10
4518.5388
 20
2013.055
 10
4516.9274
 20
2008.9679
 10
4515.125
 20
2004.9813
 10
4513.1375
 20
2001.1007
 10
4510.9704
 20
1997.3317
 10
4508.6294
 20
1993.6801
 10
4506.1202
 20
1990.1516
 10
4503.4484
 20
1986.7516
 10
4500.6196
 20
1983.486
 10
4497.6396
 20
1980.3604
 10
4494.514
 20
1977.3804
 10
4491.2484
 20
1974.5516
 10
4487.8484
 20
1971.8798
 10
4484.3199
 20
1969.3706
 10
4480.6683
 20
1967.0296
 10
4476.8993
 20
1964.8625
 10
4473.0187
 20
1962.875
 10
4469.0321
 20
1961.0726
 10
4464.945
 20
1959.4612
 10
4460.7632
 20
1958.0462
 10
4456.4924
 20
1956.8334
 10
4452.1381
 20
1955.8285
 10
4447.7061
 20
1955.037
 10
4443.202
 20
1954.4647
 10
4438.6314
 20
1954.1171
 10
4434.0
 20
1954.0
 10
4429.3686
 20
1954.1171
 10
4424.798
 20
1954.4647
 10
4420.2939
 20
1955.037
 10
4415.8619
 20
1955.8285
 10
4411.5076
 20
1956.8334
 10
4407.2368
 20
1958.0462
 10
4403.055
 20
1959.4612
 10
4398.9679
 20
1961.0726
 10
4394.9813
 20
1962.875
 10
4391.1007
 20
1964.8625
 10
4387.3317
 20
1967.0296
 10
4383.6801
 20
1969.3706
 10
4380.1516
 20
1971.8798
 10
4376.7516
 20
1974.5516
 10
4373.486
 20
1977.3804
 10
4370.3604
 20
1980.3604
 10
4367.3804
 20
1983.486
 10
4364.5516
 20
1986.7516
 10
4361.8798
 20
1990.1516
 10
4359.3706
 20
1993.6801
 10
4357.0296
 20
1997.3317
 10
4354.8625
 20
2001.1007
 10
4352.875
 20
2004.9813
 10
4351.0726
 20
2008.9679
 10
4349.4612
 20
2013.055
 10
4348.0462
 20
2017.2368
 10
4346.8334
 20
2021.5076
 10
4345.8285
 20
2025.8619
 10
4345.037
 20
2030.2939
 10
4344.4647
 20
2034.798
 10
4344.1171
 20
2039.3686
 10
4344.0
 20
2044.0
 10
4344.1171
 20
2048.6314
 10
4344.4647
 20
2053.202
 10
4345.037
 20
2057.7061
 10
4345.8285
 20
2062.1381
 10
4346.8334
 20
2066.4924
 10
4348.0462
 20
2070.7632
 10
4349.4612
 20
2074.945
 10
4351.0726
 20
2079.0321
 10
4352.875
 20
2083.0187
 10
4354.8625
 20
2086.8993
 10
4357.0296
 20
2090.6683
 10
4359.3706
 20
2094.3199
 10
4361.8798
 20
2097.8484
 10
4364.5516
 20
2101.2484
 10
4367.3804
 20
2104.514
 10
4370.3604
 20
2107.6396
 10
4373.486
 20
2110.6196
 10
4376.7516
 20
2113.4484
 10
4380.1516
 20
2116.1202
 10
4383.6801
 20
2118.6294
 10
4387.3317
 20
2120.9704
 10
4391.1007
 20
2123.1375
 10
4394.9813
 20
2125.125
 10
4398.9679
 20
2126.9274
 10
4403.055
 20
2128.5388
 10
4407.2368
 20
2129.9538
 10
4411.5076
 20
2131.1666
 10
4415.8619
 20
2132.1715
 10
4420.2939
 20
2132.963
 10
4424.798
 20
2133.5353
 10
4429.3686
 20
2133.8829
 10
4434.0
 20
2134.0
 10
4438.6314
 20
2133.8829
 10
4443.202
 20
2133.5353
 10
4447.7061
 20
2132.963
 10
4452.1381
 20
2132.1715
 10
4456.4924
 20
2131.1666
 10
4460.7632
 20
2129.9538
 10
4464.945
 20
2128.5388
 10
4469.0321
 20
2126.9274
 10
4473.0187
 20
2125.125
 10
4476.8993
 20
2123.1375
 10
4480.6683
 20
2120.9704
 10
4484.3199
 20
2118.6294
 10
4487.8484
 20
2116.1202
 10
4491.2484
 20
2113.4484
 10
4494.514
 20
2110.6196
 10
4497.6396
 20
2107.6396
 10
4500.6196
 20
2104.514
 10
4503.4484
 20
2101.2484
 10
4506.1202
 20
2097.8484
 10
4508.6294
 20
2094.3199
 10
4510.9704
 20
2090.6683
 10
4513.1375
 20
2086.8993
 10
4515.125
 20
2083.0187
 10
4516.9274
 20
2079.0321
 10
4518.5388
 20
2074.945
 10
4519.9538
 20
2070.7632
 10
4521.1666
 20
2066.4924
 10
4522.1715
 20
2062.1381
 10
4522.963
 20
2057.7061
 10
4523.5353
 20
2053.202
 10
4523.8829
 20
2048.6314
 10
4524.0
 20
2044.0
  0
TEXT
  5
FD
330
17
100
AcDbEntity
  8
ETCH
100
AcDbText
 10
4434.0
 20
2047.8594900522512
 30
0.0
 40
24.0
  1
P003
 72
1
 11
4434.0
 21
2047.8594900522512
 31
0.0
100
AcDbText
 73
2
  0
LWPOLYLINE
  5
FE
330
17
100
AcDbEntity
  8
CUT
100
AcDbPolyline
 90
129
 70
1
 10
4898.0
 20
2044.0
 10
4897.8048
 20
2036.281
 10
4897.2256
 20
2028.6634
 10
4896.2717
 20
2021.1565
 10
4894.9525
 20
2013.7698
 10
4893.2776
 20
2006.5127
 10
4891.2563
 20
1999.3946
 10
4888.898
 20
1992.425
 10
4886.2123
 20
1985.6132
 10
4883.2084
 20
1978.9688
 10
4879.8958
 20
1972.5011
 10
4876.284
 20
1966.2195
 10
4872.3824
 20
1960.1336
 10
4868.2003
 20
1954.2526
 10
4863.7473
 20
1948.5861
 10
4859.0327
 20
1943.1434
 10
4854.066
 20
1937.934
 10
4848.8566
 20
1932.9673
 10
4843.4139
 20
1928.2527
 10
4837.7474
 20
1923.7997
 10
4831.8664
 20
1919.6176
 10
4825.7805
 20
1915.716
 10
4819.4989
 20
1912.1042
 10
4813.0312
 20
1908.7916
 10
4806.3868
 20
1905.7877
 10
4799.575
 20
1903.102
 10
4792.6054
 20
1900.7437
 10
4785.4873
 20
1898.7224
 10
4778.2302
 20
1897.0475
 10
4770.8435
 20
1895.7283
 10
4763.3366
 20
1894.7744
 10
4755.719
 20
1894.1952
 10
4748.0
 20
1894.0
 10
4740.281
 20
1894.1952
 10
4732.6634
 20
1894.7744
 10
4725.1565
 20
1895.7283
 10
4717.7698
 20
1897.0475
 10
4710.5127
 20
1898.7224
 10
4703.3946
 20
1900.7437
 10
4696.425
 20
1903.102
 10
4689.6132
 20
1905.7877
 10
4682.9688
 20
1908.7916
 10
4676.5011
 20
1912.1042
 10
4670.2195
 20
1915.716
 10
4664.1336
 20
1919.6176
 10
4658.2526
 20
1923.7997
 10
4652.5861
 20
1928.2527
 10
4647.1434
 20
1932.9673
 10
4641.934
 20
1937.934
 10
4636.9673
 20
1943.1434
 10
4632.2527
 20
1948.5861
 10
4627.7997
 20
1954.2526
 10
4623.6176
 20
1960.1336
 10
4619.716
 20
1966.2195
 10
4616.1042
 20
1972.5011
 10
4612.7916
 20
1978.9688
 10
4609.7877
 20
1985.6132
 10
4607.102
 20
1992.425
 10
4604.7437
 20
1999.3946
 10
4602.7224
 20
2006.5127
 10
4601.0475
 20
2013.7698
 10
4599.7283
 20
2021.1565
 10
4598.7744
 20
2028.6634
 10
4598.1952
 20
2036.281
 10
4598.0
 20
2044.0
 10
4598.1952
 20
2051.719
 10
4598.7744
 20
2059.3366
 10
4599.7283
 20
2066.8435
 10
4601.0475
 20
2074.2302
 10
4602.7224
 20
2081.4873
 10
4604.7437
 20
2088.6054
 10
4607.102
 20
2095.575
 10
4609.7877
 20
2102.3868
 10
4612.7916
 20
2109.0312
 10
4616.1042
 20
2115.4989
 10
4619.716
 20
2121.7805
 10
4623.6176
 20
2127.8664
 10
4627.7997
 20
2133.7474
 10
4632.2527
 20
2139.4139
 10
4636.9673
 20
2144.8566
 10
4641.934
 20
2150.066
 10
4647.1434
 20
2155.0327
 10
4652.5861
 20
2159.7473
 10
4658.2526
 20
2164.2003
 10
4664.1336
 20
2168.3824
 10
4670.2195
 20
2172.284
 10
4676.5011
 20
2175.8958
 10
4682.9688
 20
2179.2084
 10
4689.6132
 20
2182.2123
 10
4696.425
 20
2184.898
 10
4703.3946
 20
2187.2563
 10
4710.5127
 20
2189.2776
 10
4717.7698
 20
2190.9525
 10
4725.1565
 20
2192.2717
 10
4732.6634
 20
2193.2256
 10
4740.281
 20
2193.8048
 10
4748.0
 20
2194.0
 10
4755.719
 20
2193.8048
 10
4763.3366
 20
2193.2256
 10
4770.8435
 20
2192.2717
 10
4778.2302
 20
2190.9525
 10
4785.4873
 20
2189.2776
 10
4792.6054
 20
2187.2563
 10
4799.575
 20
2184.898
 10
4806.3868
 20
2182.2123
 10
4813.0312
 20
2179.2084
 10
4819.4989
 20
2175.8958
 10
4825.7805
 20
2172.284
 10
4831.8664
 20
2168.3824
 10
4837.7474
 20
2164.2003
 10
4843.4139
 20
2159.7473
 10
4848.8566
 20
2155.0327
 10
4854.066
 20
2150.066
 10
4859.0327
 20
2144.8566
 10
4863.7473
 20
2139.4139
 10
4868.2003
 20
2133.7474
 10
4872.3824
 20
2127.8664
 10
4876.284
 20
2121.7805
 10
4879.8958
 20
2115.4989
 10
4883.2084
 20
2109.0312
 10
4886.2123
 20
2102.3868
 10
4888.898
 20
2095.575
 10
4891.2563
 20
2088.6054
 10
4893.2776
 20
2081.4873
 10
4894.9525
 20
2074.2302
 10
4896.2717
 20
2066.8435
 10
4897.2256
 20
2059.3366
 10
4897.8048
 20
2051.719
 10
4898.0
 20
2044.0
  0
LWPOLYLINE
  5
FF
330
17
100
AcDbEntity
  8
CUT
100
AcDbPolyline
 90
129
 70
1
 10
4838.0
 20
2044.0
 10
4837.8829
 20
2039.3686
 10
4837.5353
 20
2034.798
 10
4836.963
 20
2030.2939
 10
4836.1715
 20
2025.8619
 10
4835.1666
 20
2021.5076
 10
4833.9538
 20
2017.2368
 10
4832.5388
 20
2013.055
 10
4830.9274
 20
2008.9679
 10
4829.125
 20
2004.9813
 10
4827.1375
 20
2001.1007
 10
4824.9704
 20
1997.3317
 10
4822.6294
 20
1993.6801
 10
4820.1202
 20
1990.1516
 10
4817.4484
 20
1986.7516
 10
4814.6196
 20
1983.486
 10
4811.6396
 20
1980.3604
 10
4808.514
 20
1977.3804
 10
4805.2484
 20
1974.5516
 10
4801.8484
 20
1971.8798
 10
4798.3199
 20
1969.3706
 10
4794.6683
 20
1967.0296
 10
4790.8993
 20
1964.8625
 10
4787.0187
 20
1962.875
 10
4783.0321
 20
1961.0726
 10
4778.945
 20
1959.4612
 10
4774.7632
 20
1958.0462
 10
4770.4924
 20
1956.8334
 10
4766.1381
 20
1955.8285
 10
4761.7061
 20
1955.037
 10
4757.202
 20
1954.4647
 10
4752.6314
 20
1954.1171
 10
4748.0
 20
1954.0
 10
4743.3686
 20
1954.1171
 10
4738.798
 20
1954.4647
 10
4734.2939
 20
1955.037
 10
4729.8619
 20
1955.8285
 10
4725.5076
 20
1956.8334
 10
4721.2368
 20
1958.0462
 10
4717.055
 20
1959.4612
 10
4712.9679
 20
1961.0726
 10
4708.9813
 20
1962.875
 10
4705.1007
 20
1964.8625
 10
4701.3317
 20
1967.0296
 10
4697.6801
 20
1969.3706
 10
4694.1516
 20
1971.8798
 10
4690.7516
 20
1974.5516
 10
4687.486
 20
1977.3804
 10
4684.3604
 20
1980.3604
 10
4681.3804
 20
1983.486
 10
4678.5516
 20
1986.7516
 10
4675.8798
 20
1990.1516
 10
4673.3706
 20
1993.6801
 10
4671.0296
 20
1997.3317
 10
4668.8625
 20
2001.1007
 10
4666.875
 20
2004.9813
 10
4665.0726
 20
2008.9679
 10
4663.4612
 20
2013.055
 10
4662.0462
 20
2017.2368
 10
4660.8334
 20
2021.5076
 10
4659.8285
 20
2025.8619
 10
4659.037
 20
2030.2939
 10
4658.4647
 20
2034.798
 10
4658.1171
 20
2039.3686
 10
4658.0
 20
2044.0
 10
4658.1171
 20
2048.6314
 10
4658.4647
 20
2053.202
 10
4659.037
 20
2057.7061
 10
4659.8285
 20
2062.1381
 10
4660.8334
 20
2066.4924
 10
4662.0462
 20
2070.7632
 10
4663.4612
 20
2074.945
 10
4665.0726
 20
2079.0321
 10
4666.875
 20
2083.0187
 10
4668.8625
 20
2086.8993
 10
4671.0296
 20
2090.6683
 10
4673.3706
 20
2094.3199
 10
4675.8798
 20
2097.8484
 10
4678.5516
 20
2101.2484
 10
4681.3804
 20
2104.514
 10
4684.3604
 20
2107.6396
 10
4687.486
 20
2110.6196
 10
4690.7516
 20
2113.4484
 10
4694.1516
 20
2116.1202
 10
4697.6801
 20
2118.6294
 10
4701.3317
 20
2120.9704
 10
4705.1007
 20
2123.1375
 10
4708.9813
 20
2125.125
 10
4712.9679
 20
2126.9274
 10
4717.055
 20
2128.5388
 10
4721.2368
 20
2129.9538
 10
4725.5076
 20
2131.1666
 10
4729.8619
 20
2132.1715
 10
4734.2939
 20
2132.963
 10
4738.798
 20
2133.5353
 10
4743.3686
 20
2133.8829
 10
4748.0
 20
2134.0
 10
4752.6314
 20
2133.8829
 10
4757.202
 20
2133.5353
 10
4761.7061
 20
2132.963
 10
4766.1381
 20
2132.1715
 10
4770.4924
 20
2131.1666
 10
4774.7632
 20
2129.9538
 10
4778.945
 20
2128.5388
 10
4783.0321
 20
2126.9274
 10
4787.0187
 20
2125.125
 10
4790.8993
 20
2123.1375
 10
4794.6683
 20
2120.9704
 10
4798.3199
 20
2118.6294
 10
4801.8484
 20
2116.1202
 10
4805.2484
 20
2113.4484
 10
4808.514
 20
2110.6196
 10
4811.6396
 20
2107.6396
 10
4814.6196
 20
2104.514
 10
4817.4484
 20
2101.2484
 10
4820.1202
 20
2097.8484
 10
4822.6294
 20
2094.3199
 10
4824.9704
 20
2090.6683
 10
4827.1375
 20
2086.8993
 10
4829.125
 20
2083.0187
 10
4830.9274
 20
2079.0321
 10
4832.5388
 20
2074.945
 10
4833.9538
 20
2070.7632
 10
4835.1666
 20
2066.4924
 10
4836.1715
 20
2062.1381
 10
4836.963
 20
2057.7061
 10
4837.5353
 20
2053.202
 10
4837.8829
 20
2048.6314
 10
4838.0
 20
2044.0
  0
TEXT
  5
100
330
17
100
AcDbEntity
  8
ETCH
100
AcDbText
 10
4748.0
 20
2047.8594900522512
 30
0.0
 40
24.0
  1
P003
 72
1
 11
4748.0
 21
2047.8594900522512
 31
0.0
100
AcDbText
 73
2
  0
LWPOLYLINE
  5
101
330
17
100
AcDbEntity
  8
OFFCUT
100
AcDbPolyline
 90
26
 70
1
 10
3970.0
 20
2430.0
 10
5170.0
 20
2430.0
 10
5170.0
 20
10.0
 10
4784.0
 20
10.0
 10
4784.0
 20
310.0
 10
4384.0
 20
310.0
 10
4384.0
 20
10.0
 10
4370.0
 20
10.0
 10
4370.0
 20
310.0
 10
3970.0
 20
310.0
 10
3970.0
 20
324.0
 10
4370.0
 20
324.0
 10
4370.0
 20
624.0
 10
3970.0
 20
624.0
 10
3970.0
 20
638.0
 10
4370.0
 20
638.0
 10
4370.0
 20
938.0
 10
3970.0
 20
938.0
 10
3970.0
 20
952.0
 10
4370.0
 20
952.0
 10
4370.0
 20
1252.0
 10
3970.0
 20
1252.0
 10
3970.0
 20
1416.0
 10
3970.0
 20
1730.0
 10
3970.0
 20
2044.0
 10
3970.0
 20
2430.0
  0
LWPOLYLINE
  5
102
330
17
100
AcDbEntity
  8
OFFCUT
100
AcDbPolyline
 90
129
 70
1
 10
3970.1952
 20
1408.281
 10
3970.7744
 20
1400.6634
 10
3971.7283
 20
1393.1565
 10
3973.0475
 20
1385.7698
 10
3974.7224
 20
1378.5127
 10
3976.7437
 20
1371.3946
 10
3979.102
 20
1364.425
 10
3981.7877
 20
1357.6132
 10
3984.7916
 20
1350.9688
 10
3988.1042
 20
1344.5011
 10
3991.716
 20
1338.2195
 10
3995.6176
 20
1332.1336
 10
3999.7997
 20
1326.2526
 10
4004.2527
 20
1320.5861
 10
4008.9673
 20
1315.1434
 10
4013.934
 20
1309.934
 10
4019.1434
 20
1304.9673
 10
4024.5861
 20
1300.2527
 10
4030.2526
 20
1295.7997
 10
4036.1336
 20
1291.6176
 10
4042.2195
 20
1287.716
 10
4048.5011
 20
1284.1042
 10
4054.9688
 20
1280.7916
 10
4061.6132
 20
1277.7877
 10
4068.425
 20
1275.102
 10
4075.3946
 20
1272.7437
 10
4082.5127
 20
1270.7224
 10
4089.7698
 20
1269.0475
 10
4097.1565
 20
1267.7283
 10
4104.6634
 20
1266.7744
 10
4112.281
 20
1266.1952
 10
4120.0
 20
1266.0
 10
4127.719
 20
1266.1952
 10
4135.3366
 20
1266.7744
 10
4142.8435
 20
1267.7283
 10
4150.2302
 20
1269.0475
 10
4157.4873
 20
1270.7224
 10
4164.6054
 20
1272.7437
 10
4171.575
 20
1275.102
 10
4178.3868
 20
1277.7877
 10
4185.0312
 20
1280.7916
 10
4191.4989
 20
1284.1042
 10
4197.7805
 20
1287.716
 10
4203.8664
 20
1291.6176
 10
4209.7474
 20
1295.7997
 10
4215.4139
 20
1300.2527
 10
4220.8566
 20
1304.9673
 10
4226.066
 20
1309.934
 10
4231.0327
 20
1315.1434
 10
4235.7473
 20
1320.5861
 10
4240.2003
 20
1326.2526
 10
4244.3824
 20
1332.1336
 10
4248.284
 20
1338.2195
 10
4251.8958
 20
1344.5011
 10
4255.2084
 20
1350.9688
 10
4258.2123
 20
1357.6132
 10
4260.898
 20
1364.425
 10
4263.2563
 20
1371.3946
 10
4265.2776
 20
1378.5127
 10
4266.9525
 20
1385.7698
 10
4268.2717
 20
1393.1565
 10
4269.2256
 20
1400.6634
 10
4269.8048
 20
1408.281
 10
4270.0
 20
1416.0
 10
4269.8048
 20
1423.719
 10
4269.2256
 20
1431.3366
 10
4268.2717
 20
1438.8435
 10
4266.9525
 20
1446.2302
 10
4265.2776
 20
1453.4873
 10
4263.2563
 20
1460.6054
 10
4260.898
 20
1467.575
 10
4258.2123
 20
1474.3868
 10
4255.2084
 20
1481.0312
 10
4251.8958
 20
1487.4989
 10
4248.284
 20
1493.7805
 10
4244.3824
 20
1499.8664
 10
4240.2003
 20
1505.7474
 10
4235.7473
 20
1511.4139
 10
4231.0327
 20
1516.8566
 10
4226.066
 20
1522.066
 10
4220.8566
 20
1527.0327
 10
4215.4139
 20
1531.7473
 10
4209.7474
 20
1536.2003
 10
4203.8664
 20
1540.3824
 10
4197.7805
 20
1544.284
 10
4191.4989
 20
1547.8958
 10
4185.0312
 20
1551.2084
 10
4178.3868
 20
1554.2123
 10
4171.575
 20
1556.898
 10
4164.6054
 20
1559.2563
 10
4157.4873
 20
1561.2776
 10
4150.2302
 20
1562.9525
 10
4142.8435
 20
1564.2717
 10
4135.3366
 20
1565.2256
 10
4127.719
 20
1565.8048
 10
4120.0
 20
1566.0
 10
4112.281
 20
1565.8048
 10
4104.6634
 20
1565.2256
 10
4097.1565
 20
1564.2717
 10
4089.7698
 20
1562.9525
 10
4082.5127
 20
1561.2776
 10
4075.3946
 20
1559.2563
 10
4068.425
 20
1556.898
 10
4061.6132
 20
1554.2123
 10
4054.9688
 20
1551.2084
 10
4048.5011
 20
1547.8958
 10
4042.2195
 20
1544.284
 10
4036.1336
 20
1540.3824
 10
4030.2526
 20
1536.2003
 10
4024.5861
 20
1531.7473
 10
4019.1434
 20
1527.0327
 10
4013.934
 20
1522.066
 10
4008.9673
 20
1516.8566
 10
4004.2527
 20
1511.4139
 10
3999.7997
 20
1505.7474
 10
3995.6176
 20
1499.8664
 10
3991.716
 20
1493.7805
 10
3988.1042
 20
1487.4989
 10
3984.7916
 20
1481.0312
 10
3981.7877
 20
1474.3868
 10
3979.102
 20
1467.575
 10
3976.7437
 20
1460.6054
 10
3974.7224
 20
1453.4873
 10
3973.0475
 20
1446.2302
 10
3971.7283
 20
1438.8435
 10
3970.7744
 20
1431.3366
 10
3970.1952
 20
1423.719
 10
3970.0
 20
1416.0
 10
3970.1952
 20
1408.281
  0
LWPOLYLINE
  5
103
330
17
100
AcDbEntity
  8
OFFCUT
100
AcDbPolyline
 90
129
 70
1
 10
3970.1952
 20
1722.281
 10
3970.7744
 20
1714.6634
 10
3971.7283
 20
1707.1565
 10
3973.0475
 20
1699.7698
 10
3974.7224
 20
1692.5127
 10
3976.7437
 20
1685.3946
 10
3979.102
 20
1678.425
 10
3981.7877
 20
1671.6132
 10
3984.7916
 20
1664.9688
 10
3988.1042
 20
1658.5011
 10
3991.716
 20
1652.2195
 10
3995.6176
 20
1646.1336
 10
3999.7997
 20
1640.2526
 10
4004.2527
 20
1634.5861
 10
4008.9673
 20
1629.1434
 10
4013.934
 20
1623.934
 10
4019.1434
 20
1618.9673
 10
4024.5861
 20
1614.2527
 10
4030.2526
 20
1609.7997
 10
4036.1336
 20
1605.6176
 10
4042.2195
 20
1601.716
 10
4048.5011
 20
1598.1042
 10
4054.9688
 20
1594.7916
 10
4061.6132
 20
1591.7877
 10
4068.425
 20
1589.102
 10
4075.3946
 20
1586.7437
 10
4082.5127
 20
1584.7224
 10
4089.7698
 20
1583.0475
 10
4097.1565
 20
1581.7283
 10
4104.6634
 20
1580.7744
 10
4112.281
 20
1580.1952
 10
4120.0
 20
1580.0
 10
4127.719
 20
1580.1952
 10
4135.3366
 20
1580.7744
 10
4142.8435
 20
1581.7283
 10
4150.2302
 20
1583.0475
 10
4157.4873
 20
1584.7224
 10
4164.6054
 20
1586.7437
 10
4171.575
 20
1589.102
 10
4178.3868
 20
1591.7877
 10
4185.0312
 20
1594.7916
 10
4191.4989
 20
1598.1042
 10
4197.7805
 20
1601.716
 10
4203.8664
 20
1605.6176
 10
4209.7474
 20
1609.7997
 10
4215.4139
 20
1614.2527
 10
4220.8566
 20
1618.9673
 10
4226.066
 20
1623.934
 10
4231.0327
 20
1629.1434
 10
4235.7473
 20
1634.5861
 10
4240.2003
 20
1640.2526
 10
4244.3824
 20
1646.1336
 10
4248.284
 20
1652.2195
 10
4251.8958
 20
1658.5011
 10
4255.2084
 20
1664.9688
 10
4258.2123
 20
1671.6132
 10
4260.898
 20
1678.425
 10
4263.2563
 20
1685.3946
 10
4265.2776
 20
1692.5127
 10
4266.9525
 20
1699.7698
 10
4268.2717
 20
1707.1565
 10
4269.2256
 20
1714.6634
 10
4269.8048
 20
1722.281
 10
4270.0
 20
1730.0
 10
4269.8048
 20
1737.719
 10
4269.2256
 20
1745.3366
 10
4268.2717
 20
1752.8435
 10
4266.9525
 20
1760.2302
 10
4265.2776
 20
1767.4873
 10
4263.2563
 20
1774.6054
 10
4260.898
 20
1781.575
 10
4258.2123
 20
1788.3868
 10
4255.2084
 20
1795.0312
 10
4251.8958
 20
1801.4989
 10
4248.284
 20
1807.7805
 10
4244.3824
 20
1813.8664
 10
4240.2003
 20
1819.7474
 10
4235.7473
 20
1825.4139
 10
4231.0327
 20
1830.8566
 10
4226.066
 20
1836.066
 10
4220.8566
 20
1841.0327
 10
4215.4139
 20
1845.7473
 10
4209.7474
 20
1850.2003
 10
4203.8664
 20
1854.3824
 10
4197.7805
 20
1858.284
 10
4191.4989
 20
1861.8958
 10
4185.0312
 20
1865.2084
 10
4178.3868
 20
1868.2123
 10
4171.575
 20
1870.898
 10
4164.6054
 20
1873.2563
 10
4157.4873
 20
1875.2776
 10
4150.2302
 20
1876.9525
 10
4142.8435
 20
1878.2717
 10
4135.3366
 20
1879.2256
 10
4127.719
 20
1879.8048
 10
4120.0
 20
1880.0
 10
4112.281
 20
1879.8048
 10
4104.6634
 20
1879.2256
 10
4097.1565
 20
1878.2717
 10
4089.7698
 20
1876.9525
 10
4082.5127
 20
1875.2776
 10
4075.3946
 20
1873.2563
 10
4068.425
 20
1870.898
 10
4061.6132
 20
1868.2123
 10
4054.9688
 20
1865.2084
 10
4048.5011
 20
1861.8958
 10
4042.2195
 20
1858.284
 10
4036.1336
 20
1854.3824
 10
4030.2526
 20
1850.2003
 10
4024.5861
 20
1845.7473
 10
4019.1434
 20
1841.0327
 10
4013.934
 20
1836.066
 10
4008.9673
 20
1830.8566
 10
4004.2527
 20
1825.4139
 10
3999.7997
 20
1819.7474
 10
3995.6176
 20
1813.8664
 10
3991.716
 20
1807.7805
 10
3988.1042
 20
1801.4989
 10
3984.7916
 20
1795.0312
 10
3981.7877
 20
1788.3868
 10
3979.102
 20
1781.575
 10
3976.7437
 20
1774.6054
 10
3974.7224
 20
1767.4873
 10
3973.0475
 20
1760.2302
 10
3971.7283
 20
1752.8435
 10
3970.7744
 20
1745.3366
 10
3970.1952
 20
1737.719
 10
3970.0
 20
1730.0
 10
3970.1952
 20
1722.281
  0
LWPOLYLINE
  5
104
330
17
100
AcDbEntity
  8
OFFCUT
100
AcDbPolyline
 90
129
 70
1
 10
3970.1952
 20
2036.281
 10
3970.7744
 20
2028.6634
 10
3971.7283
 20
2021.1565
 10
3973.0475
 20
2013.7698
 10
3974.7224
 20
2006.5127
 10
3976.7437
 20
1999.3946
 10
3979.102
 20
1992.425
 10
3981.7877
 20
1985.6132
 10
3984.7916
 20
1978.9688
 10
3988.1042
 20
1972.5011
 10
3991.716
 20
1966.2195
 10
3995.6176
 20
1960.1336
 10
3999.7997
 20
1954.2526
 10
4004.2527
 20
1948.5861
 10
4008.9673
 20
1943.1434
 10
4013.934
 20
1937.934
 10
4019.1434
 20
1932.9673
 10
4024.5861
 20
1928.2527
 10
4030.2526
 20
1923.7997
 10
4036.1336
 20
1919.6176
 10
4042.2195
 20
1915.716
 10
4048.5011
 20
1912.1042
 10
4054.9688
 20
1908.7916
 10
4061.6132
 20
1905.7877
 10
4068.425
 20
1903.102
 10
4075.3946
 20
1900.7437
 10
4082.5127
 20
1898.7224
 10
4089.7698
 20
1897.0475
 10
4097.1565
 20
1895.7283
 10
4104.6634
 20
1894.7744
 10
4112.281
 20
1894.1952
 10
4120.0
 20
1894.0
 10
4127.719
 20
1894.1952
 10
4135.3366
 20
1894.7744
 10
4142.8435
 20
1895.7283
 10
4150.2302
 20
1897.0475
 10
4157.4873
 20
1898.7224
 10
4164.6054
 20
1900.7437
 10
4171.575
 20
1903.102
 10
4178.3868
 20
1905.7877
 10
4185.0312
 20
1908.7916
 10
4191.4989
 20
1912.1042
 10
4197.7805
 20
1915.716
 10
4203.8664
 20
1919.6176
 10
4209.7474
 20
1923.7997
 10
4215.4139
 20
1928.2527
 10
4220.8566
 20
1932.9673
 10
4226.066
 20
1937.934
 10
4231.0327
 20
1943.1434
 10
4235.7473
 20
1948.5861
 10
4240.2003
 20
1954.2526
 10
4244.3824
 20
1960.1336
 10
4248.284
 20
1966.2195
 10
4251.8958
 20
1972.5011
 10
4255.2084
 20
1978.9688
 10
4258.2123
 20
1985.6132
 10
4260.898
 20
1992.425
 10
4263.2563
 20
1999.3946
 10
4265.2776
 20
2006.5127
 10
4266.9525
 20
2013.7698
 10
4268.2717
 20
2021.1565
 10
4269.2256
 20
2028.6634
 10
4269.8048
 20
2036.281
 10
4270.0
 20
2044.0
 10
4269.8048
 20
2051.719
 10
4269.2256
 20
2059.3366
 10
4268.2717
 20
2066.8435
 10
4266.9525
 20
2074.2302
 10
4265.2776
 20
2081.4873
 10
4263.2563
 20
2088.6054
 10
4260.898
 20
2095.575
 10
4258.2123
 20
2102.3868
 10
4255.2084
 20
2109.0312
 10
4251.8958
 20
2115.4989
 10
4248.284
 20
2121.7805
 10
4244.3824
 20
2127.8664
 10
4240.2003
 20
2133.7474
 10
4235.7473
 20
2139.4139
 10
4231.0327
 20
2144.8566
 10
4226.066
 20
2150.066
 10
4220.8566
 20
2155.0327
 10
4215.4139
 20
2159.7473
 10
4209.7474
 20
2164.2003
 10
4203.8664
 20
2168.3824
 10
4197.7805
 20
2172.284
 10
4191.4989
 20
2175.8958
 10
4185.0312
 20
2179.2084
 10
4178.3868
 20
2182.2123
 10
4171.575
 20
2184.898
 10
4164.6054
 20
2187.2563
 10
4157.4873
 20
2189.2776
 10
4150.2302
 20
2190.9525
 10
4142.8435
 20
2192.2717
 10
4135.3366
 20
2193.2256
 10
4127.719
 20
2193.8048
 10
4120.0
 20
2194.0
 10
4112.281
 20
2193.8048
 10
4104.6634
 20
2193.2256
 10
4097.1565
 20
2192.2717
 10
4089.7698
 20
2190.9525
 10
4082.5127
 20
2189.2776
 10
4075.3946
 20
2187.2563
 10
4068.425
 20
2184.898
 10
4061.6132
 20
2182.2123
 10
4054.9688
 20
2179.2084
 10
4048.5011
 20
2175.8958
 10
4042.2195
 20
2172.284
 10
4036.1336
 20
2168.3824
 10
4030.2526
 20
2164.2003
 10
4024.5861
 20
2159.7473
 10
4019.1434
 20
2155.0327
 10
4013.934
 20
2150.066
 10
4008.9673
 20
2144.8566
 10
4004.2527
 20
2139.4139
 10
3999.7997
 20
2133.7474
 10
3995.6176
 20
2127.8664
 10
3991.716
 20
2121.7805
 10
3988.1042
 20
2115.4989
 10
3984.7916
 20
2109.0312
 10
3981.7877
 20
2102.3868
 10
3979.102
 20
2095.575
 10
3976.7437
 20
2088.6054
 10
3974.7224
 20
2081.4873
 10
3973.0475
 20
2074.2302
 10
3971.7283
 20
2066.8435
 10
3970.7744
 20
2059.3366
 10
3970.1952
 20
2051.719
 10
3970.0
 20
2044.0
 10
3970.1952
 20
2036.281
  0
LWPOLYLINE
  5
105
330
17
100
AcDbEntity
  8
OFFCUT
100
AcDbPolyline
 90
129
 70
1
 10
4582.2717
 20
1707.1565
 10
4583.2256
 20
1714.6634
 10
4583.8048
 20
1722.281
 10
4584.0
 20
1730.0
 10
4583.8048
 20
1737.719
 10
4583.2256
 20
1745.3366
 10
4582.2717
 20
1752.8435
 10
4580.9525
 20
1760.2302
 10
4579.2776
 20
1767.4873
 10
4577.2563
 20
1774.6054
 10
4574.898
 20
1781.575
 10
4572.2123
 20
1788.3868
 10
4569.2084
 20
1795.0312
 10
4565.8958
 20
1801.4989
 10
4562.284
 20
1807.7805
 10
4558.3824
 20
1813.8664
 10
4554.2003
 20
1819.7474
 10
4549.7473
 20
1825.4139
 10
4545.0327
 20
1830.8566
 10
4540.066
 20
1836.066
 10
4534.8566
 20
1841.0327
 10
4529.4139
 20
1845.7473
 10
4523.7474
 20
1850.2003
 10
4517.8664
 20
1854.3824
 10
4511.7805
 20
1858.284
 10
4505.4989
 20
1861.8958
 10
4499.0312
 20
1865.2084
 10
4492.3868
 20
1868.2123
 10
4485.575
 20
1870.898
 10
4478.6054
 20
1873.2563
 10
4471.4873
 20
1875.2776
 10
4464.2302
 20
1876.9525
 10
4456.8435
 20
1878.2717
 10
4449.3366
 20
1879.2256
 10
4441.719
 20
1879.8048
 10
4434.0
 20
1880.0
 10
4426.281
 20
1879.8048
 10
4418.6634
 20
1879.2256
 10
4411.1565
 20
1878.2717
 10
4403.7698
 20
1876.9525
 10
4396.5127
 20
1875.2776
 10
4389.3946
 20
1873.2563
 10
4382.425
 20
1870.898
 10
4375.6132
 20
1868.2123
 10
4368.9688
 20
1865.2084
 10
4362.5011
 20
1861.8958
 10
4356.2195
 20
1858.284
 10
4350.1336
 20
1854.3824
 10
4344.2526
 20
1850.2003
 10
4338.5861
 20
1845.7473
 10
4333.1434
 20
1841.0327
 10
4327.934
 20
1836.066
 10
4322.9673
 20
1830.8566
 10
4318.2527
 20
1825.4139
 10
4313.7997
 20
1819.7474
 10
4309.6176
 20
1813.8664
 10
4305.716
 20
1807.7805
 10
4302.1042
 20
1801.4989
 10
4298.7916
 20
1795.0312
 10
4295.7877
 20
1788.3868
 10
4293.102
 20
1781.575
 10
4290.7437
 20
1774.6054
 10
4288.7224
 20
1767.4873
 10
4287.0475
 20
1760.2302
 10
4285.7283
 20
1752.8435
 10
4284.7744
 20
1745.3366
 10
4284.1952
 20
1737.719
 10
4284.0
 20
1730.0
 10
4284.1952
 20
1722.281
 10
4284.7744
 20
1714.6634
 10
4285.7283
 20
1707.1565
 10
4287.0475
 20
1699.7698
 10
4288.7224
 20
1692.5127
 10
4290.7437
 20
1685.3946
 10
4293.102
 20
1678.425
 10
4295.7877
 20
1671.6132
 10
4298.7916
 20
1664.9688
 10
4302.1042
 20
1658.5011
 10
4305.716
 20
1652.2195
 10
4309.6176
 20
1646.1336
 10
4313.7997
 20
1640.2526
 10
4318.2527
 20
1634.5861
 10
4322.9673
 20
1629.1434
 10
4327.934
 20
1623.934
 10
4333.1434
 20
1618.9673
 10
4338.5861
 20
1614.2527
 10
4344.2526
 20
1609.7997
 10
4350.1336
 20
1605.6176
 10
4356.2195
 20
1601.716
 10
4362.5011
 20
1598.1042
 10
4368.9688
 20
1594.7916
 10
4375.6132
 20
1591.7877
 10
4382.425
 20
1589.102
 10
4389.3946
 20
1586.7437
 10
4396.5127
 20
1584.7224
 10
4403.7698
 20
1583.0475
 10
4411.1565
 20
1581.7283
 10
4418.6634
 20
1580.7744
 10
4426.281
 20
1580.1952
 10
4434.0
 20
1580.0
 10
4441.719
 20
1580.1952
 10
4449.3366
 20
1580.7744
 10
4456.8435
 20
1581.7283
 10
4464.2302
 20
1583.0475
 10
4471.4873
 20
1584.7224
 10
4478.6054
 20
1586.7437
 10
4485.575
 20
1589.102
 10
4492.3868
 20
1591.7877
 10
4499.0312
 20
1594.7916
 10
4505.4989
 20
1598.1042
 10
4511.7805
 20
1601.716
 10
4517.8664
 20
1605.6176
 10
4523.7474
 20
1609.7997
 10
4529.4139
 20
1614.2527
 10
4534.8566
 20
1618.9673
 10
4540.066
 20
1623.934
 10
4545.0327
 20
1629.1434
 10
4549.7473
 20
1634.5861
 10
4554.2003
 20
1640.2526
 10
4558.3824
 20
1646.1336
 10
4562.284
 20
1652.2195
 10
4565.8958
 20
1658.5011
 10
4569.2084
 20
1664.9688
 10
4572.2123
 20
1671.6132
 10
4574.898
 20
1678.425
 10
4577.2563
 20
1685.3946
 10
4579.2776
 20
1692.5127
 10
4580.9525
 20
1699.7698
 10
4582.2717
 20
1707.1565
  0
LWPOLYLINE
  5
106
330
17
100
AcDbEntity
  8
OFFCUT
100
AcDbPolyline
 90
129
 70
1
 10
4580.9525
 20
2013.7698
 10
4582.2717
 20
2021.1565
 10
4583.2256
 20
2028.6634
 10
4583.8048
 20
2036.281
 10
4584.0
 20
2044.0
 10
4583.8048
 20
2051.719
 10
4583.2256
 20
2059.3366
 10
4582.2717
 20
2066.8435
 10
4580.9525
 20
2074.2302
 10
4579.2776
 20
2081.4873
 10
4577.2563
 20
2088.6054
 10
4574.898
 20
2095.575
 10
4572.2123
 20
2102.3868
 10
4569.2084
 20
2109.0312
 10
4565.8958
 20
2115.4989
 10
4562.284
 20
2121.7805
 10
4558.3824
 20
2127.8664
 10
4554.2003
 20
2133.7474
 10
4549.7473
 20
2139.4139
 10
4545.0327
 20
2144.8566
 10
4540.066
 20
2150.066
 10
4534.8566
 20
2155.0327
 10
4529.4139
 20
2159.7473
 10
4523.7474
 20
2164.2003
 10
4517.8664
 20
2168.3824
 10
4511.7805
 20
2172.284
 10
4505.4989
 20
2175.8958
 10
4499.0312
 20
2179.2084
 10
4492.3868
 20
2182.2123
 10
4485.575
 20
2184.898
 10
4478.6054
 20
2187.2563
 10
4471.4873
 20
2189.2776
 10
4464.2302
 20
2190.9525
 10
4456.8435
 20
2192.2717
 10
4449.3366
 20
2193.2256
 10
4441.719
 20
2193.8048
 10
4434.0
 20
2194.0
 10
4426.281
 20
2193.8048
 10
4418.6634
 20
2193.2256
 10
4411.1565
 20
2192.2717
 10
4403.7698
 20
2190.9525
 10
4396.5127
 20
2189.2776
 10
4389.3946
 20
2187.2563
 10
4382.425
 20
2184.898
 10
4375.6132
 20
2182.2123
 10
4368.9688
 20
2179.2084
 10
4362.5011
 20
2175.8958
 10
4356.2195
 20
2172.284
 10
4350.1336
 20
2168.3824
 10
4344.2526
 20
2164.2003
 10
4338.5861
 20
2159.7473
 10
4333.1434
 20
2155.0327
 10
4327.934
 20
2150.066
 10
4322.9673
 20
2144.8566
 10
4318.2527
 20
2139.4139
 10
4313.7997
 20
2133.7474
 10
4309.6176
 20
2127.8664
 10
4305.716
 20
2121.7805
 10
4302.1042
 20
2115.4989
 10
4298.7916
 20
2109.0312
 10
4295.7877
 20
2102.3868
 10
4293.102
 20
2095.575
 10
4290.7437
 20
2088.6054
 10
4288.7224
 20
2081.4873
 10
4287.0475
 20
2074.2302
 10
4285.7283
 20
2066.8435
 10
4284.7744
 20
2059.3366
 10
4284.1952
 20
2051.719
 10
4284.0
 20
2044.0
 10
4284.1952
 20
2036.281
 10
4284.7744
 20
2028.6634
 10
4285.7283
 20
2021.1565
 10
4287.0475
 20
2013.7698
 10
4288.7224
 20
2006.5127
 10
4290.7437
 20
1999.3946
 10
4293.102
 20
1992.425
 10
4295.7877
 20
1985.6132
 10
4298.7916
 20
1978.9688
 10
4302.1042
 20
1972.5011
 10
4305.716
 20
1966.2195
 10
4309.6176
 20
1960.1336
 10
4313.7997
 20
1954.2526
 10
4318.2527
 20
1948.5861
 10
4322.9673
 20
1943.1434
 10
4327.934
 20
1937.934
 10
4333.1434
 20
1932.9673
 10
4338.5861
 20
1928.2527
 10
4344.2526
 20
1923.7997
 10
4350.1336
 20
1919.6176
 10
4356.2195
 20
1915.716
 10
4362.5011
 20
1912.1042
 10
4368.9688
 20
1908.7916
 10
4375.6132
 20
1905.7877
 10
4382.425
 20
1903.102
 10
4389.3946
 20
1900.7437
 10
4396.5127
 20
1898.7224
 10
4403.7698
 20
1897.0475
 10
4411.1565
 20
1895.7283
 10
4418.6634
 20
1894.7744
 10
4426.281
 20
1894.1952
 10
4434.0
 20
1894.0
 10
4441.719
 20
1894.1952
 10
4449.3366
 20
1894.7744
 10
4456.8435
 20
1895.7283
 10
4464.2302
 20
1897.0475
 10
4471.4873
 20
1898.7224
 10
4478.6054
 20
1900.7437
 10
4485.575
 20
1903.102
 10
4492.3868
 20
1905.7877
 10
4499.0312
 20
1908.7916
 10
4505.4989
 20
1912.1042
 10
4511.7805
 20
1915.716
 10
4517.8664
 20
1919.6176
 10
4523.7474
 20
1923.7997
 10
4529.4139
 20
1928.2527
 10
4534.8566
 20
1932.9673
 10
4540.066
 20
1937.934
 10
4545.0327
 20
1943.1434
 10
4549.7473
 20
1948.5861
 10
4554.2003
 20
1954.2526
 10
4558.3824
 20
1960.1336
 10
4562.284
 20
1966.2195
 10
4565.8958
 20
1972.5011
 10
4569.2084
 20
1978.9688
 10
4572.2123
 20
1985.6132
 10
4574.898
 20
1992.425
 10
4577.2563
 20
1999.3946
 10
4579.2776
 20
2006.5127
 10
4580.9525
 20
2013.7698
  0
LWPOLYLINE
  5
107
330
17
100
AcDbEntity
  8
OFFCUT
100
AcDbPolyline
 90
5
 70
1
 10
4784.0
 20
324.0
 10
4784.0
 20
624.0
 10
4384.0
 20
624.0
 10
4384.0
 20
324.0
 10
4784.0
 20
324.0
  0
LWPOLYLINE
  5
108
330
17
100
AcDbEntity
  8
OFFCUT
100
AcDbPolyline
 90
5
 70
1
 10
4784.0
 20
638.0
 10
4784.0
 20
938.0
 10
4384.0
 20
938.0
 10
4384.0
 20
638.0
 10
4784.0
 20
638.0
  0
LWPOLYLINE
  5
109
330
17
100
AcDbEntity
  8
OFFCUT
100
AcDbPolyline
 90
129
 70
1
 10
4682.2717
 20
1079.1565
 10
4683.2256
 20
1086.6634
 10
4683.8048
 20
1094.281
 10
4684.0
 20
1102.0
 10
4683.8048
 20
1109.719
 10
4683.2256
 20
1117.3366
 10
4682.2717
 20
1124.8435
 10
4680.9525
 20
1132.2302
 10
4679.2776
 20
1139.4873
 10
4677.2563
 20
1146.6054
 10
4674.898
 20
1153.575
 10
4672.2123
 20
1160.3868
 10
4669.2084
 20
1167.0312
 10
4665.8958
 20
1173.4989
 10
4662.284
 20
1179.7805
 10
4658.3824
 20
1185.8664
 10
4654.2003
 20
1191.7474
 10
4649.7473
 20
1197.4139
 10
4645.0327
 20
1202.8566
 10
4640.066
 20
1208.066
 10
4634.8566
 20
1213.0327
 10
4629.4139
 20
1217.7473
 10
4623.7474
 20
1222.2003
 10
4617.8664
 20
1226.3824
 10
4611.7805
 20
1230.284
 10
4605.4989
 20
1233.8958
 10
4599.0312
 20
1237.2084
 10
4592.3868
 20
1240.2123
 10
4585.575
 20
1242.898
 10
4578.6054
 20
1245.2563
 10
4571.4873
 20
1247.2776
 10
4564.2302
 20
1248.9525
 10
4556.8435
 20
1250.2717
 10
4549.3366
 20
1251.2256
 10
4541.719
 20
1251.8048
 10
4534.0
 20
1252.0
 10
4526.281
 20
1251.8048
 10
4518.6634
 20
1251.2256
 10
4511.1565
 20
1250.2717
 10
4503.7698
 20
1248.9525
 10
4496.5127
 20
1247.2776
 10
4489.3946
 20
1245.2563
 10
4482.425
 20
1242.898
 10
4475.6132
 20
1240.2123
 10
4468.9688
 20
1237.2084
 10
4462.5011
 20
1233.8958
 10
4456.2195
 20
1230.284
 10
4450.1336
 20
1226.3824
 10
4444.2526
 20
1222.2003
 10
4438.5861
 20
1217.7473
 10
4433.1434
 20
1213.0327
 10
4427.934
 20
1208.066
 10
4422.9673
 20
1202.8566
 10
4418.2527
 20
1197.4139
 10
4413.7997
 20
1191.7474
 10
4409.6176
 20
1185.8664
 10
4405.716
 20
1179.7805
 10
4402.1042
 20
1173.4989
 10
4398.7916
 20
1167.0312
 10
4395.7877
 20
1160.3868
 10
4393.102
 20
1153.575
 10
4390.7437
 20
1146.6054
 10
4388.7224
 20
1139.4873
 10
4387.0475
 20
1132.2302
 10
4385.7283
 20
1124.8435
 10
4384.7744
 20
1117.3366
 10
4384.1952
 20
1109.719
 10
4384.0
 20
1102.0
 10
4384.1952
 20
1094.281
 10
4384.7744
 20
1086.6634
 10
4385.7283
 20
1079.1565
 10
4387.0475
 20
1071.7698
 10
4388.7224
 20
1064.5127
 10
4390.7437
 20
1057.3946
 10
4393.102
 20
1050.425
 10
4395.7877
 20
1043.6132
 10
4398.7916
 20
1036.9688
 10
4402.1042
 20
1030.5011
 10
4405.716
 20
1024.2195
 10
4409.6176
 20
1018.1336
 10
4413.7997
 20
1012.2526
 10
4418.2527
 20
1006.5861
 10
4422.9673
 20
1001.1434
 10
4427.934
 20
995.934
 10
4433.1434
 20
990.9673
 10
4438.5861
 20
986.2527
 10
4444.2526
 20
981.7997
 10
4450.1336
 20
977.6176
 10
4456.2195
 20
973.716
 10
4462.5011
 20
970.1042
 10
4468.9688
 20
966.7916
 10
4475.6132
 20
963.7877
 10
4482.425
 20
961.102
 10
4489.3946
 20
958.7437
 10
4496.5127
 20
956.7224
 10
4503.7698
 20
955.0475
 10
4511.1565
 20
953.7283
 10
4518.6634
 20
952.7744
 10
4526.281
 20
952.1952
 10
4534.0
 20
952.0
 10
4541.719
 20
952.1952
 10
4549.3366
 20
952.7744
 10
4556.8435
 20
953.7283
 10
4564.2302
 20
955.0475
 10
4571.4873
 20
956.7224
 10
4578.6054
 20
958.7437
 10
4585.575
 20
961.102
 10
4592.3868
 20
963.7877
 10
4599.0312
 20
966.7916
 10
4605.4989
 20
970.1042
 10
4611.7805
 20
973.716
 10
4617.8664
 20
977.6176
 10
4623.7474
 20
981.7997
 10
4629.4139
 20
986.2527
 10
4634.8566
 20
990.9673
 10
4640.066
 20
995.934
 10
4645.0327
 20
1001.1434
 10
4649.7473
 20
1006.5861
 10
4654.2003
 20
1012.2526
 10
4658.3824
 20
1018.1336
 10
4662.284
 20
1024.2195
 10
4665.8958
 20
1030.5011
 10
4669.2084
 20
1036.9688
 10
4672.2123
 20
1043.6132
 10
4674.898
 20
1050.425
 10
4677.2563
 20
1057.3946
 10
4679.2776
 20
1064.5127
 10
4680.9525
 20
1071.7698
 10
4682.2717
 20
1079.1565
  0
LWPOLYLINE
  5
10A
330
17
100
AcDbEntity
  8
OFFCUT
100
AcDbPolyline
 90
129
 70
1
 10
4996.2717
 20
1079.1565
 10
4997.2256
 20
1086.6634
 10
4997.8048
 20
1094.281
 10
4998.0
 20
1102.0
 10
4997.8048
 20
1109.719
 10
4997.2256
 20
1117.3366
 10
4996.2717
 20
1124.8435
 10
4994.9525
 20
1132.2302
 10
4993.2776
 20
1139.4873
 10
4991.2563
 20
1146.6054
 10
4988.898
 20
1153.575
 10
4986.2123
 20
1160.3868
 10
4983.2084
 20
1167.0312
 10
4979.8958
 20
1173.4989
 10
4976.284
 20
1179.7805
 10
4972.3824
 20
1185.8664
 10
4968.2003
 20
1191.7474
 10
4963.7473
 20
1197.4139
 10
4959.0327
 20
1202.8566
 10
4954.066
 20
1208.066
 10
4948.8566
 20
1213.0327
 10
4943.4139
 20
1217.7473
 10
4937.7474
 20
1222.2003
 10
4931.8664
 20
1226.3824
 10
4925.7805
 20
1230.284
 10
4919.4989
 20
1233.8958
 10
4913.0312
 20
1237.2084
 10
4906.3868
 20
1240.2123
 10
4899.575
 20
1242.898
 10
4892.6054
 20
1245.2563
 10
4885.4873
 20
1247.2776
 10
4878.2302
 20
1248.9525
 10
4870.8435
 20
1250.2717
 10
4863.3366
 20
1251.2256
 10
4855.719
 20
1251.8048
 10
4848.0
 20
1252.0
 10
4840.281
 20
1251.8048
 10
4832.6634
 20
1251.2256
 10
4825.1565
 20
1250.2717
 10
4817.7698
 20
1248.9525
 10
4810.5127
 20
1247.2776
 10
4803.3946
 20
1245.2563
 10
4796.425
 20
1242.898
 10
4789.6132
 20
1240.2123
 10
4782.9688
 20
1237.2084
 10
4776.5011
 20
1233.8958
 10
4770.2195
 20
1230.284
 10
4764.1336
 20
1226.3824
 10
4758.2526
 20
1222.2003
 10
4752.5861
 20
1217.7473
 10
4747.1434
 20
1213.0327
 10
4741.934
 20
1208.066
 10
4736.9673
 20
1202.8566
 10
4732.2527
 20
1197.4139
 10
4727.7997
 20
1191.7474
 10
4723.6176
 20
1185.8664
 10
4719.716
 20
1179.7805
 10
4716.1042
 20
1173.4989
 10
4712.7916
 20
1167.0312
 10
4709.7877
 20
1160.3868
 10
4707.102
 20
1153.575
 10
4704.7437
 20
1146.6054
 10
4702.7224
 20
1139.4873
 10
4701.0475
 20
1132.2302
 10
4699.7283
 20
1124.8435
 10
4698.7744
 20
1117.3366
 10
4698.1952
 20
1109.719
 10
4698.0
 20
1102.0
 10
4698.1952
 20
1094.281
 10
4698.7744
 20
1086.6634
 10
4699.7283
 20
1079.1565
 10
4701.0475
 20
1071.7698
 10
4702.7224
 20
1064.5127
 10
4704.7437
 20
1057.3946
 10
4707.102
 20
1050.425
 10
4709.7877
 20
1043.6132
 10
4712.7916
 20
1036.9688
 10
4716.1042
 20
1030.5011
 10
4719.716
 20
1024.2195
 10
4723.6176
 20
1018.1336
 10
4727.7997
 20
1012.2526
 10
4732.2527
 20
1006.5861
 10
4736.9673
 20
1001.1434
 10
4741.934
 20
995.934
 10
4747.1434
 20
990.9673
 10
4752.5861
 20
986.2527
 10
4758.2526
 20
981.7997
 10
4764.1336
 20
977.6176
 10
4770.2195
 20
973.716
 10
4776.5011
 20
970.1042
 10
4782.9688
 20
966.7916
 10
4789.6132
 20
963.7877
 10
4796.425
 20
961.102
 10
4803.3946
 20
958.7437
 10
4810.5127
 20
956.7224
 10
4817.7698
 20
955.0475
 10
4825.1565
 20
953.7283
 10
4832.6634
 20
952.7744
 10
4840.281
 20
952.1952
 10
4848.0
 20
952.0
 10
4855.719
 20
952.1952
 10
4863.3366
 20
952.7744
 10
4870.8435
 20
953.7283
 10
4878.2302
 20
955.0475
 10
4885.4873
 20
956.7224
 10
4892.6054
 20
958.7437
 10
4899.575
 20
961.102
 10
4906.3868
 20
963.7877
 10
4913.0312
 20
966.7916
 10
4919.4989
 20
970.1042
 10
4925.7805
 20
973.716
 10
4931.8664
 20
977.6176
 10
4937.7474
 20
981.7997
 10
4943.4139
 20
986.2527
 10
4948.8566
 20
990.9673
 10
4954.066
 20
995.934
 10
4959.0327
 20
1001.1434
 10
4963.7473
 20
1006.5861
 10
4968.2003
 20
1012.2526
 10
4972.3824
 20
1018.1336
 10
4976.284
 20
1024.2195
 10
4979.8958
 20
1030.5011
 10
4983.2084
 20
1036.9688
 10
4986.2123
 20
1043.6132
 10
4988.898
 20
1050.425
 10
4991.2563
 20
1057.3946
 10
4993.2776
 20
1064.5127
 10
4994.9525
 20
1071.7698
 10
4996.2717
 20
1079.1565
  0
LWPOLYLINE
  5
10B
330
17
100
AcDbEntity
  8
OFFCUT
100
AcDbPolyline
 90
129
 70
1
 10
4582.2717
 20
1393.1565
 10
4583.2256
 20
1400.6634
 10
4583.8048
 20
1408.281
 10
4584.0
 20
1416.0
 10
4583.8048
 20
1423.719
 10
4583.2256
 20
1431.3366
 10
4582.2717
 20
1438.8435
 10
4580.9525
 20
1446.2302
 10
4579.2776
 20
1453.4873
 10
4577.2563
 20
1460.6054
 10
4574.898
 20
1467.575
 10
4572.2123
 20
1474.3868
 10
4569.2084
 20
1481.0312
 10
4565.8958
 20
1487.4989
 10
4562.284
 20
1493.7805
 10
4558.3824
 20
1499.8664
 10
4554.2003
 20
1505.7474
 10
4549.7473
 20
1511.4139
 10
4545.0327
 20
1516.8566
 10
4540.066
 20
1522.066
 10
4534.8566
 20
1527.0327
 10
4529.4139
 20
1531.7473
 10
4523.7474
 20
1536.2003
 10
4517.8664
 20
1540.3824
 10
4511.7805
 20
1544.284
 10
4505.4989
 20
1547.8958
 10
4499.0312
 20
1551.2084
 10
4492.3868
 20
1554.2123
 10
4485.575
 20
1556.898
 10
4478.6054
 20
1559.2563
 10
4471.4873
 20
1561.2776
 10
4464.2302
 20
1562.9525
 10
4456.8435
 20
1564.2717
 10
4449.3366
 20
1565.2256
 10
4441.719
 20
1565.8048
 10
4434.0
 20
1566.0
 10
4426.281
 20
1565.8048
 10
4418.6634
 20
1565.2256
 10
4411.1565
 20
1564.2717
 10
4403.7698
 20
1562.9525
 10
4396.5127
 20
1561.2776
 10
4389.3946
 20
1559.2563
 10
4382.425
 20
1556.898
 10
4375.6132
 20
1554.2123
 10
4368.9688
 20
1551.2084
 10
4362.5011
 20
1547.8958
 10
4356.2195
 20
1544.284
 10
4350.1336
 20
1540.3824
 10
4344.2526
 20
1536.2003
 10
4338.5861
 20
1531.7473
 10
4333.1434
 20
1527.0327
 10
4327.934
 20
1522.066
 10
4322.9673
 20
1516.8566
 10
4318.2527
 20
1511.4139
 10
4313.7997
 20
1505.7474
 10
4309.6176
 20
1499.8664
 10
4305.716
 20
1493.7805
 10
4302.1042
 20
1487.4989
 10
4298.7916
 20
1481.0312
 10
4295.7877
 20
1474.3868
 10
4293.102
 20
1467.575
 10
4290.7437
 20
1460.6054
 10
4288.7224
 20
1453.4873
 10
4287.0475
 20
1446.2302
 10
4285.7283
 20
1438.8435
 10
4284.7744
 20
1431.3366
 10
4284.1952
 20
1423.719
 10
4284.0
 20
1416.0
 10
4284.1952
 20
1408.281
 10
4284.7744
 20
1400.6634
 10
4285.7283
 20
1393.1565
 10
4287.0475
 20
1385.7698
 10
4288.7224
 20
1378.5127
 10
4290.7437
 20
1371.3946
 10
4293.102
 20
1364.425
 10
4295.7877
 20
1357.6132
 10
4298.7916
 20
1350.9688
 10
4302.1042
 20
1344.5011
 10
4305.716
 20
1338.2195
 10
4309.6176
 20
1332.1336
 10
4313.7997
 20
1326.2526
 10
4318.2527
 20
1320.5861
 10
4322.9673
 20
1315.1434
 10
4327.934
 20
1309.934
 10
4333.1434
 20
1304.9673
 10
4338.5861
 20
1300.2527
 10
4344.2526
 20
1295.7997
 10
4350.1336
 20
1291.6176
 10
4356.2195
 20
1287.716
 10
4362.5011
 20
1284.1042
 10
4368.9688
 20
1280.7916
 10
4375.6132
 20
1277.7877
 10
4382.425
 20
1275.102
 10
4389.3946
 20
1272.7437
 10
4396.5127
 20
1270.7224
 10
4403.7698
 20
1269.0475
 10
4411.1565
 20
1267.7283
 10
4418.6634
 20
1266.7744
 10
4426.281
 20
1266.1952
 10
4434.0
 20
1266.0
 10
4441.719
 20
1266.1952
 10
4449.3366
 20
1266.7744
 10
4456.8435
 20
1267.7283
 10
4464.2302
 20
1269.0475
 10
4471.4873
 20
1270.7224
 10
4478.6054
 20
1272.7437
 10
4485.575
 20
1275.102
 10
4492.3868
 20
1277.7877
 10
4499.0312
 20
1280.7916
 10
4505.4989
 20
1284.1042
 10
4511.7805
 20
1287.716
 10
4517.8664
 20
1291.6176
 10
4523.7474
 20
1295.7997
 10
4529.4139
 20
1300.2527
 10
4534.8566
 20
1304.9673
 10
4540.066
 20
1309.934
 10
4545.0327
 20
1315.1434
 10
4549.7473
 20
1320.5861
 10
4554.2003
 20
1326.2526
 10
4558.3824
 20
1332.1336
 10
4562.284
 20
1338.2195
 10
4565.8958
 20
1344.5011
 10
4569.2084
 20
1350.9688
 10
4572.2123
 20
1357.6132
 10
4574.898
 20
1364.425
 10
4577.2563
 20
1371.3946
 10
4579.2776
 20
1378.5127
 10
4580.9525
 20
1385.7698
 10
4582.2717
 20
1393.1565
  0
LWPOLYLINE
  5
10C
330
17
100
AcDbEntity
  8
OFFCUT
100
AcDbPolyline
 90
129
 70
1
 10
4896.2717
 20
1393.1565
 10
4897.2256
 20
1400.6634
 10
4897.8048
 20
1408.281
 10
4898.0
 20
1416.0
 10
4897.8048
 20
1423.719
 10
4897.2256
 20
1431.3366
 10
4896.2717
 20
1438.8435
 10
4894.9525
 20
1446.2302
 10
4893.2776
 20
1453.4873
 10
4891.2563
 20
1460.6054
 10
4888.898
 20
1467.575
 10
4886.2123
 20
1474.3868
 10
4883.2084
 20
1481.0312
 10
4879.8958
 20
1487.4989
 10
4876.284
 20
1493.7805
 10
4872.3824
 20
1499.8664
 10
4868.2003
 20
1505.7474
 10
4863.7473
 20
1511.4139
 10
4859.0327
 20
1516.8566
 10
4854.066
 20
1522.066
 10
4848.8566
 20
1527.0327
 10
4843.4139
 20
1531.7473
 10
4837.7474
 20
1536.2003
 10
4831.8664
 20
1540.3824
 10
4825.7805
 20
1544.284
 10
4819.4989
 20
1547.8958
 10
4813.0312
 20
1551.2084
 10
4806.3868
 20
1554.2123
 10
4799.575
 20
1556.898
 10
4792.6054
 20
1559.2563
 10
4785.4873
 20
1561.2776
 10
4778.2302
 20
1562.9525
 10
4770.8435
 20
1564.2717
 10
4763.3366
 20
1565.2256
 10
4755.719
 20
1565.8048
 10
4748.0
 20
1566.0
 10
4740.281
 20
1565.8048
 10
4732.6634
 20
1565.2256
 10
4725.1565
 20
1564.2717
 10
4717.7698
 20
1562.9525
 10
4710.5127
 20
1561.2776
 10
4703.3946
 20
1559.2563
 10
4696.425
 20
1556.898
 10
4689.6132
 20
1554.2123
 10
4682.9688
 20
1551.2084
 10
4676.5011
 20
1547.8958
 10
4670.2195
 20
1544.284
 10
4664.1336
 20
1540.3824
 10
4658.2526
 20
1536.2003
 10
4652.5861
 20
1531.7473
 10
4647.1434
 20
1527.0327
 10
4641.934
 20
1522.066
 10
4636.9673
 20
1516.8566
 10
4632.2527
 20
1511.4139
 10
4627.7997
 20
1505.7474
 10
4623.6176
 20
1499.8664
 10
4619.716
 20
1493.7805
 10
4616.1042
 20
1487.4989
 10
4612.7916
 20
1481.0312
 10
4609.7877
 20
1474.3868
 10
4607.102
 20
1467.575
 10
4604.7437
 20
1460.6054
 10
4602.7224
 20
1453.4873
 10
4601.0475
 20
1446.2302
 10
4599.7283
 20
1438.8435
 10
4598.7744
 20
1431.3366
 10
4598.1952
 20
1423.719
 10
4598.0
 20
1416.0
 10
4598.1952
 20
1408.281
 10
4598.7744
 20
1400.6634
 10
4599.7283
 20
1393.1565
 10
4601.0475
 20
1385.7698
 10
4602.7224
 20
1378.5127
 10
4604.7437
 20
1371.3946
 10
4607.102
 20
1364.425
 10
4609.7877
 20
1357.6132
 10
4612.7916
 20
1350.9688
 10
4616.1042
 20
1344.5011
 10
4619.716
 20
1338.2195
 10
4623.6176
 20
1332.1336
 10
4627.7997
 20
1326.2526
 10
4632.2527
 20
1320.5861
 10
4636.9673
 20
1315.1434
 10
4641.934
 20
1309.934
 10
4647.1434
 20
1304.9673
 10
4652.5861
 20
1300.2527
 10
4658.2526
 20
1295.7997
 10
4664.1336
 20
1291.6176
 10
4670.2195
 20
1287.716
 10
4676.5011
 20
1284.1042
 10
4682.9688
 20
1280.7916
 10
4689.6132
 20
1277.7877
 10
4696.425
 20
1275.102
 10
4703.3946
 20
1272.7437
 10
4710.5127
 20
1270.7224
 10
4717.7698
 20
1269.0475
 10
4725.1565
 20
1267.7283
 10
4732.6634
 20
1266.7744
 10
4740.281
 20
1266.1952
 10
4748.0
 20
1266.0
 10
4755.719
 20
1266.1952
 10
4763.3366
 20
1266.7744
 10
4770.8435
 20
1267.7283
 10
4778.2302
 20
1269.0475
 10
4785.4873
 20
1270.7224
 10
4792.6054
 20
1272.7437
 10
4799.575
 20
1275.102
 10
4806.3868
 20
1277.7877
 10
4813.0312
 20
1280.7916
 10
4819.4989
 20
1284.1042
 10
4825.7805
 20
1287.716
 10
4831.8664
 20
1291.6176
 10
4837.7474
 20
1295.7997
 10
4843.4139
 20
1300.2527
 10
4848.8566
 20
1304.9673
 10
4854.066
 20
1309.934
 10
4859.0327
 20
1315.1434
 10
4863.7473
 20
1320.5861
 10
4868.2003
 20
1326.2526
 10
4872.3824
 20
1332.1336
 10
4876.284
 20
1338.2195
 10
4879.8958
 20
1344.5011
 10
4883.2084
 20
1350.9688
 10
4886.2123
 20
1357.6132
 10
4888.898
 20
1364.425
 10
4891.2563
 20
1371.3946
 10
4893.2776
 20
1378.5127
 10
4894.9525
 20
1385.7698
 10
4896.2717
 20
1393.1565
  0
LWPOLYLINE
  5
10D
330
17
100
AcDbEntity
  8
OFFCUT
100
AcDbPolyline
 90
129
 70
1
 10
4894.9525
 20
1699.7698
 10
4896.2717
 20
1707.1565
 10
4897.2256
 20
1714.6634
 10
4897.8048
 20
1722.281
 10
4898.0
 20
1730.0
 10
4897.8048
 20
1737.719
 10
4897.2256
 20
1745.3366
 10
4896.2717
 20
1752.8435
 10
4894.9525
 20
1760.2302
 10
4893.2776
 20
1767.4873
 10
4891.2563
 20
1774.6054
 10
4888.898
 20
1781.575
 10
4886.2123
 20
1788.3868
 10
4883.2084
 20
1795.0312
 10
4879.8958
 20
1801.4989
 10
4876.284
 20
1807.7805
 10
4872.3824
 20
1813.8664
 10
4868.2003
 20
1819.7474
 10
4863.7473
 20
1825.4139
 10
4859.0327
 20
1830.8566
 10
4854.066
 20
1836.066
 10
4848.8566
 20
1841.0327
 10
4843.4139
 20
1845.7473
 10
4837.7474
 20
1850.2003
 10
4831.8664
 20
1854.3824
 10
4825.7805
 20
1858.284
 10
4819.4989
 20
1861.8958
 10
4813.0312
 20
1865.2084
 10
4806.3868
 20
1868.2123
 10
4799.575
 20
1870.898
 10
4792.6054
 20
1873.2563
 10
4785.4873
 20
1875.2776
 10
4778.2302
 20
1876.9525
 10
4770.8435
 20
1878.2717
 10
4763.3366
 20
1879.2256
 10
4755.719
 20
1879.8048
 10
4748.0
 20
1880.0
 10
4740.281
 20
1879.8048
 10
4732.6634
 20
1879.2256
 10
4725.1565
 20
1878.2717
 10
4717.7698
 20
1876.9525
 10
4710.5127
 20
1875.2776
 10
4703.3946
 20
1873.2563
 10
4696.425
 20
1870.898
 10
4689.6132
 20
1868.2123
 10
4682.9688
 20
1865.2084
 10
4676.5011
 20
1861.8958
 10
4670.2195
 20
1858.284
 10
4664.1336
 20
1854.3824
 10
4658.2526
 20
1850.2003
 10
4652.5861
 20
1845.7473
 10
4647.1434
 20
1841.0327
 10
4641.934
 20
1836.066
 10
4636.9673
 20
1830.8566
 10
4632.2527
 20
1825.4139
 10
4627.7997
 20
1819.7474
 10
4623.6176
 20
1813.8664
 10
4619.716
 20
1807.7805
 10
4616.1042
 20
1801.4989
 10
4612.7916
 20
1795.0312
 10
4609.7877
 20
1788.3868
 10
4607.102
 20
1781.575
 10
4604.7437
 20
1774.6054
 10
4602.7224
 20
1767.4873
 10
4601.0475
 20
1760.2302
 10
4599.7283
 20
1752.8435
 10
4598.7744
 20
1745.3366
 10
4598.1952
 20
1737.719
 10
4598.0
 20
1730.0
 10
4598.1952
 20
1722.281
 10
4598.7744
 20
1714.6634
 10
4599.7283
 20
1707.1565
 10
4601.0475
 20
1699.7698
 10
4602.7224
 20
1692.5127
 10
4604.7437
 20
1685.3946
 10
4607.102
 20
1678.425
 10
4609.7877
 20
1671.6132
 10
4612.7916
 20
1664.9688
 10
4616.1042
 20
1658.5011
 10
4619.716
 20
1652.2195
 10
4623.6176
 20
1646.1336
 10
4627.7997
 20
1640.2526
 10
4632.2527
 20
1634.5861
 10
4636.9673
 20
1629.1434
 10
4641.934
 20
1623.934
 10
4647.1434
 20
1618.9673
 10
4652.5861
 20
1614.2527
 10
4658.2526
 20
1609.7997
 10
4664.1336
 20
1605.6176
 10
4670.2195
 20
1601.716
 10
4676.5011
 20
1598.1042
 10
4682.9688
 20
1594.7916
 10
4689.6132
 20
1591.7877
 10
4696.425
 20
1589.102
 10
4703.3946
 20
1586.7437
 10
4710.5127
 20
1584.7224
 10
4717.7698
 20
1583.0475
 10
4725.1565
 20
1581.7283
 10
4732.6634
 20
1580.7744
 10
4740.281
 20
1580.1952
 10
4748.0
 20
1580.0
 10
4755.719
 20
1580.1952
 10
4763.3366
 20
1580.7744
 10
4770.8435
 20
1581.7283
 10
4778.2302
 20
1583.0475
 10
4785.4873
 20
1584.7224
 10
4792.6054
 20
1586.7437
 10
4799.575
 20
1589.102
 10
4806.3868
 20
1591.7877
 10
4813.0312
 20
1594.7916
 10
4819.4989
 20
1598.1042
 10
4825.7805
 20
1601.716
 10
4831.8664
 20
1605.6176
 10
4837.7474
 20
1609.7997
 10
4843.4139
 20
1614.2527
 10
4848.8566
 20
1618.9673
 10
4854.066
 20
1623.934
 10
4859.0327
 20
1629.1434
 10
4863.7473
 20
1634.5861
 10
4868.2003
 20
1640.2526
 10
4872.3824
 20
1646.1336
 10
4876.284
 20
1652.2195
 10
4879.8958
 20
1658.5011
 10
4883.2084
 20
1664.9688
 10
4886.2123
 20
1671.6132
 10
4888.898
 20
1678.425
 10
4891.2563
 20
1685.3946
 10
4893.2776
 20
1692.5127
 10
4894.9525
 20
1699.7698
  0
LWPOLYLINE
  5
10E
330
17
100
AcDbEntity
  8
OFFCUT
100
AcDbPolyline
 90
129
 70
1
 10
4894.9525
 20
2013.7698
 10
4896.2717
 20
2021.1565
 10
4897.2256
 20
2028.6634
 10
4897.8048
 20
2036.281
 10
4898.0
 20
2044.0
 10
4897.8048
 20
2051.719
 10
4897.2256
 20
2059.3366
 10
4896.2717
 20
2066.8435
 10
4894.9525
 20
2074.2302
 10
4893.2776
 20
2081.4873
 10
4891.2563
 20
2088.6054
 10
4888.898
 20
2095.575
 10
4886.2123
 20
2102.3868
 10
4883.2084
 20
2109.0312
 10
4879.8958
 20
2115.4989
 10
4876.284
 20
2121.7805
 10
4872.3824
 20
2127.8664
 10
4868.2003
 20
2133.7474
 10
4863.7473
 20
2139.4139
 10
4859.0327
 20
2144.8566
 10
4854.066
 20
2150.066
 10
4848.8566
 20
2155.0327
 10
4843.4139
 20
2159.7473
 10
4837.7474
 20
2164.2003
 10
4831.8664
 20
2168.3824
 10
4825.7805
 20
2172.284
 10
4819.4989
 20
2175.8958
 10
4813.0312
 20
2179.2084
 10
4806.3868
 20
2182.2123
 10
4799.575
 20
2184.898
 10
4792.6054
 20
2187.2563
 10
4785.4873
 20
2189.2776
 10
4778.2302
 20
2190.9525
 10
4770.8435
 20
2192.2717
 10
4763.3366
 20
2193.2256
 10
4755.719
 20
2193.8048
 10
4748.0
 20
2194.0
 10
4740.281
 20
2193.8048
 10
4732.6634
 20
2193.2256
 10
4725.1565
 20
2192.2717
 10
4717.7698
 20
2190.9525
 10
4710.5127
 20
2189.2776
 10
4703.3946
 20
2187.2563
 10
4696.425
 20
2184.898
 10
4689.6132
 20
2182.2123
 10
4682.9688
 20
2179.2084
 10
4676.5011
 20
2175.8958
 10
4670.2195
 20
2172.284
 10
4664.1336
 20
2168.3824
 10
4658.2526
 20
2164.2003
 10
4652.5861
 20
2159.7473
 10
4647.1434
 20
2155.0327
 10
4641.934
 20
2150.066
 10
4636.9673
 20
2144.8566
 10
4632.2527
 20
2139.4139
 10
4627.7997
 20
2133.7474
 10
4623.6176
 20
2127.8664
 10
4619.716
 20
2121.7805
 10
4616.1042
 20
2115.4989
 10
4612.7916
 20
2109.0312
 10
4609.7877
 20
2102.3868
 10
4607.102
 20
2095.575
 10
4604.7437
 20
2088.6054
 10
4602.7224
 20
2081.4873
 10
4601.0475
 20
2074.2302
 10
4599.7283
 20
2066.8435
 10
4598.7744
 20
2059.3366
 10
4598.1952
 20
2051.719
 10
4598.0
 20
2044.0
 10
4598.1952
 20
2036.281
 10
4598.7744
 20
2028.6634
 10
4599.7283
 20
2021.1565
 10
4601.0475
 20
2013.7698
 10
4602.7224
 20
2006.5127
 10
4604.7437
 20
1999.3946
 10
4607.102
 20
1992.425
 10
4609.7877
 20
1985.6132
 10
4612.7916
 20
1978.9688
 10
4616.1042
 20
1972.5011
 10
4619.716
 20
1966.2195
 10
4623.6176
 20
1960.1336
 10
4627.7997
 20
1954.2526
 10
4632.2527
 20
1948.5861
 10
4636.9673
 20
1943.1434
 10
4641.934
 20
1937.934
 10
4647.1434
 20
1932.9673
 10
4652.5861
 20
1928.2527
 10
4658.2526
 20
1923.7997
 10
4664.1336
 20
1919.6176
 10
4670.2195
 20
1915.716
 10
4676.5011
 20
1912.1042
 10
4682.9688
 20
1908.7916
 10
4689.6132
 20
1905.7877
 10
4696.425
 20
1903.102
 10
4703.3946
 20
1900.7437
 10
4710.5127
 20
1898.7224
 10
4717.7698
 20
1897.0475
 10
4725.1565
 20
1895.7283
 10
4732.6634
 20
1894.7744
 10
4740.281
 20
1894.1952
 10
4748.0
 20
1894.0
 10
4755.719
 20
1894.1952
 10
4763.3366
 20
1894.7744
 10
4770.8435
 20
1895.7283
 10
4778.2302
 20
1897.0475
 10
4785.4873
 20
1898.7224
 10
4792.6054
 20
1900.7437
 10
4799.575
 20
1903.102
 10
4806.3868
 20
1905.7877
 10
4813.0312
 20
1908.7916
 10
4819.4989
 20
1912.1042
 10
4825.7805
 20
1915.716
 10
4831.8664
 20
1919.6176
 10
4837.7474
 20
1923.7997
 10
4843.4139
 20
1928.2527
 10
4848.8566
 20
1932.9673
 10
4854.066
 20
1937.934
 10
4859.0327
 20
1943.1434
 10
4863.7473
 20
1948.5861
 10
4868.2003
 20
1954.2526
 10
4872.3824
 20
1960.1336
 10
4876.284
 20
1966.2195
 10
4879.8958
 20
1972.5011
 10
4883.2084
 20
1978.9688
 10
4886.2123
 20
1985.6132
 10
4888.898
 20
1992.425
 10
4891.2563
 20
1999.3946
 10
4893.2776
 20
2006.5127
 10
4894.9525
 20
2013.7698
  0
LWPOLYLINE
  5
10F
330
17
100
AcDbEntity
  8
OFFCUT
100
AcDbPolyline
 90
129
 70
1
 10
10.1952
 20
1408.281
 10
10.7744
 20
1400.6634
 10
11.7283
 20
1393.1565
 10
13.0475
 20
1385.7698
 10
14.7224
 20
1378.5127
 10
16.7437
 20
1371.3946
 10
19.102
 20
1364.425
 10
21.7877
 20
1357.6132
 10
24.7916
 20
1350.9688
 10
28.1042
 20
1344.5011
 10
31.716
 20
1338.2195
 10
35.6176
 20
1332.1336
 10
39.7997
 20
1326.2526
 10
44.2527
 20
1320.5861
 10
48.9673
 20
1315.1434
 10
53.934
 20
1309.934
 10
59.1434
 20
1304.9673
 10
64.5861
 20
1300.2527
 10
70.2526
 20
1295.7997
 10
76.1336
 20
1291.6176
 10
82.2195
 20
1287.716
 10
88.5011
 20
1284.1042
 10
94.9688
 20
1280.7916
 10
101.6132
 20
1277.7877
 10
108.425
 20
1275.102
 10
115.3946
 20
1272.7437
 10
122.5127
 20
1270.7224
 10
129.7698
 20
1269.0475
 10
137.1565
 20
1267.7283
 10
144.6634
 20
1266.7744
 10
152.281
 20
1266.1952
 10
160.0
 20
1266.0
 10
167.719
 20
1266.1952
 10
175.3366
 20
1266.7744
 10
182.8435
 20
1267.7283
 10
190.2302
 20
1269.0475
 10
197.4873
 20
1270.7224
 10
204.6054
 20
1272.7437
 10
211.575
 20
1275.102
 10
218.3868
 20
1277.7877
 10
225.0312
 20
1280.7916
 10
231.4989
 20
1284.1042
 10
237.7805
 20
1287.716
 10
243.8664
 20
1291.6176
 10
249.7474
 20
1295.7997
 10
255.4139
 20
1300.2527
 10
260.8566
 20
1304.9673
 10
266.066
 20
1309.934
 10
271.0327
 20
1315.1434
 10
275.7473
 20
1320.5861
 10
280.2003
 20
1326.2526
 10
284.3824
 20
1332.1336
 10
288.284
 20
1338.2195
 10
291.8958
 20
1344.5011
 10
295.2084
 20
1350.9688
 10
298.2123
 20
1357.6132
 10
300.898
 20
1364.425
 10
303.2563
 20
1371.3946
 10
305.2776
 20
1378.5127
 10
306.9525
 20
1385.7698
 10
308.2717
 20
1393.1565
 10
309.2256
 20
1400.6634
 10
309.8048
 20
1408.281
 10
310.0
 20
1416.0
 10
309.8048
 20
1423.719
 10
309.2256
 20
1431.3366
 10
308.2717
 20
1438.8435
 10
306.9525
 20
1446.2302
 10
305.2776
 20
1453.4873
 10
303.2563
 20
1460.6054
 10
300.898
 20
1467.575
 10
298.2123
 20
1474.3868
 10
295.2084
 20
1481.0312
 10
291.8958
 20
1487.4989
 10
288.284
 20
1493.7805
 10
284.3824
 20
1499.8664
 10
280.2003
 20
1505.7474
 10
275.7473
 20
1511.4139
 10
271.0327
 20
1516.8566
 10
266.066
 20
1522.066
 10
260.8566
 20
1527.0327
 10
255.4139
 20
1531.7473
 10
249.7474
 20
1536.2003
 10
243.8664
 20
1540.3824
 10
237.7805
 20
1544.284
 10
231.4989
 20
1547.8958
 10
225.0312
 20
1551.2084
 10
218.3868
 20
1554.2123
 10
211.575
 20
1556.898
 10
204.6054
 20
1559.2563
 10
197.4873
 20
1561.2776
 10
190.2302
 20
1562.9525
 10
182.8435
 20
1564.2717
 10
175.3366
 20
1565.2256
 10
167.719
 20
1565.8048
 10
160.0
 20
1566.0
 10
152.281
 20
1565.8048
 10
144.6634
 20
1565.2256
 10
137.1565
 20
1564.2717
 10
129.7698
 20
1562.9525
 10
122.5127
 20
1561.2776
 10
115.3946
 20
1559.2563
 10
108.425
 20
1556.898
 10
101.6132
 20
1554.2123
 10
94.9688
 20
1551.2084
 10
88.5011
 20
1547.8958
 10
82.2195
 20
1544.284
 10
76.1336
 20
1540.3824
 10
70.2526
 20
1536.2003
 10
64.5861
 20
1531.7473
 10
59.1434
 20
1527.0327
 10
53.934
 20
1522.066
 10
48.9673
 20
1516.8566
 10
44.2527
 20
1511.4139
 10
39.7997
 20
1505.7474
 10
35.6176
 20
1499.8664
 10
31.716
 20
1493.7805
 10
28.1042
 20
1487.4989
 10
24.7916
 20
1481.0312
 10
21.7877
 20
1474.3868
 10
19.102
 20
1467.575
 10
16.7437
 20
1460.6054
 10
14.7224
 20
1453.4873
 10
13.0475
 20
1446.2302
 10
11.7283
 20
1438.8435
 10
10.7744
 20
1431.3366
 10
10.1952
 20
1423.719
 10
10.0
 20
1416.0
 10
10.1952
 20
1408.281
  0
LWPOLYLINE
  5
110
330
17
100
AcDbEntity
  8
OFFCUT
100
AcDbPolyline
 90
129
 70
1
 10
10.1952
 20
1722.281
 10
10.7744
 20
1714.6634
 10
11.7283
 20
1707.1565
 10
13.0475
 20
1699.7698
 10
14.7224
 20
1692.5127
 10
16.7437
 20
1685.3946
 10
19.102
 20
1678.425
 10
21.7877
 20
1671.6132
 10
24.7916
 20
1664.9688
 10
28.1042
 20
1658.5011
 10
31.716
 20
1652.2195
 10
35.6176
 20
1646.1336
 10
39.7997
 20
1640.2526
 10
44.2527
 20
1634.5861
 10
48.9673
 20
1629.1434
 10
53.934
 20
1623.934
 10
59.1434
 20
1618.9673
 10
64.5861
 20
1614.2527
 10
70.2526
 20
1609.7997
 10
76.1336
 20
1605.6176
 10
82.2195
 20
1601.716
 10
88.5011
 20
1598.1042
 10
94.9688
 20
1594.7916
 10
101.6132
 20
1591.7877
 10
108.425
 20
1589.102
 10
115.3946
 20
1586.7437
 10
122.5127
 20
1584.7224
 10
129.7698
 20
1583.0475
 10
137.1565
 20
1581.7283
 10
144.6634
 20
1580.7744
 10
152.281
 20
1580.1952
 10
160.0
 20
1580.0
 10
167.719
 20
1580.1952
 10
175.3366
 20
1580.7744
 10
182.8435
 20
1581.7283
 10
190.2302
 20
1583.0475
 10
197.4873
 20
1584.7224
 10
204.6054
 20
1586.7437
 10
211.575
 20
1589.102
 10
218.3868
 20
1591.7877
 10
225.0312
 20
1594.7916
 10
231.4989
 20
1598.1042
 10
237.7805
 20
1601.716
 10
243.8664
 20
1605.6176
 10
249.7474
 20
1609.7997
 10
255.4139
 20
1614.2527
 10
260.8566
 20
1618.9673
 10
266.066
 20
1623.934
 10
271.0327
 20
1629.1434
 10
275.7473
 20
1634.5861
 10
280.2003
 20
1640.2526
 10
284.3824
 20
1646.1336
 10
288.284
 20
1652.2195
 10
291.8958
 20
1658.5011
 10
295.2084
 20
1664.9688
 10
298.2123
 20
1671.6132
 10
300.898
 20
1678.425
 10
303.2563
 20
1685.3946
 10
305.2776
 20
1692.5127
 10
306.9525
 20
1699.7698
 10
308.2717
 20
1707.1565
 10
309.2256
 20
1714.6634
 10
309.8048
 20
1722.281
 10
310.0
 20
1730.0
 10
309.8048
 20
1737.719
 10
309.2256
 20
1745.3366
 10
308.2717
 20
1752.8435
 10
306.9525
 20
1760.2302
 10
305.2776
 20
1767.4873
 10
303.2563
 20
1774.6054
 10
300.898
 20
1781.575
 10
298.2123
 20
1788.3868
 10
295.2084
 20
1795.0312
 10
291.8958
 20
1801.4989
 10
288.284
 20
1807.7805
 10
284.3824
 20
1813.8664
 10
280.2003
 20
1819.7474
 10
275.7473
 20
1825.4139
 10
271.0327
 20
1830.8566
 10
266.066
 20
1836.066
 10
260.8566
 20
1841.0327
 10
255.4139
 20
1845.7473
 10
249.7474
 20
1850.2003
 10
243.8664
 20
1854.3824
 10
237.7805
 20
1858.284
 10
231.4989
 20
1861.8958
 10
225.0312
 20
1865.2084
 10
218.3868
 20
1868.2123
 10
211.575
 20
1870.898
 10
204.6054
 20
1873.2563
 10
197.4873
 20
1875.2776
 10
190.2302
 20
1876.9525
 10
182.8435
 20
1878.2717
 10
175.3366
 20
1879.2256
 10
167.719
 20
1879.8048
 10
160.0
 20
1880.0
 10
152.281
 20
1879.8048
 10
144.6634
 20
1879.2256
 10
137.1565
 20
1878.2717
 10
129.7698
 20
1876.9525
 10
122.5127
 20
1875.2776
 10
115.3946
 20
1873.2563
 10
108.425
 20
1870.898
 10
101.6132
 20
1868.2123
 10
94.9688
 20
1865.2084
 10
88.5011
 20
1861.8958
 10
82.2195
 20
1858.284
 10
76.1336
 20
1854.3824
 10
70.2526
 20
1850.2003
 10
64.5861
 20
1845.7473
 10
59.1434
 20
1841.0327
 10
53.934
 20
1836.066
 10
48.9673
 20
1830.8566
 10
44.2527
 20
1825.4139
 10
39.7997
 20
1819.7474
 10
35.6176
 20
1813.8664
 10
31.716
 20
1807.7805
 10
28.1042
 20
1801.4989
 10
24.7916
 20
1795.0312
 10
21.7877
 20
1788.3868
 10
19.102
 20
1781.575
 10
16.7437
 20
1774.6054
 10
14.7224
 20
1767.4873
 10
13.0475
 20
1760.2302
 10
11.7283
 20
1752.8435
 10
10.7744
 20
1745.3366
 10
10.1952
 20
1737.719
 10
10.0
 20
1730.0
 10
10.1952
 20
1722.281
  0
LWPOLYLINE
  5
111
330
17
100
AcDbEntity
  8
OFFCUT
100
AcDbPolyline
 90
129
 70
1
 10
10.1952
 20
2036.281
 10
10.7744
 20
2028.6634
 10
11.7283
 20
2021.1565
 10
13.0475
 20
2013.7698
 10
14.7224
 20
2006.5127
 10
16.7437
 20
1999.3946
 10
19.102
 20
1992.425
 10
21.7877
 20
1985.6132
 10
24.7916
 20
1978.9688
 10
28.1042
 20
1972.5011
 10
31.716
 20
1966.2195
 10
35.6176
 20
1960.1336
 10
39.7997
 20
1954.2526
 10
44.2527
 20
1948.5861
 10
48.9673
 20
1943.1434
 10
53.934
 20
1937.934
 10
59.1434
 20
1932.9673
 10
64.5861
 20
1928.2527
 10
70.2526
 20
1923.7997
 10
76.1336
 20
1919.6176
 10
82.2195
 20
1915.716
 10
88.5011
 20
1912.1042
 10
94.9688
 20
1908.7916
 10
101.6132
 20
1905.7877
 10
108.425
 20
1903.102
 10
115.3946
 20
1900.7437
 10
122.5127
 20
1898.7224
 10
129.7698
 20
1897.0475
 10
137.1565
 20
1895.7283
 10
144.6634
 20
1894.7744
 10
152.281
 20
1894.1952
 10
160.0
 20
1894.0
 10
167.719
 20
1894.1952
 10
175.3366
 20
1894.7744
 10
182.8435
 20
1895.7283
 10
190.2302
 20
1897.0475
 10
197.4873
 20
1898.7224
 10
204.6054
 20
1900.7437
 10
211.575
 20
1903.102
 10
218.3868
 20
1905.7877
 10
225.0312
 20
1908.7916
 10
231.4989
 20
1912.1042
 10
237.7805
 20
1915.716
 10
243.8664
 20
1919.6176
 10
249.7474
 20
1923.7997
 10
255.4139
 20
1928.2527
 10
260.8566
 20
1932.9673
 10
266.066
 20
1937.934
 10
271.0327
 20
1943.1434
 10
275.7473
 20
1948.5861
 10
280.2003
 20
1954.2526
 10
284.3824
 20
1960.1336
 10
288.284
 20
1966.2195
 10
291.8958
 20
1972.5011
 10
295.2084
 20
1978.9688
 10
298.2123
 20
1985.6132
 10
300.898
 20
1992.425
 10
303.2563
 20
1999.3946
 10
305.2776
 20
2006.5127
 10
306.9525
 20
2013.7698
 10
308.2717
 20
2021.1565
 10
309.2256
 20
2028.6634
 10
309.8048
 20
2036.281
 10
310.0
 20
2044.0
 10
309.8048
 20
2051.719
 10
309.2256
 20
2059.3366
 10
308.2717
 20
2066.8435
 10
306.9525
 20
2074.2302
 10
305.2776
 20
2081.4873
 10
303.2563
 20
2088.6054
 10
300.898
 20
2095.575
 10
298.2123
 20
2102.3868
 10
295.2084
 20
2109.0312
 10
291.8958
 20
2115.4989
 10
288.284
 20
2121.7805
 10
284.3824
 20
2127.8664
 10
280.2003
 20
2133.7474
 10
275.7473
 20
2139.4139
 10
271.0327
 20
2144.8566
 10
266.066
 20
2150.066
 10
260.8566
 20
2155.0327
 10
255.4139
 20
2159.7473
 10
249.7474
 20
2164.2003
 10
243.8664
 20
2168.3824
 10
237.7805
 20
2172.284
 10
231.4989
 20
2175.8958
 10
225.0312
 20
2179.2084
 10
218.3868
 20
2182.2123
 10
211.575
 20
2184.898
 10
204.6054
 20
2187.2563
 10
197.4873
 20
2189.2776
 10
190.2302
 20
2190.9525
 10
182.8435
 20
2192.2717
 10
175.3366
 20
2193.2256
 10
167.719
 20
2193.8048
 10
160.0
 20
2194.0
 10
152.281
 20
2193.8048
 10
144.6634
 20
2193.2256
 10
137.1565
 20
2192.2717
 10
129.7698
 20
2190.9525
 10
122.5127
 20
2189.2776
 10
115.3946
 20
2187.2563
 10
108.425
 20
2184.898
 10
101.6132
 20
2182.2123
 10
94.9688
 20
2179.2084
 10
88.5011
 20
2175.8958
 10
82.2195
 20
2172.284
 10
76.1336
 20
2168.3824
 10
70.2526
 20
2164.2003
 10
64.5861
 20
2159.7473
 10
59.1434
 20
2155.0327
 10
53.934
 20
2150.066
 10
48.9673
 20
2144.8566
 10
44.2527
 20
2139.4139
 10
39.7997
 20
2133.7474
 10
35.6176
 20
2127.8664
 10
31.716
 20
2121.7805
 10
28.1042
 20
2115.4989
 10
24.7916
 20
2109.0312
 10
21.7877
 20
2102.3868
 10
19.102
 20
2095.575
 10
16.7437
 20
2088.6054
 10
14.7224
 20
2081.4873
 10
13.0475
 20
2074.2302
 10
11.7283
 20
2066.8435
 10
10.7744
 20
2059.3366
 10
10.1952
 20
2051.719
 10
10.0
 20
2044.0
 10
10.1952
 20
2036.281
  0
LWPOLYLINE
  5
112
330
17
100
AcDbEntity
  8
OFFCUT
100
AcDbPolyline
 90
129
 70
1
 10
622.2717
 20
1707.1565
 10
623.2256
 20
1714.6634
 10
623.8048
 20
1722.281
 10
624.0
 20
1730.0
 10
623.8048
 20
1737.719
 10
623.2256
 20
1745.3366
 10
622.2717
 20
1752.8435
 10
620.9525
 20
1760.2302
 10
619.2776
 20
1767.4873
 10
617.2563
 20
1774.6054
 10
614.898
 20
1781.575
 10
612.2123
 20
1788.3868
 10
609.2084
 20
1795.0312
 10
605.8958
 20
1801.4989
 10
602.284
 20
1807.7805
 10
598.3824
 20
1813.8664
 10
594.2003
 20
1819.7474
 10
589.7473
 20
1825.4139
 10
585.0327
 20
1830.8566
 10
580.066
 20
1836.066
 10
574.8566
 20
1841.0327
 10
569.4139
 20
1845.7473
 10
563.7474
 20
1850.2003
 10
557.8664
 20
1854.3824
 10
551.7805
 20
1858.284
 10
545.4989
 20
1861.8958
 10
539.0312
 20
1865.2084
 10
532.3868
 20
1868.2123
 10
525.575
 20
1870.898
 10
518.6054
 20
1873.2563
 10
511.4873
 20
1875.2776
 10
504.2302
 20
1876.9525
 10
496.8435
 20
1878.2717
 10
489.3366
 20
1879.2256
 10
481.719
 20
1879.8048
 10
474.0
 20
1880.0
 10
466.281
 20
1879.8048
 10
458.6634
 20
1879.2256
 10
451.1565
 20
1878.2717
 10
443.7698
 20
1876.9525
 10
436.5127
 20
1875.2776
 10
429.3946
 20
1873.2563
 10
422.425
 20
1870.898
 10
415.6132
 20
1868.2123
 10
408.9688
 20
1865.2084
 10
402.5011
 20
1861.8958
 10
396.2195
 20
1858.284
 10
390.1336
 20
1854.3824
 10
384.2526
 20
1850.2003
 10
378.5861
 20
1845.7473
 10
373.1434
 20
1841.0327
 10
367.934
 20
1836.066
 10
362.9673
 20
1830.8566
 10
358.2527
 20
1825.4139
 10
353.7997
 20
1819.7474
 10
349.6176
 20
1813.8664
 10
345.716
 20
1807.7805
 10
342.1042
 20
1801.4989
 10
338.7916
 20
1795.0312
 10
335.7877
 20
1788.3868
 10
333.102
 20
1781.575
 10
330.7437
 20
1774.6054
 10
328.7224
 20
1767.4873
 10
327.0475
 20
1760.2302
 10
325.7283
 20
1752.8435
 10
324.7744
 20
1745.3366
 10
324.1952
 20
1737.719
 10
324.0
 20
1730.0
 10
324.1952
 20
1722.281
 10
324.7744
 20
1714.6634
 10
325.7283
 20
1707.1565
 10
327.0475
 20
1699.7698
 10
328.7224
 20
1692.5127
 10
330.7437
 20
1685.3946
 10
333.102
 20
1678.425
 10
335.7877
 20
1671.6132
 10
338.7916
 20
1664.9688
 10
342.1042
 20
1658.5011
 10
345.716
 20
1652.2195
 10
349.6176
 20
1646.1336
 10
353.7997
 20
1640.2526
 10
358.2527
 20
1634.5861
 10
362.9673
 20
1629.1434
 10
367.934
 20
1623.934
 10
373.1434
 20
1618.9673
 10
378.5861
 20
1614.2527
 10
384.2526
 20
1609.7997
 10
390.1336
 20
1605.6176
 10
396.2195
 20
1601.716
 10
402.5011
 20
1598.1042
 10
408.9688
 20
1594.7916
 10
415.6132
 20
1591.7877
 10
422.425
 20
1589.102
 10
429.3946
 20
1586.7437
 10
436.5127
 20
1584.7224
 10
443.7698
 20
1583.0475
 10
451.1565
 20
1581.7283
 10
458.6634
 20
1580.7744
 10
466.281
 20
1580.1952
 10
474.0
 20
1580.0
 10
481.719
 20
1580.1952
 10
489.3366
 20
1580.7744
 10
496.8435
 20
1581.7283
 10
504.2302
 20
1583.0475
 10
511.4873
 20
1584.7224
 10
518.6054
 20
1586.7437
 10
525.575
 20
1589.102
 10
532.3868
 20
1591.7877
 10
539.0312
 20
1594.7916
 10
545.4989
 20
1598.1042
 10
551.7805
 20
1601.716
 10
557.8664
 20
1605.6176
 10
563.7474
 20
1609.7997
 10
569.4139
 20
1614.2527
 10
574.8566
 20
1618.9673
 10
580.066
 20
1623.934
 10
585.0327
 20
1629.1434
 10
589.7473
 20
1634.5861
 10
594.2003
 20
1640.2526
 10
598.3824
 20
1646.1336
 10
602.284
 20
1652.2195
 10
605.8958
 20
1658.5011
 10
609.2084
 20
1664.9688
 10
612.2123
 20
1671.6132
 10
614.898
 20
1678.425
 10
617.2563
 20
1685.3946
 10
619.2776
 20
1692.5127
 10
620.9525
 20
1699.7698
 10
622.2717
 20
1707.1565
  0
LWPOLYLINE
  5
113
330
17
100
AcDbEntity
  8
OFFCUT
100
AcDbPolyline
 90
129
 70
1
 10
620.9525
 20
2013.7698
 10
622.2717
 20
2021.1565
 10
623.2256
 20
2028.6634
 10
623.8048
 20
2036.281
 10
624.0
 20
2044.0
 10
623.8048
 20
2051.719
 10
623.2256
 20
2059.3366
 10
622.2717
 20
2066.8435
 10
620.9525
 20
2074.2302
 10
619.2776
 20
2081.4873
 10
617.2563
 20
2088.6054
 10
614.898
 20
2095.575
 10
612.2123
 20
2102.3868
 10
609.2084
 20
2109.0312
 10
605.8958
 20
2115.4989
 10
602.284
 20
2121.7805
 10
598.3824
 20
2127.8664
 10
594.2003
 20
2133.7474
 10
589.7473
 20
2139.4139
 10
585.0327
 20
2144.8566
 10
580.066
 20
2150.066
 10
574.8566
 20
2155.0327
 10
569.4139
 20
2159.7473
 10
563.7474
 20
2164.2003
 10
557.8664
 20
2168.3824
 10
551.7805
 20
2172.284
 10
545.4989
 20
2175.8958
 10
539.0312
 20
2179.2084
 10
532.3868
 20
2182.2123
 10
525.575
 20
2184.898
 10
518.6054
 20
2187.2563
 10
511.4873
 20
2189.2776
 10
504.2302
 20
2190.9525
 10
496.8435
 20
2192.2717
 10
489.3366
 20
2193.2256
 10
481.719
 20
2193.8048
 10
474.0
 20
2194.0
 10
466.281
 20
2193.8048
 10
458.6634
 20
2193.2256
 10
451.1565
 20
2192.2717
 10
443.7698
 20
2190.9525
 10
436.5127
 20
2189.2776
 10
429.3946
 20
2187.2563
 10
422.425
 20
2184.898
 10
415.6132
 20
2182.2123
 10
408.9688
 20
2179.2084
 10
402.5011
 20
2175.8958
 10
396.2195
 20
2172.284
 10
390.1336
 20
2168.3824
 10
384.2526
 20
2164.2003
 10
378.5861
 20
2159.7473
 10
373.1434
 20
2155.0327
 10
367.934
 20
2150.066
 10
362.9673
 20
2144.8566
 10
358.2527
 20
2139.4139
 10
353.7997
 20
2133.7474
 10
349.6176
 20
2127.8664
 10
345.716
 20
2121.7805
 10
342.1042
 20
2115.4989
 10
338.7916
 20
2109.0312
 10
335.7877
 20
2102.3868
 10
333.102
 20
2095.575
 10
330.7437
 20
2088.6054
 10
328.7224
 20
2081.4873
 10
327.0475
 20
2074.2302
 10
325.7283
 20
2066.8435
 10
324.7744
 20
2059.3366
 10
324.1952
 20
2051.719
 10
324.0
 20
2044.0
 10
324.1952
 20
2036.281
 10
324.7744
 20
2028.6634
 10
325.7283
 20
2021.1565
 10
327.0475
 20
2013.7698
 10
328.7224
 20
2006.5127
 10
330.7437
 20
1999.3946
 10
333.102
 20
1992.425
 10
335.7877
 20
1985.6132
 10
338.7916
 20
1978.9688
 10
342.1042
 20
1972.5011
 10
345.716
 20
1966.2195
 10
349.6176
 20
1960.1336
 10
353.7997
 20
1954.2526
 10
358.2527
 20
1948.5861
 10
362.9673
 20
1943.1434
 10
367.934
 20
1937.934
 10
373.1434
 20
1932.9673
 10
378.5861
 20
1928.2527
 10
384.2526
 20
1923.7997
 10
390.1336
 20
1919.6176
 10
396.2195
 20
1915.716
 10
402.5011
 20
1912.1042
 10
408.9688
 20
1908.7916
 10
415.6132
 20
1905.7877
 10
422.425
 20
1903.102
 10
429.3946
 20
1900.7437
 10
436.5127
 20
1898.7224
 10
443.7698
 20
1897.0475
 10
451.1565
 20
1895.7283
 10
458.6634
 20
1894.7744
 10
466.281
 20
1894.1952
 10
474.0
 20
1894.0
 10
481.719
 20
1894.1952
 10
489.3366
 20
1894.7744
 10
496.8435
 20
1895.7283
 10
504.2302
 20
1897.0475
 10
511.4873
 20
1898.7224
 10
518.6054
 20
1900.7437
 10
525.575
 20
1903.102
 10
532.3868
 20
1905.7877
 10
539.0312
 20
1908.7916
 10
545.4989
 20
1912.1042
 10
551.7805
 20
1915.716
 10
557.8664
 20
1919.6176
 10
563.7474
 20
1923.7997
 10
569.4139
 20
1928.2527
 10
574.8566
 20
1932.9673
 10
580.066
 20
1937.934
 10
585.0327
 20
1943.1434
 10
589.7473
 20
1948.5861
 10
594.2003
 20
1954.2526
 10
598.3824
 20
1960.1336
 10
602.284
 20
1966.2195
 10
605.8958
 20
1972.5011
 10
609.2084
 20
1978.9688
 10
612.2123
 20
1985.6132
 10
614.898
 20
1992.425
 10
617.2563
 20
1999.3946
 10
619.2776
 20
2006.5127
 10
620.9525
 20
2013.7698
  0
LWPOLYLINE
  5
114
330
17
100
AcDbEntity
  8
OFFCUT
100
AcDbPolyline
 90
5
 70
1
 10
824.0
 20
324.0
 10
824.0
 20
624.0
 10
424.0
 20
624.0
 10
424.0
 20
324.0
 10
824.0
 20
324.0
  0
LWPOLYLINE
  5
115
330
17
100
AcDbEntity
  8
OFFCUT
100
AcDbPolyline
 90
5
 70
1
 10
824.0
 20
638.0
 10
824.0
 20
938.0
 10
424.0
 20
938.0
 10
424.0
 20
638.0
 10
824.0
 20
638.0
  0
LWPOLYLINE
  5
116
330
17
100
AcDbEntity
  8
OFFCUT
100
AcDbPolyline
 90
129
 70
1
 10
722.2717
 20
1079.1565
 10
723.2256
 20
1086.6634
 10
723.8048
 20
1094.281
 10
724.0
 20
1102.0
 10
723.8048
 20
1109.719
 10
723.2256
 20
1117.3366
 10
722.2717
 20
1124.8435
 10
720.9525
 20
1132.2302
 10
719.2776
 20
1139.4873
 10
717.2563
 20
1146.6054
 10
714.898
 20
1153.575
 10
712.2123
 20
1160.3868
 10
709.2084
 20
1167.0312
 10
705.8958
 20
1173.4989
 10
702.284
 20
1179.7805
 10
698.3824
 20
1185.8664
 10
694.2003
 20
1191.7474
 10
689.7473
 20
1197.4139
 10
685.0327
 20
1202.8566
 10
680.066
 20
1208.066
 10
674.8566
 20
1213.0327
 10
669.4139
 20
1217.7473
 10
663.7474
 20
1222.2003
 10
657.8664
 20
1226.3824
 10
651.7805
 20
1230.284
 10
645.4989
 20
1233.8958
 10
639.0312
 20
1237.2084
 10
632.3868
 20
1240.2123
 10
625.575
 20
1242.898
 10
618.6054
 20
1245.2563
 10
611.4873
 20
1247.2776
 10
604.2302
 20
1248.9525
 10
596.8435
 20
1250.2717
 10
589.3366
 20
1251.2256
 10
581.719
 20
1251.8048
 10
574.0
 20
1252.0
 10
566.281
 20
1251.8048
 10
558.6634
 20
1251.2256
 10
551.1565
 20
1250.2717
 10
543.7698
 20
1248.9525
 10
536.5127
 20
1247.2776
 10
529.3946
 20
1245.2563
 10
522.425
 20
1242.898
 10
515.6132
 20
1240.2123
 10
508.9688
 20
1237.2084
 10
502.5011
 20
1233.8958
 10
496.2195
 20
1230.284
 10
490.1336
 20
1226.3824
 10
484.2526
 20
1222.2003
 10
478.5861
 20
1217.7473
 10
473.1434
 20
1213.0327
 10
467.934
 20
1208.066
 10
462.9673
 20
1202.8566
 10
458.2527
 20
1197.4139
 10
453.7997
 20
1191.7474
 10
449.6176
 20
1185.8664
 10
445.716
 20
1179.7805
 10
442.1042
 20
1173.4989
 10
438.7916
 20
1167.0312
 10
435.7877
 20
1160.3868
 10
433.102
 20
1153.575
 10
430.7437
 20
1146.6054
 10
428.7224
 20
1139.4873
 10
427.0475
 20
1132.2302
 10
425.7283
 20
1124.8435
 10
424.7744
 20
1117.3366
 10
424.1952
 20
1109.719
 10
424.0
 20
1102.0
 10
424.1952
 20
1094.281
 10
424.7744
 20
1086.6634
 10
425.7283
 20
1079.1565
 10
427.0475
 20
1071.7698
 10
428.7224
 20
1064.5127
 10
430.7437
 20
1057.3946
 10
433.102
 20
1050.425
 10
435.7877
 20
1043.6132
 10
438.7916
 20
1036.9688
 10
442.1042
 20
1030.5011
 10
445.716
 20
1024.2195
 10
449.6176
 20
1018.1336
 10
453.7997
 20
1012.2526
 10
458.2527
 20
1006.5861
 10
462.9673
 20
1001.1434
 10
467.934
 20
995.934
 10
473.1434
 20
990.9673
 10
478.5861
 20
986.2527
 10
484.2526
 20
981.7997
 10
490.1336
 20
977.6176
 10
496.2195
 20
973.716
 10
502.5011
 20
970.1042
 10
508.9688
 20
966.7916
 10
515.6132
 20
963.7877
 10
522.425
 20
961.102
 10
529.3946
 20
958.7437
 10
536.5127
 20
956.7224
 10
543.7698
 20
955.0475
 10
551.1565
 20
953.7283
 10
558.6634
 20
952.7744
 10
566.281
 20
952.1952
 10
574.0
 20
952.0
 10
581.719
 20
952.1952
 10
589.3366
 20
952.7744
 10
596.8435
 20
953.7283
 10
604.2302
 20
955.0475
 10
611.4873
 20
956.7224
 10
618.6054
 20
958.7437
 10
625.575
 20
961.102
 10
632.3868
 20
963.7877
 10
639.0312
 20
966.7916
 10
645.4989
 20
970.1042
 10
651.7805
 20
973.716
 10
657.8664
 20
977.6176
 10
663.7474
 20
981.7997
 10
669.4139
 20
986.2527
 10
674.8566
 20
990.9673
 10
680.066
 20
995.934
 10
685.0327
 20
1001.1434
 10
689.7473
 20
1006.5861
 10
694.2003
 20
1012.2526
 10
698.3824
 20
1018.1336
 10
702.284
 20
1024.2195
 10
705.8958
 20
1030.5011
 10
709.2084
 20
1036.9688
 10
712.2123
 20
1043.6132
 10
714.898
 20
1050.425
 10
717.2563
 20
1057.3946
 10
719.2776
 20
1064.5127
 10
720.9525
 20
1071.7698
 10
722.2717
 20
1079.1565
  0
LWPOLYLINE
  5
117
330
17
100
AcDbEntity
  8
OFFCUT
100
AcDbPolyline
 90
129
 70
1
 10
1036.2717
 20
1079.1565
 10
1037.2256
 20
1086.6634
 10
1037.8048
 20
1094.281
 10
1038.0
 20
1102.0
 10
1037.8048
 20
1109.719
 10
1037.2256
 20
1117.3366
 10
1036.2717
 20
1124.8435
 10
1034.9525
 20
1132.2302
 10
1033.2776
 20
1139.4873
 10
1031.2563
 20
1146.6054
 10
1028.898
 20
1153.575
 10
1026.2123
 20
1160.3868
 10
1023.2084
 20
1167.0312
 10
1019.8958
 20
1173.4989
 10
1016.284
 20
1179.7805
 10
1012.3824
 20
1185.8664
 10
1008.2003
 20
1191.7474
 10
1003.7473
 20
1197.4139
 10
999.0327
 20
1202.8566
 10
994.066
 20
1208.066
 10
988.8566
 20
1213.0327
 10
983.4139
 20
1217.7473
 10
977.7474
 20
1222.2003
 10
971.8664
 20
1226.3824
 10
965.7805
 20
1230.284
 10
959.4989
 20
1233.8958
 10
953.0312
 20
1237.2084
 10
946.3868
 20
1240.2123
 10
939.575
 20
1242.898
 10
932.6054
 20
1245.2563
 10
925.4873
 20
1247.2776
 10
918.2302
 20
1248.9525
 10
910.8435
 20
1250.2717
 10
903.3366
 20
1251.2256
 10
895.719
 20
1251.8048
 10
888.0
 20
1252.0
 10
880.281
 20
1251.8048
 10
872.6634
 20
1251.2256
 10
865.1565
 20
1250.2717
 10
857.7698
 20
1248.9525
 10
850.5127
 20
1247.2776
 10
843.3946
 20
1245.2563
 10
836.425
 20
1242.898
 10
829.6132
 20
1240.2123
 10
822.9688
 20
1237.2084
 10
816.5011
 20
1233.8958
 10
810.2195
 20
1230.284
 10
804.1336
 20
1226.3824
 10
798.2526
 20
1222.2003
 10
792.5861
 20
1217.7473
 10
787.1434
 20
1213.0327
 10
781.934
 20
1208.066
 10
776.9673
 20
1202.8566
 10
772.2527
 20
1197.4139
 10
767.7997
 20
1191.7474
 10
763.6176
 20
1185.8664
 10
759.716
 20
1179.7805
 10
756.1042
 20
1173.4989
 10
752.7916
 20
1167.0312
 10
749.7877
 20
1160.3868
 10
747.102
 20
1153.575
 10
744.7437
 20
1146.6054
 10
742.7224
 20
1139.4873
 10
741.0475
 20
1132.2302
 10
739.7283
 20
1124.8435
 10
738.7744
 20
1117.3366
 10
738.1952
 20
1109.719
 10
738.0
 20
1102.0
 10
738.1952
 20
1094.281
 10
738.7744
 20
1086.6634
 10
739.7283
 20
1079.1565
 10
741.0475
 20
1071.7698
 10
742.7224
 20
1064.5127
 10
744.7437
 20
1057.3946
 10
747.102
 20
1050.425
 10
749.7877
 20
1043.6132
 10
752.7916
 20
1036.9688
 10
756.1042
 20
1030.5011
 10
759.716
 20
1024.2195
 10
763.6176
 20
1018.1336
 10
767.7997
 20
1012.2526
 10
772.2527
 20
1006.5861
 10
776.9673
 20
1001.1434
 10
781.934
 20
995.934
 10
787.1434
 20
990.9673
 10
792.5861
 20
986.2527
 10
798.2526
 20
981.7997
 10
804.1336
 20
977.6176
 10
810.2195
 20
973.716
 10
816.5011
 20
970.1042
 10
822.9688
 20
966.7916
 10
829.6132
 20
963.7877
 10
836.425
 20
961.102
 10
843.3946
 20
958.7437
 10
850.5127
 20
956.7224
 10
857.7698
 20
955.0475
 10
865.1565
 20
953.7283
 10
872.6634
 20
952.7744
 10
880.281
 20
952.1952
 10
888.0
 20
952.0
 10
895.719
 20
952.1952
 10
903.3366
 20
952.7744
 10
910.8435
 20
953.7283
 10
918.2302
 20
955.0475
 10
925.4873
 20
956.7224
 10
932.6054
 20
958.7437
 10
939.575
 20
961.102
 10
946.3868
 20
963.7877
 10
953.0312
 20
966.7916
 10
959.4989
 20
970.1042
 10
965.7805
 20
973.716
 10
971.8664
 20
977.6176
 10
977.7474
 20
981.7997
 10
983.4139
 20
986.2527
 10
988.8566
 20
990.9673
 10
994.066
 20
995.934
 10
999.0327
 20
1001.1434
 10
1003.7473
 20
1006.5861
 10
1008.2003
 20
1012.2526
 10
1012.3824
 20
1018.1336
 10
1016.284
 20
1024.2195
 10
1019.8958
 20
1030.5011
 10
1023.2084
 20
1036.9688
 10
1026.2123
 20
1043.6132
 10
1028.898
 20
1050.425
 10
1031.2563
 20
1057.3946
 10
1033.2776
 20
1064.5127
 10
1034.9525
 20
1071.7698
 10
1036.2717
 20
1079.1565
  0
LWPOLYLINE
  5
118
330
17
100
AcDbEntity
  8
OFFCUT
100
AcDbPolyline
 90
129
 70
1
 10
622.2717
 20
1393.1565
 10
623.2256
 20
1400.6634
 10
623.8048
 20
1408.281
 10
624.0
 20
1416.0
 10
623.8048
 20
1423.719
 10
623.2256
 20
1431.3366
 10
622.2717
 20
1438.8435
 10
620.9525
 20
1446.2302
 10
619.2776
 20
1453.4873
 10
617.2563
 20
1460.6054
 10
614.898
 20
1467.575
 10
612.2123
 20
1474.3868
 10
609.2084
 20
1481.0312
 10
605.8958
 20
1487.4989
 10
602.284
 20
1493.7805
 10
598.3824
 20
1499.8664
 10
594.2003
 20
1505.7474
 10
589.7473
 20
1511.4139
 10
585.0327
 20
1516.8566
 10
580.066
 20
1522.066
 10
574.8566
 20
1527.0327
 10
569.4139
 20
1531.7473
 10
563.7474
 20
1536.2003
 10
557.8664
 20
1540.3824
 10
551.7805
 20
1544.284
 10
545.4989
 20
1547.8958
 10
539.0312
 20
1551.2084
 10
532.3868
 20
1554.2123
 10
525.575
 20
1556.898
 10
518.6054
 20
1559.2563
 10
511.4873
 20
1561.2776
 10
504.2302
 20
1562.9525
 10
496.8435
 20
1564.2717
 10
489.3366
 20
1565.2256
 10
481.719
 20
1565.8048
 10
474.0
 20
1566.0
 10
466.281
 20
1565.8048
 10
458.6634
 20
1565.2256
 10
451.1565
 20
1564.2717
 10
443.7698
 20
1562.9525
 10
436.5127
 20
1561.2776
 10
429.3946
 20
1559.2563
 10
422.425
 20
1556.898
 10
415.6132
 20
1554.2123
 10
408.9688
 20
1551.2084
 10
402.5011
 20
1547.8958
 10
396.2195
 20
1544.284
 10
390.1336
 20
1540.3824
 10
384.2526
 20
1536.2003
 10
378.5861
 20
1531.7473
 10
373.1434
 20
1527.0327
 10
367.934
 20
1522.066
 10
362.9673
 20
1516.8566
 10
358.2527
 20
1511.4139
 10
353.7997
 20
1505.7474
 10
349.6176
 20
1499.8664
 10
345.716
 20
1493.7805
 10
342.1042
 20
1487.4989
 10
338.7916
 20
1481.0312
 10
335.7877
 20
1474.3868
 10
333.102
 20
1467.575
 10
330.7437
 20
1460.6054
 10
328.7224
 20
1453.4873
 10
327.0475
 20
1446.2302
 10
325.7283
 20
1438.8435
 10
324.7744
 20
1431.3366
 10
324.1952
 20
1423.719
 10
324.0
 20
1416.0
 10
324.1952
 20
1408.281
 10
324.7744
 20
1400.6634
 10
325.7283
 20
1393.1565
 10
327.0475
 20
1385.7698
 10
328.7224
 20
1378.5127
 10
330.7437
 20
1371.3946
 10
333.102
 20
1364.425
 10
335.7877
 20
1357.6132
 10
338.7916
 20
1350.9688
 10
342.1042
 20
1344.5011
 10
345.716
 20
1338.2195
 10
349.6176
 20
1332.1336
 10
353.7997
 20
1326.2526
 10
358.2527
 20
1320.5861
 10
362.9673
 20
1315.1434
 10
367.934
 20
1309.934
 10
373.1434
 20
1304.9673
 10
378.5861
 20
1300.2527
 10
384.2526
 20
1295.7997
 10
390.1336
 20
1291.6176
 10
396.2195
 20
1287.716
 10
402.5011
 20
1284.1042
 10
408.9688
 20
1280.7916
 10
415.6132
 20
1277.7877
 10
422.425
 20
1275.102
 10
429.3946
 20
1272.7437
 10
436.5127
 20
1270.7224
 10
443.7698
 20
1269.0475
 10
451.1565
 20
1267.7283
 10
458.6634
 20
1266.7744
 10
466.281
 20
1266.1952
 10
474.0
 20
1266.0
 10
481.719
 20
1266.1952
 10
489.3366
 20
1266.7744
 10
496.8435
 20
1267.7283
 10
504.2302
 20
1269.0475
 10
511.4873
 20
1270.7224
 10
518.6054
 20
1272.7437
 10
525.575
 20
1275.102
 10
532.3868
 20
1277.7877
 10
539.0312
 20
1280.7916
 10
545.4989
 20
1284.1042
 10
551.7805
 20
1287.716
 10
557.8664
 20
1291.6176
 10
563.7474
 20
1295.7997
 10
569.4139
 20
1300.2527
 10
574.8566
 20
1304.9673
 10
580.066
 20
1309.934
 10
585.0327
 20
1315.1434
 10
589.7473
 20
1320.5861
 10
594.2003
 20
1326.2526
 10
598.3824
 20
1332.1336
 10
602.284
 20
1338.2195
 10
605.8958
 20
1344.5011
 10
609.2084
 20
1350.9688
 10
612.2123
 20
1357.6132
 10
614.898
 20
1364.425
 10
617.2563
 20
1371.3946
 10
619.2776
 20
1378.5127
 10
620.9525
 20
1385.7698
 10
622.2717
 20
1393.1565
  0
LWPOLYLINE
  5
119
330
17
100
AcDbEntity
  8
OFFCUT
100
AcDbPolyline
 90
129
 70
1
 10
936.2717
 20
1393.1565
 10
937.2256
 20
1400.6634
 10
937.8048
 20
1408.281
 10
938.0
 20
1416.0
 10
937.8048
 20
1423.719
 10
937.2256
 20
1431.3366
 10
936.2717
 20
1438.8435
 10
934.9525
 20
1446.2302
 10
933.2776
 20
1453.4873
 10
931.2563
 20
1460.6054
 10
928.898
 20
1467.575
 10
926.2123
 20
1474.3868
 10
923.2084
 20
1481.0312
 10
919.8958
 20
1487.4989
 10
916.284
 20
1493.7805
 10
912.3824
 20
1499.8664
 10
908.2003
 20
1505.7474
 10
903.7473
 20
1511.4139
 10
899.0327
 20
1516.8566
 10
894.066
 20
1522.066
 10
888.8566
 20
1527.0327
 10
883.4139
 20
1531.7473
 10
877.7474
 20
1536.2003
 10
871.8664
 20
1540.3824
 10
865.7805
 20
1544.284
 10
859.4989
 20
1547.8958
 10
853.0312
 20
1551.2084
 10
846.3868
 20
1554.2123
 10
839.575
 20
1556.898
 10
832.6054
 20
1559.2563
 10
825.4873
 20
1561.2776
 10
818.2302
 20
1562.9525
 10
810.8435
 20
1564.2717
 10
803.3366
 20
1565.2256
 10
795.719
 20
1565.8048
 10
788.0
 20
1566.0
 10
780.281
 20
1565.8048
 10
772.6634
 20
1565.2256
 10
765.1565
 20
1564.2717
 10
757.7698
 20
1562.9525
 10
750.5127
 20
1561.2776
 10
743.3946
 20
1559.2563
 10
736.425
 20
1556.898
 10
729.6132
 20
1554.2123
 10
722.9688
 20
1551.2084
 10
716.5011
 20
1547.8958
 10
710.2195
 20
1544.284
 10
704.1336
 20
1540.3824
 10
698.2526
 20
1536.2003
 10
692.5861
 20
1531.7473
 10
687.1434
 20
1527.0327
 10
681.934
 20
1522.066
 10
676.9673
 20
1516.8566
 10
672.2527
 20
1511.4139
 10
667.7997
 20
1505.7474
 10
663.6176
 20
1499.8664
 10
659.716
 20
1493.7805
 10
656.1042
 20
1487.4989
 10
652.7916
 20
1481.0312
 10
649.7877
 20
1474.3868
 10
647.102
 20
1467.575
 10
644.7437
 20
1460.6054
 10
642.7224
 20
1453.4873
 10
641.0475
 20
1446.2302
 10
639.7283
 20
1438.8435
 10
638.7744
 20
1431.3366
 10
638.1952
 20
1423.719
 10
638.0
 20
1416.0
 10
638.1952
 20
1408.281
 10
638.7744
 20
1400.6634
 10
639.7283
 20
1393.1565
 10
641.0475
 20
1385.7698
 10
642.7224
 20
1378.5127
 10
644.7437
 20
1371.3946
 10
647.102
 20
1364.425
 10
649.7877
 20
1357.6132
 10
652.7916
 20
1350.9688
 10
656.1042
 20
1344.5011
 10
659.716
 20
1338.2195
 10
663.6176
 20
1332.1336
 10
667.7997
 20
1326.2526
 10
672.2527
 20
1320.5861
 10
676.9673
 20
1315.1434
 10
681.934
 20
1309.934
 10
687.1434
 20
1304.9673
 10
692.5861
 20
1300.2527
 10
698.2526
 20
1295.7997
 10
704.1336
 20
1291.6176
 10
710.2195
 20
1287.716
 10
716.5011
 20
1284.1042
 10
722.9688
 20
1280.7916
 10
729.6132
 20
1277.7877
 10
736.425
 20
1275.102
 10
743.3946
 20
1272.7437
 10
750.5127
 20
1270.7224
 10
757.7698
 20
1269.0475
 10
765.1565
 20
1267.7283
 10
772.6634
 20
1266.7744
 10
780.281
 20
1266.1952
 10
788.0
 20
1266.0
 10
795.719
 20
1266.1952
 10
803.3366
 20
1266.7744
 10
810.8435
 20
1267.7283
 10
818.2302
 20
1269.0475
 10
825.4873
 20
1270.7224
 10
832.6054
 20
1272.7437
 10
839.575
 20
1275.102
 10
846.3868
 20
1277.7877
 10
853.0312
 20
1280.7916
 10
859.4989
 20
1284.1042
 10
865.7805
 20
1287.716
 10
871.8664
 20
1291.6176
 10
877.7474
 20
1295.7997
 10
883.4139
 20
1300.2527
 10
888.8566
 20
1304.9673
 10
894.066
 20
1309.934
 10
899.0327
 20
1315.1434
 10
903.7473
 20
1320.5861
 10
908.2003
 20
1326.2526
 10
912.3824
 20
1332.1336
 10
916.284
 20
1338.2195
 10
919.8958
 20
1344.5011
 10
923.2084
 20
1350.9688
 10
926.2123
 20
1357.6132
 10
928.898
 20
1364.425
 10
931.2563
 20
1371.3946
 10
933.2776
 20
1378.5127
 10
934.9525
 20
1385.7698
 10
936.2717
 20
1393.1565
  0
LWPOLYLINE
  5
11A
330
17
100
AcDbEntity
  8
OFFCUT
100
AcDbPolyline
 90
129
 70
1
 10
934.9525
 20
1699.7698
 10
936.2717
 20
1707.1565
 10
937.2256
 20
1714.6634
 10
937.8048
 20
1722.281
 10
938.0
 20
1730.0
 10
937.8048
 20
1737.719
 10
937.2256
 20
1745.3366
 10
936.2717
 20
1752.8435
 10
934.9525
 20
1760.2302
 10
933.2776
 20
1767.4873
 10
931.2563
 20
1774.6054
 10
928.898
 20
1781.575
 10
926.2123
 20
1788.3868
 10
923.2084
 20
1795.0312
 10
919.8958
 20
1801.4989
 10
916.284
 20
1807.7805
 10
912.3824
 20
1813.8664
 10
908.2003
 20
1819.7474
 10
903.7473
 20
1825.4139
 10
899.0327
 20
1830.8566
 10
894.066
 20
1836.066
 10
888.8566
 20
1841.0327
 10
883.4139
 20
1845.7473
 10
877.7474
 20
1850.2003
 10
871.8664
 20
1854.3824
 10
865.7805
 20
1858.284
 10
859.4989
 20
1861.8958
 10
853.0312
 20
1865.2084
 10
846.3868
 20
1868.2123
 10
839.575
 20
1870.898
 10
832.6054
 20
1873.2563
 10
825.4873
 20
1875.2776
 10
818.2302
 20
1876.9525
 10
810.8435
 20
1878.2717
 10
803.3366
 20
1879.2256
 10
795.719
 20
1879.8048
 10
788.0
 20
1880.0
 10
780.281
 20
1879.8048
 10
772.6634
 20
1879.2256
 10
765.1565
 20
1878.2717
 10
757.7698
 20
1876.9525
 10
750.5127
 20
1875.2776
 10
743.3946
 20
1873.2563
 10
736.425
 20
1870.898
 10
729.6132
 20
1868.2123
 10
722.9688
 20
1865.2084
 10
716.5011
 20
1861.8958
 10
710.2195
 20
1858.284
 10
704.1336
 20
1854.3824
 10
698.2526
 20
1850.2003
 10
692.5861
 20
1845.7473
 10
687.1434
 20
1841.0327
 10
681.934
 20
1836.066
 10
676.9673
 20
1830.8566
 10
672.2527
 20
1825.4139
 10
667.7997
 20
1819.7474
 10
663.6176
 20
1813.8664
 10
659.716
 20
1807.7805
 10
656.1042
 20
1801.4989
 10
652.7916
 20
1795.0312
 10
649.7877
 20
1788.3868
 10
647.102
 20
1781.575
 10
644.7437
 20
1774.6054
 10
642.7224
 20
1767.4873
 10
641.0475
 20
1760.2302
 10
639.7283
 20
1752.8435
 10
638.7744
 20
1745.3366
 10
638.1952
 20
1737.719
 10
638.0
 20
1730.0
 10
638.1952
 20
1722.281
 10
638.7744
 20
1714.6634
 10
639.7283
 20
1707.1565
 10
641.0475
 20
1699.7698
 10
642.7224
 20
1692.5127
 10
644.7437
 20
1685.3946
 10
647.102
 20
1678.425
 10
649.7877
 20
1671.6132
 10
652.7916
 20
1664.9688
 10
656.1042
 20
1658.5011
 10
659.716
 20
1652.2195
 10
663.6176
 20
1646.1336
 10
667.7997
 20
1640.2526
 10
672.2527
 20
1634.5861
 10
676.9673
 20
1629.1434
 10
681.934
 20
1623.934
 10
687.1434
 20
1618.9673
 10
692.5861
 20
1614.2527
 10
698.2526
 20
1609.7997
 10
704.1336
 20
1605.6176
 10
710.2195
 20
1601.716
 10
716.5011
 20
1598.1042
 10
722.9688
 20
1594.7916
 10
729.6132
 20
1591.7877
 10
736.425
 20
1589.102
 10
743.3946
 20
1586.7437
 10
750.5127
 20
1584.7224
 10
757.7698
 20
1583.0475
 10
765.1565
 20
1581.7283
 10
772.6634
 20
1580.7744
 10
780.281
 20
1580.1952
 10
788.0
 20
1580.0
 10
795.719
 20
1580.1952
 10
803.3366
 20
1580.7744
 10
810.8435
 20
1581.7283
 10
818.2302
 20
1583.0475
 10
825.4873
 20
1584.7224
 10
832.6054
 20
1586.7437
 10
839.575
 20
1589.102
 10
846.3868
 20
1591.7877
 10
853.0312
 20
1594.7916
 10
859.4989
 20
1598.1042
 10
865.7805
 20
1601.716
 10
871.8664
 20
1605.6176
 10
877.7474
 20
1609.7997
 10
883.4139
 20
1614.2527
 10
888.8566
 20
1618.9673
 10
894.066
 20
1623.934
 10
899.0327
 20
1629.1434
 10
903.7473
 20
1634.5861
 10
908.2003
 20
1640.2526
 10
912.3824
 20
1646.1336
 10
916.284
 20
1652.2195
 10
919.8958
 20
1658.5011
 10
923.2084
 20
1664.9688
 10
926.2123
 20
1671.6132
 10
928.898
 20
1678.425
 10
931.2563
 20
1685.3946
 10
933.2776
 20
1692.5127
 10
934.9525
 20
1699.7698
  0
LWPOLYLINE
  5
11B
330
17
100
AcDbEntity
  8
OFFCUT
100
AcDbPolyline
 90
129
 70
1
 10
934.9525
 20
2013.7698
 10
936.2717
 20
2021.1565
 10
937.2256
 20
2028.6634
 10
937.8048
 20
2036.281
 10
938.0
 20
2044.0
 10
937.8048
 20
2051.719
 10
937.2256
 20
2059.3366
 10
936.2717
 20
2066.8435
 10
934.9525
 20
2074.2302
 10
933.2776
 20
2081.4873
 10
931.2563
 20
2088.6054
 10
928.898
 20
2095.575
 10
926.2123
 20
2102.3868
 10
923.2084
 20
2109.0312
 10
919.8958
 20
2115.4989
 10
916.284
 20
2121.7805
 10
912.3824
 20
2127.8664
 10
908.2003
 20
2133.7474
 10
903.7473
 20
2139.4139
 10
899.0327
 20
2144.8566
 10
894.066
 20
2150.066
 10
888.8566
 20
2155.0327
 10
883.4139
 20
2159.7473
 10
877.7474
 20
2164.2003
 10
871.8664
 20
2168.3824
 10
865.7805
 20
2172.284
 10
859.4989
 20
2175.8958
 10
853.0312
 20
2179.2084
 10
846.3868
 20
2182.2123
 10
839.575
 20
2184.898
 10
832.6054
 20
2187.2563
 10
825.4873
 20
2189.2776
 10
818.2302
 20
2190.9525
 10
810.8435
 20
2192.2717
 10
803.3366
 20
2193.2256
 10
795.719
 20
2193.8048
 10
788.0
 20
2194.0
 10
780.281
 20
2193.8048
 10
772.6634
 20
2193.2256
 10
765.1565
 20
2192.2717
 10
757.7698
 20
2190.9525
 10
750.5127
 20
2189.2776
 10
743.3946
 20
2187.2563
 10
736.425
 20
2184.898
 10
729.6132
 20
2182.2123
 10
722.9688
 20
2179.2084
 10
716.5011
 20
2175.8958
 10
710.2195
 20
2172.284
 10
704.1336
 20
2168.3824
 10
698.2526
 20
2164.2003
 10
692.5861
 20
2159.7473
 10
687.1434
 20
2155.0327
 10
681.934
 20
2150.066
 10
676.9673
 20
2144.8566
 10
672.2527
 20
2139.4139
 10
667.7997
 20
2133.7474
 10
663.6176
 20
2127.8664
 10
659.716
 20
2121.7805
 10
656.1042
 20
2115.4989
 10
652.7916
 20
2109.0312
 10
649.7877
 20
2102.3868
 10
647.102
 20
2095.575
 10
644.7437
 20
2088.6054
 10
642.7224
 20
2081.4873
 10
641.0475
 20
2074.2302
 10
639.7283
 20
2066.8435
 10
638.7744
 20
2059.3366
 10
638.1952
 20
2051.719
 10
638.0
 20
2044.0
 10
638.1952
 20
2036.281
 10
638.7744
 20
2028.6634
 10
639.7283
 20
2021.1565
 10
641.0475
 20
2013.7698
 10
642.7224
 20
2006.5127
 10
644.7437
 20
1999.3946
 10
647.102
 20
1992.425
 10
649.7877
 20
1985.6132
 10
652.7916
 20
1978.9688
 10
656.1042
 20
1972.5011
 10
659.716
 20
1966.2195
 10
663.6176
 20
1960.1336
 10
667.7997
 20
1954.2526
 10
672.2527
 20
1948.5861
 10
676.9673
 20
1943.1434
 10
681.934
 20
1937.934
 10
687.1434
 20
1932.9673
 10
692.5861
 20
1928.2527
 10
698.2526
 20
1923.7997
 10
704.1336
 20
1919.6176
 10
710.2195
 20
1915.716
 10
716.5011
 20
1912.1042
 10
722.9688
 20
1908.7916
 10
729.6132
 20
1905.7877
 10
736.425
 20
1903.102
 10
743.3946
 20
1900.7437
 10
750.5127
 20
1898.7224
 10
757.7698
 20
1897.0475
 10
765.1565
 20
1895.7283
 10
772.6634
 20
1894.7744
 10
780.281
 20
1894.1952
 10
788.0
 20
1894.0
 10
795.719
 20
1894.1952
 10
803.3366
 20
1894.7744
 10
810.8435
 20
1895.7283
 10
818.2302
 20
1897.0475
 10
825.4873
 20
1898.7224
 10
832.6054
 20
1900.7437
 10
839.575
 20
1903.102
 10
846.3868
 20
1905.7877
 10
853.0312
 20
1908.7916
 10
859.4989
 20
1912.1042
 10
865.7805
 20
1915.716
 10
871.8664
 20
1919.6176
 10
877.7474
 20
1923.7997
 10
883.4139
 20
1928.2527
 10
888.8566
 20
1932.9673
 10
894.066
 20
1937.934
 10
899.0327
 20
1943.1434
 10
903.7473
 20
1948.5861
 10
908.2003
 20
1954.2526
 10
912.3824
 20
1960.1336
 10
916.284
 20
1966.2195
 10
919.8958
 20
1972.5011
 10
923.2084
 20
1978.9688
 10
926.2123
 20
1985.6132
 10
928.898
 20
1992.425
 10
931.2563
 20
1999.3946
 10
933.2776
 20
2006.5127
 10
934.9525
 20
2013.7698
  0
TEXT
  5
11C
330
17
100
AcDbEntity
  8
INFO
100
AcDbText
 10
3960.0
 20
2480.0
 30
0.0
 40
25.0
  1
SYMMETRY-FIRST - SHEET 4 - repeating_batch.dxf
 11
3960.0
 21
2480.0
 31
0.0
100
AcDbText
  0
LWPOLYLINE
  5
11D
330
17
100
AcDbEntity
  8
CNC_BOUNDARY
100
AcDbPolyline
 90
4
 70
1
 10
5280.0
 20
0.0
 10
6500.0
 20
0.0
 10
6500.0
 20
2440.0
 10
5280.0
 20
2440.0
  0
LWPOLYLINE
  5
11E
330
17
100
AcDbEntity
  8
CUT
100
AcDbPolyline
 90
129
 70
1
 10
5590.0
 20
160.0
 10
5589.8048
 20
152.281
 10
5589.2256
 20
144.6634
 10
5588.2717
 20
137.1565
 10
5586.9525
 20
129.7698
 10
5585.2776
 20
122.5127
 10
5583.2563
 20
115.3946
 10
5580.898
 20
108.425
 10
5578.2123
 20
101.6132
 10
5575.2084
 20
94.9688
 10
5571.8958
 20
88.5011
 10
5568.284
 20
82.2195
 10
5564.3824
 20
76.1336
 10
5560.2003
 20
70.2526
 10
5555.7473
 20
64.5861
 10
5551.0327
 20
59.1434
 10
5546.066
 20
53.934
 10
5540.8566
 20
48.9673
 10
5535.4139
 20
44.2527
 10
5529.7474
 20
39.7997
 10
5523.8664
 20
35.6176
 10
5517.7805
 20
31.716
 10
5511.4989
 20
28.1042
 10
5505.0312
 20
24.7916
 10
5498.3868
 20
21.7877
 10
5491.575
 20
19.102
 10
5484.6054
 20
16.7437
 10
5477.4873
 20
14.7224
 10
5470.2302
 20
13.0475
 10
5462.8435
 20
11.7283
 10
5455.3366
 20
10.7744
 10
5447.719
 20
10.1952
 10
5440.0
 20
10.0
 10
5432.281
 20
10.1952
 10
5424.6634
 20
10.7744
 10
5417.1565
 20
11.7283
 10
5409.7698
 20
13.0475
 10
5402.5127
 20
14.7224
 10
5395.3946
 20
16.7437
 10
5388.425
 20
19.102
 10
5381.6132
 20
21.7877
 10
5374.9688
 20
24.7916
 10
5368.5011
 20
28.1042
 10
5362.2195
 20
31.716
 10
5356.1336
 20
35.6176
 10
5350.2526
 20
39.7997
 10
5344.5861
 20
44.2527
 10
5339.1434
 20
48.9673
 10
5333.934
 20
53.934
 10
5328.9673
 20
59.1434
 10
5324.2527
 20
64.5861
 10
5319.7997
 20
70.2526
 10
5315.6176
 20
76.1336
 10
5311.716
 20
82.2195
 10
5308.1042
 20
88.5011
 10
5304.7916
 20
94.9688
 10
5301.7877
 20
101.6132
 10
5299.102
 20
108.425
 10
5296.7437
 20
115.3946
 10
5294.7224
 20
122.5127
 10
5293.0475
 20
129.7698
 10
5291.7283
 20
137.1565
 10
5290.7744
 20
144.6634
 10
5290.1952
 20
152.281
 10
5290.0
 20
160.0
 10
5290.1952
 20
167.719
 10
5290.7744
 20
175.3366
 10
5291.7283
 20
182.8435
 10
5293.0475
 20
190.2302
 10
5294.7224
 20
197.4873
 10
5296.7437
 20
204.6054
 10
5299.102
 20
211.575
 10
5301.7877
 20
218.3868
 10
5304.7916
 20
225.0312
 10
5308.1042
 20
231.4989
 10
5311.716
 20
237.7805
 10
5315.6176
 20
243.8664
 10
5319.7997
 20
249.7474
 10
5324.2527
 20
255.4139
 10
5328.9673
 20
260.8566
 10
5333.934
 20
266.066
 10
5339.1434
 20
271.0327
 10
5344.5861
 20
275.7473
 10
5350.2526
 20
280.2003
 10
5356.1336
 20
284.3824
 10
5362.2195
 20
288.284
 10
5368.5011
 20
291.8958
 10
5374.9688
 20
295.2084
 10
5381.6132
 20
298.2123
 10
5388.425
 20
300.898
 10
5395.3946
 20
303.2563
 10
5402.5127
 20
305.2776
 10
5409.7698
 20
306.9525
 10
5417.1565
 20
308.2717
 10
5424.6634
 20
309.2256
 10
5432.281
 20
309.8048
 10
5440.0
 20
310.0
 10
5447.719
 20
309.8048
 10
5455.3366
 20
309.2256
 10
5462.8435
 20
308.2717
 10
5470.2302
 20
306.9525
 10
5477.4873
 20
305.2776
 10
5484.6054
 20
303.2563
 10
5491.575
 20
300.898
 10
5498.3868
 20
298.2123
 10
5505.0312
 20
295.2084
 10
5511.4989
 20
291.8958
 10
5517.7805
 20
288.284
 10
5523.8664
 20
284.3824
 10
5529.7474
 20
280.2003
 10
5535.4139
 20
275.7473
 10
5540.8566
 20
271.0327
 10
5546.066
 20
266.066
 10
5551.0327
 20
260.8566
 10
5555.7473
 20
255.4139
 10
5560.2003
 20
249.7474
 10
5564.3824
 20
243.8664
 10
5568.284
 20
237.7805
 10
5571.8958
 20
231.4989
 10
5575.2084
 20
225.0312
 10
5578.2123
 20
218.3868
 10
5580.898
 20
211.575
 10
5583.2563
 20
204.6054
 10
5585.2776
 20
197.4873
 10
5586.9525
 20
190.2302
 10
5588.2717
 20
182.8435
 10
5589.2256
 20
175.3366
 10
5589.8048
 20
167.719
 10
5590.0
 20
160.0
  0
LWPOLYLINE
  5
11F
330
17
100
AcDbEntity
  8
CUT
100
AcDbPolyline
 90
129
 70
1
 10
5530.0
 20
160.0
 10
5529.8829
 20
155.3686
 10
5529.5353
 20
150.798
 10
5528.963
 20
146.2939
 10
5528.1715
 20
141.8619
 10
5527.1666
 20
137.5076
 10
5525.9538
 20
133.2368
 10
5524.5388
 20
129.055
 10
5522.9274
 20
124.9679
 10
5521.125
 20
120.9813
 10
5519.1375
 20
117.1007
 10
5516.9704
 20
113.3317
 10
5514.6294
 20
109.6801
 10
5512.1202
 20
106.1516
 10
5509.4484
 20
102.7516
 10
5506.6196
 20
99.486
 10
5503.6396
 20
96.3604
 10
5500.514
 20
93.3804
 10
5497.2484
 20
90.5516
 10
5493.8484
 20
87.8798
 10
5490.3199
 20
85.3706
 10
5486.6683
 20
83.0296
 10
5482.8993
 20
80.8625
 10
5479.0187
 20
78.875
 10
5475.0321
 20
77.0726
 10
5470.945
 20
75.4612
 10
5466.7632
 20
74.0462
 10
5462.4924
 20
72.8334
 10
5458.1381
 20
71.8285
 10
5453.7061
 20
71.037
 10
5449.202
 20
70.4647
 10
5444.6314
 20
70.1171
 10
5440.0
 20
70.0
 10
5435.3686
 20
70.1171
 10
5430.798
 20
70.4647
 10
5426.2939
 20
71.037
 10
5421.8619
 20
71.8285
 10
5417.5076
 20
72.8334
 10
5413.2368
 20
74.0462
 10
5409.055
 20
75.4612
 10
5404.9679
 20
77.0726
 10
5400.9813
 20
78.875
 10
5397.1007
 20
80.8625
 10
5393.3317
 20
83.0296
 10
5389.6801
 20
85.3706
 10
5386.1516
 20
87.8798
 10
5382.7516
 20
90.5516
 10
5379.486
 20
93.3804
 10
5376.3604
 20
96.3604
 10
5373.3804
 20
99.486
 10
5370.5516
 20
102.7516
 10
5367.8798
 20
106.1516
 10
5365.3706
 20
109.6801
 10
5363.0296
 20
113.3317
 10
5360.8625
 20
117.1007
 10
5358.875
 20
120.9813
 10
5357.0726
 20
124.9679
 10
5355.4612
 20
129.055
 10
5354.0462
 20
133.2368
 10
5352.8334
 20
137.5076
 10
5351.8285
 20
141.8619
 10
5351.037
 20
146.2939
 10
5350.4647
 20
150.798
 10
5350.1171
 20
155.3686
 10
5350.0
 20
160.0
 10
5350.1171
 20
164.6314
 10
5350.4647
 20
169.202
 10
5351.037
 20
173.7061
 10
5351.8285
 20
178.1381
 10
5352.8334
 20
182.4924
 10
5354.0462
 20
186.7632
 10
5355.4612
 20
190.945
 10
5357.0726
 20
195.0321
 10
5358.875
 20
199.0187
 10
5360.8625
 20
202.8993
 10
5363.0296
 20
206.6683
 10
5365.3706
 20
210.3199
 10
5367.8798
 20
213.8484
 10
5370.5516
 20
217.2484
 10
5373.3804
 20
220.514
 10
5376.3604
 20
223.6396
 10
5379.486
 20
226.6196
 10
5382.7516
 20
229.4484
 10
5386.1516
 20
232.1202
 10
5389.6801
 20
234.6294
 10
5393.3317
 20
236.9704
 10
5397.1007
 20
239.1375
 10
5400.9813
 20
241.125
 10
5404.9679
 20
242.9274
 10
5409.055
 20
244.5388
 10
5413.2368
 20
245.9538
 10
5417.5076
 20
247.1666
 10
5421.8619
 20
248.1715
 10
5426.2939
 20
248.963
 10
5430.798
 20
249.5353
 10
5435.3686
 20
249.8829
 10
5440.0
 20
250.0
 10
5444.6314
 20
249.8829
 10
5449.202
 20
249.5353
 10
5453.7061
 20
248.963
 10
5458.1381
 20
248.1715
 10
5462.4924
 20
247.1666
 10
5466.7632
 20
245.9538
 10
5470.945
 20
244.5388
 10
5475.0321
 20
242.9274
 10
5479.0187
 20
241.125
 10
5482.8993
 20
239.1375
 10
5486.6683
 20
236.9704
 10
5490.3199
 20
234.6294
 10
5493.8484
 20
232.1202
 10
5497.2484
 20
229.4484
 10
5500.514
 20
226.6196
 10
5503.6396
 20
223.6396
 10
5506.6196
 20
220.514
 10
5509.4484
 20
217.2484
 10
5512.1202
 20
213.8484
 10
5514.6294
 20
210.3199
 10
5516.9704
 20
206.6683
 10
5519.1375
 20
202.8993
 10
5521.125
 20
199.0187
 10
5522.9274
 20
195.0321
 10
5524.5388
 20
190.945
 10
5525.9538
 20
186.7632
 10
5527.1666
 20
182.4924
 10
5528.1715
 20
178.1381
 10
5528.963
 20
173.7061
 10
5529.5353
 20
169.202
 10
5529.8829
 20
164.6314
 10
5530.0
 20
160.0
  0
TEXT
  5
120
330
17
100
AcDbEntity
  8
ETCH
100
AcDbText
 10
5440.0
 20
163.8594900522511
 30
0.0
 40
24.0
  1
P003
 72
1
 11
5440.0
 21
163.8594900522511
 31
0.0
100
AcDbText
 73
2
  0
LWPOLYLINE
  5
121
330
17
100
AcDbEntity
  8
OFFCUT
100
AcDbPolyline
 90
101
 70
1
 10
5290.0
 20
2430.0
 10
6490.0
 20
2430.0
 10
6490.0
 20
10.0
 10
5440.0
 20
10.0
 10
5447.719
 20
10.1952
 10
5455.3366
 20
10.7744
 10
5462.8435
 20
11.7283
 10
5470.2302
 20
13.0475
 10
5477.4873
 20
14.7224
 10
5484.6054
 20
16.7437
 10
5491.575
 20
19.102
 10
5498.3868
 20
21.7877
 10
5505.0312
 20
24.7916
 10
5511.4989
 20
28.1042
 10
5517.7805
 20
31.716
 10
5523.8664
 20
35.6176
 10
5529.7474
 20
39.7997
 10
5535.4139
 20
44.2527
 10
5540.8566
 20
48.9673
 10
5546.066
 20
53.934
 10
5551.0327
 20
59.1434
 10
5555.7473
 20
64.5861
 10
5560.2003
 20
70.2526
 10
5564.3824
 20
76.1336
 10
5568.284
 20
82.2195
 10
5571.8958
 20
88.5011
 10
5575.2084
 20
94.9688
 10
5578.2123
 20
101.6132
 10
5580.898
 20
108.425
 10
5583.2563
 20
115.3946
 10
5585.2776
 20
122.5127
 10
5586.9525
 20
129.7698
 10
5588.2717
 20
137.1565
 10
5589.2256
 20
144.6634
 10
5589.8048
 20
152.281
 10
5590.0
 20
160.0
 10
5589.8048
 20
167.719
 10
5589.2256
 20
175.3366
 10
5588.2717
 20
182.8435
 10
5586.9525
 20
190.2302
 10
5585.2776
 20
197.4873
 10
5583.2563
 20
204.6054
 10
5580.898
 20
211.575
 10
5578.2123
 20
218.3868
 10
5575.2084
 20
225.0312
 10
5571.8958
 20
231.4989
 10
5568.284
 20
237.7805
 10
5564.3824
 20
243.8664
 10
5560.2003
 20
249.7474
 10
5555.7473
 20
255.4139
 10
5551.0327
 20
260.8566
 10
5546.066
 20
266.066
 10
5540.8566
 20
271.0327
 10
5535.4139
 20
275.7473
 10
5529.7474
 20
280.2003
 10
5523.8664
 20
284.3824
 10
5517.7805
 20
288.284
 10
5511.4989
 20
291.8958
 10
5505.0312
 20
295.2084
 10
5498.3868
 20
298.2123
 10
5491.575
 20
300.898
 10
5484.6054
 20
303.2563
 10
5477.4873
 20
305.2776
 10
5470.2302
 20
306.9525
 10
5462.8435
 20
308.2717
 10
5455.3366
 20
309.2256
 10
5447.719
 20
309.8048
 10
5440.0
 20
310.0
 10
5432.281
 20
309.8048
 10
5424.6634
 20
309.2256
 10
5417.1565
 20
308.2717
 10
5409.7698
 20
306.9525
 10
5402.5127
 20
305.2776
 10
5395.3946
 20
303.2563
 10
5388.425
 20
300.898
 10
5381.6132
 20
298.2123
 10
5374.9688
 20
295.2084
 10
5368.5011
 20
291.8958
 10
5362.2195
 20
288.284
 10
5356.1336
 20
284.3824
 10
5350.2526
 20
280.2003
 10
5344.5861
 20
275.7473
 10
5339.1434
 20
271.0327
 10
5333.934
 20
266.066
 10
5328.9673
 20
260.8566
 10
5324.2527
 20
255.4139
 10
5319.7997
 20
249.7474
 10
5315.6176
 20
243.8664
 10
5311.716
 20
237.7805
 10
5308.1042
 20
231.4989
 10
5304.7916
 20
225.0312
 10
5301.7877
 20
218.3868
 10
5299.102
 20
211.575
 10
5296.7437
 20
204.6054
 10
5294.7224
 20
197.4873
 10
5293.0475
 20
190.2302
 10
5291.7283
 20
182.8435
 10
5290.7744
 20
175.3366
 10
5290.1952
 20
167.719
 10
5290.0
 20
160.0
 10
5290.0
 20
2430.0
  0
LWPOLYLINE
  5
122
330
17
100
AcDbEntity
  8
OFFCUT
100
AcDbPolyline
 90
35
 70
1
 10
5290.0
 20
10.0
 10
5290.0
 20
160.0
 10
5290.1952
 20
152.281
 10
5290.7744
 20
144.6634
 10
5291.7283
 20
137.1565
 10
5293.0475
 20
129.7698
 10
5294.7224
 20
122.5127
 10
5296.7437
 20
115.3946
 10
5299.102
 20
108.425
 10
5301.7877
 20
101.6132
 10
5304.7916
 20
94.9688
 10
5308.1042
 20
88.5011
 10
5311.716
 20
82.2195
 10
5315.6176
 20
76.1336
 10
5319.7997
 20
70.2526
 10
5324.2527
 20
64.5861
 10
5328.9673
 20
59.1434
 10
5333.934
 20
53.934
 10
5339.1434
 20
48.9673
 10
5344.5861
 20
44.2527
 10
5350.2526
 20
39.7997
 10
5356.1336
 20
35.6176
 10
5362.2195
 20
31.716
 10
5368.5011
 20
28.1042
 10
5374.9688
 20
24.7916
 10
5381.6132
 20
21.7877
 10
5388.425
 20
19.102
 10
5395.3946
 20
16.7437
 10
5402.5127
 20
14.7224
 10
5409.7698
 20
13.0475
 10
5417.1565
 20
11.7283
 10
5424.6634
 20
10.7744
 10
5432.281
 20
10.1952
 10
5440.0
 20
10.0
 10
5290.0
 20
10.0
  0
TEXT
  5
123
330
17
100
AcDbEntity
  8
INFO
100
AcDbText
 10
5280.0
 20
2480.0
 30
0.0
 40
25.0
  1
SYMMETRY-FIRST - SHEET 5 - repeating_batch.dxf
 11
5280.0
 21
2480.0
 31
0.0
100
AcDbText
  0
ENDSEC
  0
SECTION
  2
OBJECTS
  0
DICTIONARY
  5
A
330
0
100
AcDbDictionary
281
1
  3
ACAD_COLOR
350
B
  3
ACAD_GROUP
350
C
  3
ACAD_LAYOUT
350
D
  3
ACAD_MATERIAL
350
E
  3
ACAD_MLEADERSTYLE
350
F
  3
ACAD_MLINESTYLE
350
10
  3
ACAD_PLOTSETTINGS
350
11
  3
ACAD_PLOTSTYLENAME
350
12
  3
ACAD_SCALELIST
350
14
  3
ACAD_TABLESTYLE
350
15
  3
ACAD_VISUALSTYLE
350
16
  3
EZDXF_META
350
2D
  0
DICTIONARY
  5
B
330
A
100
AcDbDictionary
281
1
  0
DICTIONARY
  5
C
330
A
100
AcDbDictionary
281
1
  0
DICTIONARY
  5
D
330
A
100
AcDbDictionary
281
1
  3
Model
350
1A
  3
Layout1
350
1E
  0
DICTIONARY
  5
E
330
A
100
AcDbDictionary
281
1
  3
ByBlock
350
1F
  3
ByLayer
350
20
  3
Global
350
21
  0
DICTIONARY
  5
F
330
A
100
AcDbDictionary
281
1
  3
Standard
350
2C
  0
DICTIONARY
  5
10
330
A
100
AcDbDictionary
281
1
  3
Standard
350
22
  0
DICTIONARY
  5
11
330
A
100
AcDbDictionary
281
1
  0
ACDBDICTIONARYWDFLT
  5
12
330
A
100
AcDbDictionary
281
1
  3
Normal
350
13
100
AcDbDictionaryWithDefault
340
13
  0
ACDBPLACEHOLDER
  5
13
330
12
  0
DICTIONARY
  5
14
330
A
100
AcDbDictionary
281
1
  0
DICTIONARY
  5
15
330
A
100
AcDbDictionary
281
1
  0
DICTIONARY
  5
16
330
A
100
AcDbDictionary
281
1
  0
LAYOUT
  5
1A
330
D
100
AcDbPlotSettings
  1

  4
A3
  6

 40
7.5
 41
20.0
 42
7.5
 43
20.0
 44
420.0
 45
297.0
 46
0.0
 47
0.0
 48
0.0
 49
0.0
140
0.0
141
0.0
142
1.0
143
1.0
 70
1024
 72
1
 73
0
 74
5
  7

 75
16
 76
0
 77
2
 78
300
147
1.0
148
0.0
149
0.0
100
AcDbLayout
  1
Model
 70
1
 71
0
 10
0.0
 20
0.0
 11
420.0
 21
297.0
 12
0.0
 22
0.0
 32
0.0
 14
1e+20
 24
1e+20
 34
1e+20
 15
-1e+20
 25
-1e+20
 35
-1e+20
146
0.0
 13
0.0
 23
0.0
 33
0.0
 16
1.0
 26
0.0
 36
0.0
 17
0.0
 27
1.0
 37
0.0
 76
1
330
17
  0
LAYOUT
  5
1E
330
D
100
AcDbPlotSettings
  1

  4
A3
  6

 40
7.5
 41
20.0
 42
7.5
 43
20.0
 44
420.0
 45
297.0
 46
0.0
 47
0.0
 48
0.0
 49
0.0
140
0.0
141
0.0
142
1.0
143
1.0
 70
0
 72
1
 73
0
 74
5
  7

 75
16
 76
0
 77
2
 78
300
147
1.0
148
0.0
149
0.0
100
AcDbLayout
  1
Layout1
 70
1
 71
1
 10
0.0
 20
0.0
 11
420.0
 21
297.0
 12
0.0
 22
0.0
 32
0.0
 14
1e+20
 24
1e+20
 34
1e+20
 15
-1e+20
 25
-1e+20
 35
-1e+20
146
0.0
 13
0.0
 23
0.0
 33
0.0
 16
1.0
 26
0.0
 36
0.0
 17
0.0
 27
1.0
 37
0.0
 76
1
330
1B
  0
MATERIAL
  5
1F
102
{ACAD_REACTORS
330
E
102
}
330
E
100
AcDbMaterial
  1
ByBlock
  2

 70
0
 40
1.0
 71
1
 41
1.0
 91
-1023410177
 42
1.0
 72
1
  3

 73
1
 74
1
 75
1
 44
0.5
 73
0
 45
1.0
 46
1.0
 77
1
  4

 78
1
 79
1
170
1
 48
1.0
171
1
  6

172
1
173
1
174
1
140
1.0
141
1.0
175
1
  7

176
1
177
1
178
1
143
1.0
179
1
  8

270
1
271
1
272
1
145
1.0
146
1.0
273
1
  9

274
1
275
1
276
1
 42
1.0
 72
1
  3

 73
1
 74
1
 75
1
 94
63
  0
MATERIAL
  5
20
102
{ACAD_REACTORS
330
E
102
}
330
E
100
AcDbMaterial
  1
ByLayer
  2

 70
0
 40
1.0
 71
1
 41
1.0
 91
-1023410177
 42
1.0
 72
1
  3

 73
1
 74
1
 75
1
 44
0.5
 73
0
 45
1.0
 46
1.0
 77
1
  4

 78
1
 79
1
170
1
 48
1.0
171
1
  6

172
1
173
1
174
1
140
1.0
141
1.0
175
1
  7

176
1
177
1
178
1
143
1.0
179
1
  8

270
1
271
1
272
1
145
1.0
146
1.0
273
1
  9

274
1
275
1
276
1
 42
1.0
 72
1
  3

 73
1
 74
1
 75
1
 94
63
  0
MATERIAL
  5
21
102
{ACAD_REACTORS
330
E
102
}
330
E
100
AcDbMaterial
  1
Global
  2

 70
0
 40
1.0
 71
1
 41
1.0
 91
-1023410177
 42
1.0
 72
1
  3

 73
1
 74
1
 75
1
 44
0.5
 73
0
 45
1.0
 46
1.0
 77
1
  4

 78
1
 79
1
170
1
 48
1.0
171
1
  6

172
1
173
1
174
1
140
1.0
141
1.0
175
1
  7

176
1
177
1
178
1
143
1.0
179
1
  8

270
1
271
1
272
1
145
1.0
146
1.0
273
1
  9

274
1
275
1
276
1
 42
1.0
 72
1
  3

 73
1
 74
1
 75
1
 94
63
  0
MLINESTYLE
  5
22
102
{ACAD_REACTORS
330
10
102
}
330
10
100
AcDbMlineStyle
  2
Standard
 70
0
  3

 62
256
 51
90.0
 52
90.0
 71
2
 49
0.5
 62
256
  6
BYLAYER
 49
-0.5
 62
256
  6
BYLAYER
  0
MLEADERSTYLE
  5
2C
102
{ACAD_REACTORS
330
F
102
}
330
F
100
AcDbMLeaderStyle
179
2
170
2
171
1
172
0
 90
2
 40
0.0
 41
0.0
173
1
 91
-1056964608
 92
-2
290
1
 42
2.0
291
1
 43
8.0
  3
Standard
 44
4.0
300

342
29
174
1
175
1
176
0
178
1
 93
-1056964608
 45
4.0
292
0
297
0
 46
4.0
 94
-1056964608
 47
1.0
 49
1.0
140
1.0
294
1
141
0.0
177
0
142
1.0
295
0
296
0
143
3.75
271
0
272
9
273
9
  0
DICTIONARY
  5
2D
330
A
100
AcDbDictionary
280
1
281
1
  3
CREATED_BY_EZDXF
350
2E
  3
WRITTEN_BY_EZDXF
350
126
  0
DICTIONARYVAR
  5
2E
330
2D
100
DictionaryVariables
280
0
  1
1.4.4 @ 2026-09-17T10:34:33.524169+00:00
  0
DICTIONARYVAR
  5
126
330
2D
100
DictionaryVariables
280
0
  1
1.4.4 @ 2026-09-17T10:34:33.645294+00:00
  0
ENDSEC
  0
EOF
