  0
SECTION
  2
HEADER
  9
$ACADVER
  1
AC1032
  9
$ACADMAINTVER
 90
4
  9
$DWGCODEPAGE
  3
ANSI_1252
  9
$LASTSAVEDBY
  1
ezdxf
  9
$REQUIREDVERSIONS
160
0
  9
$INSBASE
 10
0.0
 20
0.0
 30
0.0
  9
$EXTMIN
 10
1e+20
 20
1e+20
 30
1e+20
  9
$EXTMAX
 10
-1e+20
 20
-1e+20
 30
-1e+20
  9
$LIMMIN
 10
0.0
 20
0.0
  9
$LIMMAX
 10
420.0
 20
297.0
  9
$ORTHOMODE
 70
0
  9
$REGENMODE
 70
1
  9
$FILLMODE
 70
1
  9
$QTEXTMODE
 70
0
  9
$MIRRTEXT
 70
1
  9
$LTSCALE
 40
1.0
  9
$ATTMODE
 70
1
  9
$TEXTSIZE
 40
2.5
  9
$TRACEWID
 40
1.0
  9
$TEXTSTYLE
  7
Standard
  9
$CLAYER
  8
0
  9
$CELTYPE
  6
ByLayer
  9
$CECOLOR
 62
256
  9
$CELTSCALE
 40
1.0
  9
$DISPSILH
 70
0
  9
$DIMSCALE
 40
1.0
  9
$DIMASZ
 40
2.5
  9
$DIMEXO
 40
0.625
  9
$DIMDLI
 40
3.75
  9
$DIMRND
 40
0.0
  9
$DIMDLE
 40
0.0
  9
$DIMEXE
 40
1.25
  9
$DIMTP
 40
0.0
  9
$DIMTM
 40
0.0
  9
$DIMTXT
 40
2.5
  9
$DIMCEN
 40
2.5
  9
$DIMTSZ
 40
0.0
  9
$DIMTOL
 70
0
  9
$DIMLIM
 70
0
  9
$DIMTIH
 70
0
  9
$DIMTOH
 70
0
  9
$DIMSE1
 70
0
  9
$DIMSE2
 70
0
  9
$DIMTAD
 70
1
  9
$DIMZIN
 70
8
  9
$DIMBLK
  1

  9
$DIMASO
 70
1
  9
$DIMSHO
 70
1
  9
$DIMPOST
  1

  9
$DIMAPOST
  1

  9
$DIMALT
 70
0
  9
$DIMALTD
 70
3
  9
$DIMALTF
 40
0.03937007874
  9
$DIMLFAC
 40
1.0
  9
$DIMTOFL
 70
1
  9
$DIMTVP
 40
0.0
  9
$DIMTIX
 70
0
  9
$DIMSOXD
 70
0
  9
$DIMSAH
 70
0
  9
$DIMBLK1
  1

  9
$DIMBLK2
  1

  9
$DIMSTYLE
  2
ISO-25
  9
$DIMCLRD
 70
0
  9
$DIMCLRE
 70
0
  9
$DIMCLRT
 70
0
  9
$DIMTFAC
 40
1.0
  9
$DIMGAP
 40
0.625
  9
$DIMJUST
 70
0
  9
$DIMSD1
 70
0
  9
$DIMSD2
 70
0
  9
$DIMTOLJ
 70
0
  9
$DIMTZIN
 70
8
  9
$DIMALTZ
 70
0
  9
$DIMALTTZ
 70
0
  9
$DIMUPT
 70
0
  9
$DIMDEC
 70
2
  9
$DIMTDEC
 70
2
  9
$DIMALTU
 70
2
  9
$DIMALTTD
 70
3
  9
$DIMTXSTY
  7
Standard
  9
$DIMAUNIT
 70
0
  9
$DIMADEC
 70
0
  9
$DIMALTRND
 40
0.0
  9
$DIMAZIN
 70
0
  9
$DIMDSEP
 70
44
  9
$DIMATFIT
 70
3
  9
$DIMFRAC
 70
0
  9
$DIMLDRBLK
  1

  9
$DIMLUNIT
 70
2
  9
$DIMLWD
 70
-2
  9
$DIMLWE
 70
-2
  9
$DIMTMOVE
 70
0
  9
$DIMFXL
 40
1.0
  9
$DIMFXLON
 70
0
  9
$DIMJOGANG
 40
0.785398163397
  9
$DIMTFILL
 70
0
  9
$DIMTFILLCLR
 70
0
  9
$DIMARCSYM
 70
0
  9
$DIMLTYPE
  6

  9
$DIMLTEX1
  6

  9
$DIMLTEX2
  6

  9
$DIMTXTDIRECTION
 70
0
  9
$LUNITS
 70
2
  9
$LUPREC
 70
4
  9
$SKETCHINC
 40
1.0
  9
$FILLETRAD
 40
10.0
  9
$AUNITS
 70
0
  9
$AUPREC
 70
2
  9
$MENU
  1
.
  9
$ELEVATION
 40
0.0
  9
$PELEVATION
 40
0.0
  9
$THICKNESS
 40
0.0
  9
$LIMCHECK
 70
0
  9
$CHAMFERA
 40
0.0
  9
$CHAMFERB
 40
0.0
  9
$CHAMFERC
 40
0.0
  9
$CHAMFERD
 40
0.0
  9
$SKPOLY
 70
0
  9
$TDCREATE
 40
2461301.4406828703
  9
$TDUCREATE
 40
2458532.153996898
  9
$TDUPDATE
 40
2461301.4406828703
  9
$TDUUPDATE
 40
2458532.1544311
  9
$TDINDWG
 40
0.0
  9
$TDUSRTIMER
 40
0.0
  9
$USRTIMER
 70
1
  9
$ANGBASE
 50
0.0
  9
$ANGDIR
 70
0
  9
$PDMODE
 70
0
  9
$PDSIZE
 40
0.0
  9
$PLINEWID
 40
0.0
  9
$SPLFRAME
 70
0
  9
$SPLINETYPE
 70
6
  9
$SPLINESEGS
 70
8
  9
$HANDSEED
  5
197
  9
$SURFTAB1
 70
6
  9
$SURFTAB2
 70
6
  9
$SURFTYPE
 70
6
  9
$SURFU
 70
6
  9
$SURFV
 70
6
  9
$UCSBASE
  2

  9
$UCSNAME
  2

  9
$UCSORG
 10
0.0
 20
0.0
 30
0.0
  9
$UCSXDIR
 10
1.0
 20
0.0
 30
0.0
  9
$UCSYDIR
 10
0.0
 20
1.0
 30
0.0
  9
$UCSORTHOREF
  2

  9
$UCSORTHOVIEW
 70
0
  9
$UCSORGTOP
 10
0.0
 20
0.0
 30
0.0
  9
$UCSORGBOTTOM
 10
0.0
 20
0.0
 30
0.0
  9
$UCSORGLEFT
 10
0.0
 20
0.0
 30
0.0
  9
$UCSORGRIGHT
 10
0.0
 20
0.0
 30
0.0
  9
$UCSORGFRONT
 10
0.0
 20
0.0
 30
0.0
  9
$UCSORGBACK
 10
0.0
 20
0.0
 30
0.0
  9
$PUCSBASE
  2

  9
$PUCSNAME
  2

  9
$PUCSORG
 10
0.0
 20
0.0
 30
0.0
  9
$PUCSXDIR
 10
1.0
 20
0.0
 30
0.0
  9
$PUCSYDIR
 10
0.0
 20
1.0
 30
0.0
  9
$PUCSORTHOREF
  2

  9
$PUCSORTHOVIEW
 70
0
  9
$PUCSORGTOP
 10
0.0
 20
0.0
 30
0.0
  9
$PUCSORGBOTTOM
 10
0.0
 20
0.0
 30
0.0
  9
$PUCSORGLEFT
 10
0.0
 20
0.0
 30
0.0
  9
$PUCSORGRIGHT
 10
0.0
 20
0.0
 30
0.0
  9
$PUCSORGFRONT
 10
0.0
 20
0.0
 30
0.0
  9
$PUCSORGBACK
 10
0.0
 20
0.0
 30
0.0
  9
$USERI1
 70
0
  9
$USERI2
 70
0
  9
$USERI3
 70
0
  9
$USERI4
 70
0
  9
$USERI5
 70
0
  9
$USERR1
 40
0.0
  9
$USERR2
 40
0.0
  9
$USERR3
 40
0.0
  9
$USERR4
 40
0.0
  9
$USERR5
 40
0.0
  9
$WORLDVIEW
 70
1
  9
$SHADEDGE
 70
3
  9
$SHADEDIF
 70
70
  9
$TILEMODE
 70
1
  9
$MAXACTVP
 70
64
  9
$PINSBASE
 10
0.0
 20
0.0
 30
0.0
  9
$PLIMCHECK
 70
0
  9
$PEXTMIN
 10
1e+20
 20
1e+20
 30
1e+20
  9
$PEXTMAX
 10
-1e+20
 20
-1e+20
 30
-1e+20
  9
$PLIMMIN
 10
0.0
 20
0.0
  9
$PLIMMAX
 10
420.0
 20
297.0
  9
$UNITMODE
 70
0
  9
$VISRETAIN
 70
1
  9
$PLINEGEN
 70
0
  9
$PSLTSCALE
 70
1
  9
$TREEDEPTH
 70
3020
  9
$CMLSTYLE
  2
Standard
  9
$CMLJUST
 70
0
  9
$CMLSCALE
 40
20.0
  9
$PROXYGRAPHICS
 70
1
  9
$MEASUREMENT
 70
1
  9
$CELWEIGHT
370
-1
  9
$ENDCAPS
280
0
  9
$JOINSTYLE
280
0
  9
$LWDISPLAY
290
0
  9
$INSUNITS
 70
4
  9
$HYPERLINKBASE
  1

  9
$STYLESHEET
  1

  9
$XEDIT
290
1
  9
$CEPSNTYPE
380
0
  9
$PSTYLEMODE
290
1
  9
$FINGERPRINTGUID
  2
{8696C1B6-1A75-41FC-9F1C-1D36B2DA96AA}
  9
$VERSIONGUID
  2
{B77F05B1-DE72-4676-9AB7-316F02D0DB3D}
  9
$EXTNAMES
290
1
  9
$PSVPSCALE
 40
0.0
  9
$OLESTARTUP
290
0
  9
$SORTENTS
280
127
  9
$INDEXCTL
280
0
  9
$HIDETEXT
280
1
  9
$XCLIPFRAME
280
1
  9
$HALOGAP
280
0
  9
$OBSCOLOR
 70
257
  9
$OBSLTYPE
280
0
  9
$INTERSECTIONDISPLAY
280
0
  9
$INTERSECTIONCOLOR
 70
257
  9
$DIMASSOC
280
2
  9
$PROJECTNAME
  1

  9
$CAMERADISPLAY
290
0
  9
$LENSLENGTH
 40
50.0
  9
$CAMERAHEIGHT
 40
0.0
  9
$STEPSPERSEC
 40
24.0
  9
$STEPSIZE
 40
100.0
  9
$3DDWFPREC
 40
2.0
  9
$PSOLWIDTH
 40
0.005
  9
$PSOLHEIGHT
 40
0.08
  9
$LOFTANG1
 40
1.570796326795
  9
$LOFTANG2
 40
1.570796326795
  9
$LOFTMAG1
 40
0.0
  9
$LOFTMAG2
 40
0.0
  9
$LOFTPARAM
 70
7
  9
$LOFTNORMALS
280
1
  9
$LATITUDE
 40
37.795
  9
$LONGITUDE
 40
-122.394
  9
$NORTHDIRECTION
 40
0.0
  9
$TIMEZONE
 70
-8000
  9
$LIGHTGLYPHDISPLAY
280
1
  9
$TILEMODELIGHTSYNCH
280
1
  9
$CMATERIAL
347
20
  9
$SOLIDHIST
280
0
  9
$SHOWHIST
280
1
  9
$DWFFRAME
280
2
  9
$DGNFRAME
280
2
  9
$REALWORLDSCALE
290
1
  9
$INTERFERECOLOR
 62
256
  9
$CSHADOW
280
0
  9
$SHADOWPLANELOCATION
 40
0.0
  0
ENDSEC
  0
SECTION
  2
CLASSES
  0
CLASS
  1
ACDBDICTIONARYWDFLT
  2
AcDbDictionaryWithDefault
  3
ObjectDBX Classes
 90
0
 91
0
280
0
281
0
  0
CLASS
  1
SUN
  2
AcDbSun
  3
SCENEOE
 90
1153
 91
0
280
0
281
0
  0
CLASS
  1
VISUALSTYLE
  2
AcDbVisualStyle
  3
ObjectDBX Classes
 90
4095
 91
0
280
0
281
0
  0
CLASS
  1
MATERIAL
  2
AcDbMaterial
  3
ObjectDBX Classes
 90
1153
 91
0
280
0
281
0
  0
CLASS
  1
SCALE
  2
AcDbScale
  3
ObjectDBX Classes
 90
1153
 91
0
280
0
281
0
  0
CLASS
  1
TABLESTYLE
  2
AcDbTableStyle
  3
ObjectDBX Classes
 90
4095
 91
0
280
0
281
0
  0
CLASS
  1
MLEADERSTYLE
  2
AcDbMLeaderStyle
  3
ACDB_MLEADERSTYLE_CLASS
 90
4095
 91
0
280
0
281
0
  0
CLASS
  1
DICTIONARYVAR
  2
AcDbDictionaryVar
  3
ObjectDBX Classes
 90
0
 91
0
280
0
281
0
  0
CLASS
  1
CELLSTYLEMAP
  2
AcDbCellStyleMap
  3
ObjectDBX Classes
 90
1152
 91
0
280
0
281
0
  0
CLASS
  1
MENTALRAYRENDERSETTINGS
  2
AcDbMentalRayRenderSettings
  3
SCENEOE
 90
1024
 91
0
280
0
281
0
  0
CLASS
  1
ACDBDETAILVIEWSTYLE
  2
AcDbDetailViewStyle
  3
ObjectDBX Classes
 90
1025
 91
0
280
0
281
0
  0
CLASS
  1
ACDBSECTIONVIEWSTYLE
  2
AcDbSectionViewStyle
  3
ObjectDBX Classes
 90
1025
 91
0
280
0
281
0
  0
CLASS
  1
RASTERVARIABLES
  2
AcDbRasterVariables
  3
ISM
 90
0
 91
0
280
0
281
0
  0
CLASS
  1
ACDBPLACEHOLDER
  2
AcDbPlaceHolder
  3
ObjectDBX Classes
 90
0
 91
0
280
0
281
0
  0
CLASS
  1
LAYOUT
  2
AcDbLayout
  3
ObjectDBX Classes
 90
0
 91
0
280
0
281
0
  0
ENDSEC
  0
SECTION
  2
TABLES
  0
TABLE
  2
VPORT
  5
8
330
0
100
AcDbSymbolTable
 70
1
  0
VPORT
  5
23
330
8
100
AcDbSymbolTableRecord
100
AcDbViewportTableRecord
  2
*Active
 70
0
 10
0.0
 20
0.0
 11
1.0
 21
1.0
 12
0.0
 22
0.0
 13
0.0
 23
0.0
 14
0.5
 24
0.5
 15
0.5
 25
0.5
 16
0.0
 26
0.0
 36
1.0
 17
0.0
 27
0.0
 37
0.0
 40
1000.0
 41
1.34
 42
50.0
 43
0.0
 44
0.0
 50
0.0
 51
0.0
 71
0
 72
1000
 73
1
 74
3
 75
0
 76
0
 77
0
 78
0
281
0
 65
0
146
0.0
  0
ENDTAB
  0
TABLE
  2
LTYPE
  5
2
330
0
100
AcDbSymbolTable
 70
3
  0
LTYPE
  5
24
330
2
100
AcDbSymbolTableRecord
100
AcDbLinetypeTableRecord
  2
ByBlock
 70
0
  3

 72
65
 73
0
 40
0.0
  0
LTYPE
  5
25
330
2
100
AcDbSymbolTableRecord
100
AcDbLinetypeTableRecord
  2
ByLayer
 70
0
  3

 72
65
 73
0
 40
0.0
  0
LTYPE
  5
26
330
2
100
AcDbSymbolTableRecord
100
AcDbLinetypeTableRecord
  2
Continuous
 70
0
  3

 72
65
 73
0
 40
0.0
  0
ENDTAB
  0
TABLE
  2
LAYER
  5
1
330
0
100
AcDbSymbolTable
 70
7
  0
LAYER
  5
27
330
1
100
AcDbSymbolTableRecord
100
AcDbLayerTableRecord
  2
0
 70
0
 62
7
  6
Continuous
370
-3
390
13
347
21
  0
LAYER
  5
28
330
1
100
AcDbSymbolTableRecord
100
AcDbLayerTableRecord
  2
Defpoints
 70
0
 62
7
  6
Continuous
290
0
370
-3
390
13
347
21
  0
LAYER
  5
2F
330
1
100
AcDbSymbolTableRecord
100
AcDbLayerTableRecord
  2
CNC_BOUNDARY
 70
0
 62
1
  6
Continuous
370
-3
390
13
347
21
  0
LAYER
  5
30
330
1
100
AcDbSymbolTableRecord
100
AcDbLayerTableRecord
  2
CUT
 70
0
 62
7
  6
Continuous
370
-3
390
13
347
21
  0
LAYER
  5
31
330
1
100
AcDbSymbolTableRecord
100
AcDbLayerTableRecord
  2
ETCH
 70
0
 62
2
  6
Continuous
370
-3
390
13
347
21
  0
LAYER
  5
32
330
1
100
AcDbSymbolTableRecord
100
AcDbLayerTableRecord
  2
OFFCUT
 70
0
 62
4
  6
Continuous
370
-3
390
13
347
21
  0
LAYER
  5
33
330
1
100
AcDbSymbolTableRecord
100
AcDbLayerTableRecord
  2
INFO
 70
0
 62
8
  6
Continuous
370
-3
390
13
347
21
  0
ENDTAB
  0
TABLE
  2
STYLE
  5
5
330
0
100
AcDbSymbolTable
 70
1
  0
STYLE
  5
29
330
5
100
AcDbSymbolTableRecord
100
AcDbTextStyleTableRecord
  2
Standard
 70
0
 40
0.0
 41
1.0
 50
0.0
 71
0
 42
2.5
  3
txt
  4

  0
ENDTAB
  0
TABLE
  2
VIEW
  5
7
330
0
100
AcDbSymbolTable
 70
0
  0
ENDTAB
  0
TABLE
  2
UCS
  5
6
330
0
100
AcDbSymbolTable
 70
0
  0
ENDTAB
  0
TABLE
  2
APPID
  5
3
330
0
100
AcDbSymbolTable
 70
3
  0
APPID
  5
2A
330
3
100
AcDbSymbolTableRecord
100
AcDbRegAppTableRecord
  2
ACAD
 70
0
  0
APPID
  5
194
330
3
100
AcDbSymbolTableRecord
100
AcDbRegAppTableRecord
  2
HATCHBACKGROUNDCOLOR
 70
0
  0
APPID
  5
195
330
3
100
AcDbSymbolTableRecord
100
AcDbRegAppTableRecord
  2
EZDXF
 70
0
  0
ENDTAB
  0
TABLE
  2
DIMSTYLE
  5
4
330
0
100
AcDbSymbolTable
 70
1
100
AcDbDimStyleTable
  0
DIMSTYLE
105
2B
330
4
100
AcDbSymbolTableRecord
100
AcDbDimStyleTableRecord
  2
Standard
 70
0
 40
1.0
 41
2.5
 42
0.625
 43
3.75
 44
1.25
 45
0.0
 46
0.0
 47
0.0
 48
0.0
 49
2.5
140
2.5
141
2.5
142
0.0
143
0.03937007874
144
1.0
145
0.0
146
1.0
147
0.625
148
0.0
 69
0
 70
0
 71
0
 72
0
 73
0
 74
0
 75
0
 76
0
 77
1
 78
8
 79
3
170
0
171
3
172
1
173
0
174
0
175
0
176
0
177
0
178
0
179
2
271
2
272
2
273
2
274
3
275
0
276
0
277
2
278
44
279
0
280
0
281
0
282
0
283
0
284
8
285
0
286
0
288
0
289
3
290
0
371
-2
372
-2
  0
ENDTAB
  0
TABLE
  2
BLOCK_RECORD
  5
9
330
0
100
AcDbSymbolTable
 70
2
  0
BLOCK_RECORD
  5
17
330
9
100
AcDbSymbolTableRecord
100
AcDbBlockTableRecord
  2
*Model_Space
340
1A
 70
0
280
1
281
0
  0
BLOCK_RECORD
  5
1B
330
9
100
AcDbSymbolTableRecord
100
AcDbBlockTableRecord
  2
*Paper_Space
340
1E
 70
0
280
1
281
0
  0
ENDTAB
  0
ENDSEC
  0
SECTION
  2
BLOCKS
  0
BLOCK
  5
18
330
17
100
AcDbEntity
  8
0
100
AcDbBlockBegin
  2
*Model_Space
 70
0
 10
0.0
 20
0.0
 30
0.0
  3
*Model_Space
  1

  0
ENDBLK
  5
19
330
17
100
AcDbEntity
  8
0
100
AcDbBlockEnd
  0
BLOCK
  5
1C
330
1B
100
AcDbEntity
  8
0
100
AcDbBlockBegin
  2
*Paper_Space
 70
0
 10
0.0
 20
0.0
 30
0.0
  3
*Paper_Space
  1

  0
ENDBLK
  5
1D
330
1B
100
AcDbEntity
  8
0
100
AcDbBlockEnd
  0
ENDSEC
  0
SECTION
  2
ENTITIES
  0
LWPOLYLINE
  5
34
330
17
100
AcDbEntity
  8
CNC_BOUNDARY
100
AcDbPolyline
 90
4
 70
1
 10
0.0
 20
0.0
 10
1220.0
 20
0.0
 10
1220.0
 20
2440.0
 10
0.0
 20
2440.0
  0
LWPOLYLINE
  5
35
330
17
100
AcDbEntity
  8
CUT
100
AcDbPolyline
 90
5
 70
1
 10
17.0
 20
17.0
 10
417.0
 20
17.0
 10
417.0
 20
317.0
 10
17.0
 20
317.0
 10
17.0
 20
17.0
  0
LWPOLYLINE
  5
36
330
17
100
AcDbEntity
  8
CUT
100
AcDbPolyline
 90
65
 70
1
 10
247.0
 20
267.0
 10
246.8451
 20
263.9327
 10
246.3905
 20
260.954
 10
245.6513
 20
258.0789
 10
244.6425
 20
255.3226
 10
243.3792
 20
252.7002
 10
241.8765
 20
250.2267
 10
240.1495
 20
247.9172
 10
238.2132
 20
245.7868
 10
236.0828
 20
243.8505
 10
233.7733
 20
242.1235
 10
231.2998
 20
240.6208
 10
228.6774
 20
239.3575
 10
225.9211
 20
238.3487
 10
223.046
 20
237.6095
 10
220.0673
 20
237.1549
 10
217.0
 20
237.0
 10
213.9327
 20
237.1549
 10
210.954
 20
237.6095
 10
208.0789
 20
238.3487
 10
205.3226
 20
239.3575
 10
202.7002
 20
240.6208
 10
200.2267
 20
242.1235
 10
197.9172
 20
243.8505
 10
195.7868
 20
245.7868
 10
193.8505
 20
247.9172
 10
192.1235
 20
250.2267
 10
190.6208
 20
252.7002
 10
189.3575
 20
255.3226
 10
188.3487
 20
258.0789
 10
187.6095
 20
260.954
 10
187.1549
 20
263.9327
 10
187.0
 20
267.0
 10
187.1549
 20
270.0673
 10
187.6095
 20
273.046
 10
188.3487
 20
275.9211
 10
189.3575
 20
278.6774
 10
190.6208
 20
281.2998
 10
192.1235
 20
283.7733
 10
193.8505
 20
286.0828
 10
195.7868
 20
288.2132
 10
197.9172
 20
290.1495
 10
200.2267
 20
291.8765
 10
202.7002
 20
293.3792
 10
205.3226
 20
294.6425
 10
208.0789
 20
295.6513
 10
210.954
 20
296.3905
 10
213.9327
 20
296.8451
 10
217.0
 20
297.0
 10
220.0673
 20
296.8451
 10
223.046
 20
296.3905
 10
225.9211
 20
295.6513
 10
228.6774
 20
294.6425
 10
231.2998
 20
293.3792
 10
233.7733
 20
291.8765
 10
236.0828
 20
290.1495
 10
238.2132
 20
288.2132
 10
240.1495
 20
286.0828
 10
241.8765
 20
283.7733
 10
243.3792
 20
281.2998
 10
244.6425
 20
278.6774
 10
245.6513
 20
275.9211
 10
246.3905
 20
273.046
 10
246.8451
 20
270.0673
 10
247.0
 20
267.0
  0
TEXT
  5
37
330
17
100
AcDbEntity
  8
ETCH
100
AcDbText
 10
217.0
 20
167.0
 30
0.0
 40
24.0
  1
P002
 72
1
 11
217.0
 21
167.0
 31
0.0
100
AcDbText
 73
2
  0
LWPOLYLINE
  5
38
330
17
100
AcDbEntity
  8
CUT
100
AcDbPolyline
 90
5
 70
1
 10
431.0
 20
17.0
 10
831.0
 20
17.0
 10
831.0
 20
317.0
 10
431.0
 20
317.0
 10
431.0
 20
17.0
  0
LWPOLYLINE
  5
39
330
17
100
AcDbEntity
  8
CUT
100
AcDbPolyline
 90
65
 70
1
 10
661.0
 20
267.0
 10
660.8451
 20
263.9327
 10
660.3905
 20
260.954
 10
659.6513
 20
258.0789
 10
658.6425
 20
255.3226
 10
657.3792
 20
252.7002
 10
655.8765
 20
250.2267
 10
654.1495
 20
247.9172
 10
652.2132
 20
245.7868
 10
650.0828
 20
243.8505
 10
647.7733
 20
242.1235
 10
645.2998
 20
240.6208
 10
642.6774
 20
239.3575
 10
639.9211
 20
238.3487
 10
637.046
 20
237.6095
 10
634.0673
 20
237.1549
 10
631.0
 20
237.0
 10
627.9327
 20
237.1549
 10
624.954
 20
237.6095
 10
622.0789
 20
238.3487
 10
619.3226
 20
239.3575
 10
616.7002
 20
240.6208
 10
614.2267
 20
242.1235
 10
611.9172
 20
243.8505
 10
609.7868
 20
245.7868
 10
607.8505
 20
247.9172
 10
606.1235
 20
250.2267
 10
604.6208
 20
252.7002
 10
603.3575
 20
255.3226
 10
602.3487
 20
258.0789
 10
601.6095
 20
260.954
 10
601.1549
 20
263.9327
 10
601.0
 20
267.0
 10
601.1549
 20
270.0673
 10
601.6095
 20
273.046
 10
602.3487
 20
275.9211
 10
603.3575
 20
278.6774
 10
604.6208
 20
281.2998
 10
606.1235
 20
283.7733
 10
607.8505
 20
286.0828
 10
609.7868
 20
288.2132
 10
611.9172
 20
290.1495
 10
614.2267
 20
291.8765
 10
616.7002
 20
293.3792
 10
619.3226
 20
294.6425
 10
622.0789
 20
295.6513
 10
624.954
 20
296.3905
 10
627.9327
 20
296.8451
 10
631.0
 20
297.0
 10
634.0673
 20
296.8451
 10
637.046
 20
296.3905
 10
639.9211
 20
295.6513
 10
642.6774
 20
294.6425
 10
645.2998
 20
293.3792
 10
647.7733
 20
291.8765
 10
650.0828
 20
290.1495
 10
652.2132
 20
288.2132
 10
654.1495
 20
286.0828
 10
655.8765
 20
283.7733
 10
657.3792
 20
281.2998
 10
658.6425
 20
278.6774
 10
659.6513
 20
275.9211
 10
660.3905
 20
273.046
 10
660.8451
 20
270.0673
 10
661.0
 20
267.0
  0
TEXT
  5
3A
330
17
100
AcDbEntity
  8
ETCH
100
AcDbText
 10
631.0
 20
167.0
 30
0.0
 40
24.0
  1
P002
 72
1
 11
631.0
 21
167.0
 31
0.0
100
AcDbText
 73
2
  0
LWPOLYLINE
  5
3B
330
17
100
AcDbEntity
  8
CUT
100
AcDbPolyline
 90
5
 70
1
 10
1145.0
 20
17.0
 10
1145.0
 20
417.0
 10
845.0
 20
417.0
 10
845.0
 20
17.0
 10
1145.0
 20
17.0
  0
LWPOLYLINE
  5
3C
330
17
100
AcDbEntity
  8
CUT
100
AcDbPolyline
 90
65
 70
1
 10
895.0
 20
247.0
 10
898.0673
 20
246.8451
 10
901.046
 20
246.3905
 10
903.9211
 20
245.6513
 10
906.6774
 20
244.6425
 10
909.2998
 20
243.3792
 10
911.7733
 20
241.8765
 10
914.0828
 20
240.1495
 10
916.2132
 20
238.2132
 10
918.1495
 20
236.0828
 10
919.8765
 20
233.7733
 10
921.3792
 20
231.2998
 10
922.6425
 20
228.6774
 10
923.6513
 20
225.9211
 10
924.3905
 20
223.046
 10
924.8451
 20
220.0673
 10
925.0
 20
217.0
 10
924.8451
 20
213.9327
 10
924.3905
 20
210.954
 10
923.6513
 20
208.0789
 10
922.6425
 20
205.3226
 10
921.3792
 20
202.7002
 10
919.8765
 20
200.2267
 10
918.1495
 20
197.9172
 10
916.2132
 20
195.7868
 10
914.0828
 20
193.8505
 10
911.7733
 20
192.1235
 10
909.2998
 20
190.6208
 10
906.6774
 20
189.3575
 10
903.9211
 20
188.3487
 10
901.046
 20
187.6095
 10
898.0673
 20
187.1549
 10
895.0
 20
187.0
 10
891.9327
 20
187.1549
 10
888.954
 20
187.6095
 10
886.0789
 20
188.3487
 10
883.3226
 20
189.3575
 10
880.7002
 20
190.6208
 10
878.2267
 20
192.1235
 10
875.9172
 20
193.8505
 10
873.7868
 20
195.7868
 10
871.8505
 20
197.9172
 10
870.1235
 20
200.2267
 10
868.6208
 20
202.7002
 10
867.3575
 20
205.3226
 10
866.3487
 20
208.0789
 10
865.6095
 20
210.954
 10
865.1549
 20
213.9327
 10
865.0
 20
217.0
 10
865.1549
 20
220.0673
 10
865.6095
 20
223.046
 10
866.3487
 20
225.9211
 10
867.3575
 20
228.6774
 10
868.6208
 20
231.2998
 10
870.1235
 20
233.7733
 10
871.8505
 20
236.0828
 10
873.7868
 20
238.2132
 10
875.9172
 20
240.1495
 10
878.2267
 20
241.8765
 10
880.7002
 20
243.3792
 10
883.3226
 20
244.6425
 10
886.0789
 20
245.6513
 10
888.954
 20
246.3905
 10
891.9327
 20
246.8451
 10
895.0
 20
247.0
  0
TEXT
  5
3D
330
17
100
AcDbEntity
  8
ETCH
100
AcDbText
 10
995.0
 20
217.0
 30
0.0
 40
24.0
  1
P002
 72
1
 11
995.0
 21
217.0
 31
0.0
100
AcDbText
 73
2
  0
LWPOLYLINE
  5
3E
330
17
100
AcDbEntity
  8
CUT
100
AcDbPolyline
 90
5
 70
1
 10
17.0
 20
331.0
 10
417.0
 20
331.0
 10
417.0
 20
631.0
 10
17.0
 20
631.0
 10
17.0
 20
331.0
  0
LWPOLYLINE
  5
3F
330
17
100
AcDbEntity
  8
CUT
100
AcDbPolyline
 90
65
 70
1
 10
247.0
 20
581.0
 10
246.8451
 20
577.9327
 10
246.3905
 20
574.954
 10
245.6513
 20
572.0789
 10
244.6425
 20
569.3226
 10
243.3792
 20
566.7002
 10
241.8765
 20
564.2267
 10
240.1495
 20
561.9172
 10
238.2132
 20
559.7868
 10
236.0828
 20
557.8505
 10
233.7733
 20
556.1235
 10
231.2998
 20
554.6208
 10
228.6774
 20
553.3575
 10
225.9211
 20
552.3487
 10
223.046
 20
551.6095
 10
220.0673
 20
551.1549
 10
217.0
 20
551.0
 10
213.9327
 20
551.1549
 10
210.954
 20
551.6095
 10
208.0789
 20
552.3487
 10
205.3226
 20
553.3575
 10
202.7002
 20
554.6208
 10
200.2267
 20
556.1235
 10
197.9172
 20
557.8505
 10
195.7868
 20
559.7868
 10
193.8505
 20
561.9172
 10
192.1235
 20
564.2267
 10
190.6208
 20
566.7002
 10
189.3575
 20
569.3226
 10
188.3487
 20
572.0789
 10
187.6095
 20
574.954
 10
187.1549
 20
577.9327
 10
187.0
 20
581.0
 10
187.1549
 20
584.0673
 10
187.6095
 20
587.046
 10
188.3487
 20
589.9211
 10
189.3575
 20
592.6774
 10
190.6208
 20
595.2998
 10
192.1235
 20
597.7733
 10
193.8505
 20
600.0828
 10
195.7868
 20
602.2132
 10
197.9172
 20
604.1495
 10
200.2267
 20
605.8765
 10
202.7002
 20
607.3792
 10
205.3226
 20
608.6425
 10
208.0789
 20
609.6513
 10
210.954
 20
610.3905
 10
213.9327
 20
610.8451
 10
217.0
 20
611.0
 10
220.0673
 20
610.8451
 10
223.046
 20
610.3905
 10
225.9211
 20
609.6513
 10
228.6774
 20
608.6425
 10
231.2998
 20
607.3792
 10
233.7733
 20
605.8765
 10
236.0828
 20
604.1495
 10
238.2132
 20
602.2132
 10
240.1495
 20
600.0828
 10
241.8765
 20
597.7733
 10
243.3792
 20
595.2998
 10
244.6425
 20
592.6774
 10
245.6513
 20
589.9211
 10
246.3905
 20
587.046
 10
246.8451
 20
584.0673
 10
247.0
 20
581.0
  0
TEXT
  5
40
330
17
100
AcDbEntity
  8
ETCH
100
AcDbText
 10
217.0
 20
481.0
 30
0.0
 40
24.0
  1
P002
 72
1
 11
217.0
 21
481.0
 31
0.0
100
AcDbText
 73
2
  0
LWPOLYLINE
  5
41
330
17
100
AcDbEntity
  8
CUT
100
AcDbPolyline
 90
5
 70
1
 10
431.0
 20
331.0
 10
831.0
 20
331.0
 10
831.0
 20
631.0
 10
431.0
 20
631.0
 10
431.0
 20
331.0
  0
LWPOLYLINE
  5
42
330
17
100
AcDbEntity
  8
CUT
100
AcDbPolyline
 90
65
 70
1
 10
661.0
 20
581.0
 10
660.8451
 20
577.9327
 10
660.3905
 20
574.954
 10
659.6513
 20
572.0789
 10
658.6425
 20
569.3226
 10
657.3792
 20
566.7002
 10
655.8765
 20
564.2267
 10
654.1495
 20
561.9172
 10
652.2132
 20
559.7868
 10
650.0828
 20
557.8505
 10
647.7733
 20
556.1235
 10
645.2998
 20
554.6208
 10
642.6774
 20
553.3575
 10
639.9211
 20
552.3487
 10
637.046
 20
551.6095
 10
634.0673
 20
551.1549
 10
631.0
 20
551.0
 10
627.9327
 20
551.1549
 10
624.954
 20
551.6095
 10
622.0789
 20
552.3487
 10
619.3226
 20
553.3575
 10
616.7002
 20
554.6208
 10
614.2267
 20
556.1235
 10
611.9172
 20
557.8505
 10
609.7868
 20
559.7868
 10
607.8505
 20
561.9172
 10
606.1235
 20
564.2267
 10
604.6208
 20
566.7002
 10
603.3575
 20
569.3226
 10
602.3487
 20
572.0789
 10
601.6095
 20
574.954
 10
601.1549
 20
577.9327
 10
601.0
 20
581.0
 10
601.1549
 20
584.0673
 10
601.6095
 20
587.046
 10
602.3487
 20
589.9211
 10
603.3575
 20
592.6774
 10
604.6208
 20
595.2998
 10
606.1235
 20
597.7733
 10
607.8505
 20
600.0828
 10
609.7868
 20
602.2132
 10
611.9172
 20
604.1495
 10
614.2267
 20
605.8765
 10
616.7002
 20
607.3792
 10
619.3226
 20
608.6425
 10
622.0789
 20
609.6513
 10
624.954
 20
610.3905
 10
627.9327
 20
610.8451
 10
631.0
 20
611.0
 10
634.0673
 20
610.8451
 10
637.046
 20
610.3905
 10
639.9211
 20
609.6513
 10
642.6774
 20
608.6425
 10
645.2998
 20
607.3792
 10
647.7733
 20
605.8765
 10
650.0828
 20
604.1495
 10
652.2132
 20
602.2132
 10
654.1495
 20
600.0828
 10
655.8765
 20
597.7733
 10
657.3792
 20
595.2998
 10
658.6425
 20
592.6774
 10
659.6513
 20
589.9211
 10
660.3905
 20
587.046
 10
660.8451
 20
584.0673
 10
661.0
 20
581.0
  0
TEXT
  5
43
330
17
100
AcDbEntity
  8
ETCH
100
AcDbText
 10
631.0
 20
481.0
 30
0.0
 40
24.0
  1
P002
 72
1
 11
631.0
 21
481.0
 31
0.0
100
AcDbText
 73
2
  0
LWPOLYLINE
  5
44
330
17
100
AcDbEntity
  8
CUT
100
AcDbPolyline
 90
5
 70
1
 10
1145.0
 20
431.0
 10
1145.0
 20
831.0
 10
845.0
 20
831.0
 10
845.0
 20
431.0
 10
1145.0
 20
431.0
  0
LWPOLYLINE
  5
45
330
17
100
AcDbEntity
  8
CUT
100
AcDbPolyline
 90
65
 70
1
 10
895.0
 20
661.0
 10
898.0673
 20
660.8451
 10
901.046
 20
660.3905
 10
903.9211
 20
659.6513
 10
906.6774
 20
658.6425
 10
909.2998
 20
657.3792
 10
911.7733
 20
655.8765
 10
914.0828
 20
654.1495
 10
916.2132
 20
652.2132
 10
918.1495
 20
650.0828
 10
919.8765
 20
647.7733
 10
921.3792
 20
645.2998
 10
922.6425
 20
642.6774
 10
923.6513
 20
639.9211
 10
924.3905
 20
637.046
 10
924.8451
 20
634.0673
 10
925.0
 20
631.0
 10
924.8451
 20
627.9327
 10
924.3905
 20
624.954
 10
923.6513
 20
622.0789
 10
922.6425
 20
619.3226
 10
921.3792
 20
616.7002
 10
919.8765
 20
614.2267
 10
918.1495
 20
611.9172
 10
916.2132
 20
609.7868
 10
914.0828
 20
607.8505
 10
911.7733
 20
606.1235
 10
909.2998
 20
604.6208
 10
906.6774
 20
603.3575
 10
903.9211
 20
602.3487
 10
901.046
 20
601.6095
 10
898.0673
 20
601.1549
 10
895.0
 20
601.0
 10
891.9327
 20
601.1549
 10
888.954
 20
601.6095
 10
886.0789
 20
602.3487
 10
883.3226
 20
603.3575
 10
880.7002
 20
604.6208
 10
878.2267
 20
606.1235
 10
875.9172
 20
607.8505
 10
873.7868
 20
609.7868
 10
871.8505
 20
611.9172
 10
870.1235
 20
614.2267
 10
868.6208
 20
616.7002
 10
867.3575
 20
619.3226
 10
866.3487
 20
622.0789
 10
865.6095
 20
624.954
 10
865.1549
 20
627.9327
 10
865.0
 20
631.0
 10
865.1549
 20
634.0673
 10
865.6095
 20
637.046
 10
866.3487
 20
639.9211
 10
867.3575
 20
642.6774
 10
868.6208
 20
645.2998
 10
870.1235
 20
647.7733
 10
871.8505
 20
650.0828
 10
873.7868
 20
652.2132
 10
875.9172
 20
654.1495
 10
878.2267
 20
655.8765
 10
880.7002
 20
657.3792
 10
883.3226
 20
658.6425
 10
886.0789
 20
659.6513
 10
888.954
 20
660.3905
 10
891.9327
 20
660.8451
 10
895.0
 20
661.0
  0
TEXT
  5
46
330
17
100
AcDbEntity
  8
ETCH
100
AcDbText
 10
995.0
 20
631.0
 30
0.0
 40
24.0
  1
P002
 72
1
 11
995.0
 21
631.0
 31
0.0
100
AcDbText
 73
2
  0
LWPOLYLINE
  5
47
330
17
100
AcDbEntity
  8
CUT
100
AcDbPolyline
 90
5
 70
1
 10
17.0
 20
645.0
 10
417.0
 20
645.0
 10
417.0
 20
945.0
 10
17.0
 20
945.0
 10
17.0
 20
645.0
  0
LWPOLYLINE
  5
48
330
17
100
AcDbEntity
  8
CUT
100
AcDbPolyline
 90
65
 70
1
 10
247.0
 20
895.0
 10
246.8451
 20
891.9327
 10
246.3905
 20
888.954
 10
245.6513
 20
886.0789
 10
244.6425
 20
883.3226
 10
243.3792
 20
880.7002
 10
241.8765
 20
878.2267
 10
240.1495
 20
875.9172
 10
238.2132
 20
873.7868
 10
236.0828
 20
871.8505
 10
233.7733
 20
870.1235
 10
231.2998
 20
868.6208
 10
228.6774
 20
867.3575
 10
225.9211
 20
866.3487
 10
223.046
 20
865.6095
 10
220.0673
 20
865.1549
 10
217.0
 20
865.0
 10
213.9327
 20
865.1549
 10
210.954
 20
865.6095
 10
208.0789
 20
866.3487
 10
205.3226
 20
867.3575
 10
202.7002
 20
868.6208
 10
200.2267
 20
870.1235
 10
197.9172
 20
871.8505
 10
195.7868
 20
873.7868
 10
193.8505
 20
875.9172
 10
192.1235
 20
878.2267
 10
190.6208
 20
880.7002
 10
189.3575
 20
883.3226
 10
188.3487
 20
886.0789
 10
187.6095
 20
888.954
 10
187.1549
 20
891.9327
 10
187.0
 20
895.0
 10
187.1549
 20
898.0673
 10
187.6095
 20
901.046
 10
188.3487
 20
903.9211
 10
189.3575
 20
906.6774
 10
190.6208
 20
909.2998
 10
192.1235
 20
911.7733
 10
193.8505
 20
914.0828
 10
195.7868
 20
916.2132
 10
197.9172
 20
918.1495
 10
200.2267
 20
919.8765
 10
202.7002
 20
921.3792
 10
205.3226
 20
922.6425
 10
208.0789
 20
923.6513
 10
210.954
 20
924.3905
 10
213.9327
 20
924.8451
 10
217.0
 20
925.0
 10
220.0673
 20
924.8451
 10
223.046
 20
924.3905
 10
225.9211
 20
923.6513
 10
228.6774
 20
922.6425
 10
231.2998
 20
921.3792
 10
233.7733
 20
919.8765
 10
236.0828
 20
918.1495
 10
238.2132
 20
916.2132
 10
240.1495
 20
914.0828
 10
241.8765
 20
911.7733
 10
243.3792
 20
909.2998
 10
244.6425
 20
906.6774
 10
245.6513
 20
903.9211
 10
246.3905
 20
901.046
 10
246.8451
 20
898.0673
 10
247.0
 20
895.0
  0
TEXT
  5
49
330
17
100
AcDbEntity
  8
ETCH
100
AcDbText
 10
217.0
 20
795.0
 30
0.0
 40
24.0
  1
P002
 72
1
 11
217.0
 21
795.0
 31
0.0
100
AcDbText
 73
2
  0
LWPOLYLINE
  5
4A
330
17
100
AcDbEntity
  8
CUT
100
AcDbPolyline
 90
5
 70
1
 10
431.0
 20
645.0
 10
831.0
 20
645.0
 10
831.0
 20
945.0
 10
431.0
 20
945.0
 10
431.0
 20
645.0
  0
LWPOLYLINE
  5
4B
330
17
100
AcDbEntity
  8
CUT
100
AcDbPolyline
 90
65
 70
1
 10
661.0
 20
895.0
 10
660.8451
 20
891.9327
 10
660.3905
 20
888.954
 10
659.6513
 20
886.0789
 10
658.6425
 20
883.3226
 10
657.3792
 20
880.7002
 10
655.8765
 20
878.2267
 10
654.1495
 20
875.9172
 10
652.2132
 20
873.7868
 10
650.0828
 20
871.8505
 10
647.7733
 20
870.1235
 10
645.2998
 20
868.6208
 10
642.6774
 20
867.3575
 10
639.9211
 20
866.3487
 10
637.046
 20
865.6095
 10
634.0673
 20
865.1549
 10
631.0
 20
865.0
 10
627.9327
 20
865.1549
 10
624.954
 20
865.6095
 10
622.0789
 20
866.3487
 10
619.3226
 20
867.3575
 10
616.7002
 20
868.6208
 10
614.2267
 20
870.1235
 10
611.9172
 20
871.8505
 10
609.7868
 20
873.7868
 10
607.8505
 20
875.9172
 10
606.1235
 20
878.2267
 10
604.6208
 20
880.7002
 10
603.3575
 20
883.3226
 10
602.3487
 20
886.0789
 10
601.6095
 20
888.954
 10
601.1549
 20
891.9327
 10
601.0
 20
895.0
 10
601.1549
 20
898.0673
 10
601.6095
 20
901.046
 10
602.3487
 20
903.9211
 10
603.3575
 20
906.6774
 10
604.6208
 20
909.2998
 10
606.1235
 20
911.7733
 10
607.8505
 20
914.0828
 10
609.7868
 20
916.2132
 10
611.9172
 20
918.1495
 10
614.2267
 20
919.8765
 10
616.7002
 20
921.3792
 10
619.3226
 20
922.6425
 10
622.0789
 20
923.6513
 10
624.954
 20
924.3905
 10
627.9327
 20
924.8451
 10
631.0
 20
925.0
 10
634.0673
 20
924.8451
 10
637.046
 20
924.3905
 10
639.9211
 20
923.6513
 10
642.6774
 20
922.6425
 10
645.2998
 20
921.3792
 10
647.7733
 20
919.8765
 10
650.0828
 20
918.1495
 10
652.2132
 20
916.2132
 10
654.1495
 20
914.0828
 10
655.8765
 20
911.7733
 10
657.3792
 20
909.2998
 10
658.6425
 20
906.6774
 10
659.6513
 20
903.9211
 10
660.3905
 20
901.046
 10
660.8451
 20
898.0673
 10
661.0
 20
895.0
  0
TEXT
  5
4C
330
17
100
AcDbEntity
  8
ETCH
100
AcDbText
 10
631.0
 20
795.0
 30
0.0
 40
24.0
  1
P002
 72
1
 11
631.0
 21
795.0
 31
0.0
100
AcDbText
 73
2
  0
LWPOLYLINE
  5
4D
330
17
100
AcDbEntity
  8
CUT
100
AcDbPolyline
 90
5
 70
1
 10
1145.0
 20
845.0
 10
1145.0
 20
1245.0
 10
845.0
 20
1245.0
 10
845.0
 20
845.0
 10
1145.0
 20
845.0
  0
LWPOLYLINE
  5
4E
330
17
100
AcDbEntity
  8
CUT
100
AcDbPolyline
 90
65
 70
1
 10
895.0
 20
1075.0
 10
898.0673
 20
1074.8451
 10
901.046
 20
1074.3905
 10
903.9211
 20
1073.6513
 10
906.6774
 20
1072.6425
 10
909.2998
 20
1071.3792
 10
911.7733
 20
1069.8765
 10
914.0828
 20
1068.1495
 10
916.2132
 20
1066.2132
 10
918.1495
 20
1064.0828
 10
919.8765
 20
1061.7733
 10
921.3792
 20
1059.2998
 10
922.6425
 20
1056.6774
 10
923.6513
 20
1053.9211
 10
924.3905
 20
1051.046
 10
924.8451
 20
1048.0673
 10
925.0
 20
1045.0
 10
924.8451
 20
1041.9327
 10
924.3905
 20
1038.954
 10
923.6513
 20
1036.0789
 10
922.6425
 20
1033.3226
 10
921.3792
 20
1030.7002
 10
919.8765
 20
1028.2267
 10
918.1495
 20
1025.9172
 10
916.2132
 20
1023.7868
 10
914.0828
 20
1021.8505
 10
911.7733
 20
1020.1235
 10
909.2998
 20
1018.6208
 10
906.6774
 20
1017.3575
 10
903.9211
 20
1016.3487
 10
901.046
 20
1015.6095
 10
898.0673
 20
1015.1549
 10
895.0
 20
1015.0
 10
891.9327
 20
1015.1549
 10
888.954
 20
1015.6095
 10
886.0789
 20
1016.3487
 10
883.3226
 20
1017.3575
 10
880.7002
 20
1018.6208
 10
878.2267
 20
1020.1235
 10
875.9172
 20
1021.8505
 10
873.7868
 20
1023.7868
 10
871.8505
 20
1025.9172
 10
870.1235
 20
1028.2267
 10
868.6208
 20
1030.7002
 10
867.3575
 20
1033.3226
 10
866.3487
 20
1036.0789
 10
865.6095
 20
1038.954
 10
865.1549
 20
1041.9327
 10
865.0
 20
1045.0
 10
865.1549
 20
1048.0673
 10
865.6095
 20
1051.046
 10
866.3487
 20
1053.9211
 10
867.3575
 20
1056.6774
 10
868.6208
 20
1059.2998
 10
870.1235
 20
1061.7733
 10
871.8505
 20
1064.0828
 10
873.7868
 20
1066.2132
 10
875.9172
 20
1068.1495
 10
878.2267
 20
1069.8765
 10
880.7002
 20
1071.3792
 10
883.3226
 20
1072.6425
 10
886.0789
 20
1073.6513
 10
888.954
 20
1074.3905
 10
891.9327
 20
1074.8451
 10
895.0
 20
1075.0
  0
TEXT
  5
4F
330
17
100
AcDbEntity
  8
ETCH
100
AcDbText
 10
995.0
 20
1045.0
 30
0.0
 40
24.0
  1
P002
 72
1
 11
995.0
 21
1045.0
 31
0.0
100
AcDbText
 73
2
  0
LWPOLYLINE
  5
50
330
17
100
AcDbEntity
  8
CUT
100
AcDbPolyline
 90
5
 70
1
 10
17.0
 20
959.0
 10
417.0
 20
959.0
 10
417.0
 20
1259.0
 10
17.0
 20
1259.0
 10
17.0
 20
959.0
  0
LWPOLYLINE
  5
51
330
17
100
AcDbEntity
  8
CUT
100
AcDbPolyline
 90
65
 70
1
 10
247.0
 20
1209.0
 10
246.8451
 20
1205.9327
 10
246.3905
 20
1202.954
 10
245.6513
 20
1200.0789
 10
244.6425
 20
1197.3226
 10
243.3792
 20
1194.7002
 10
241.8765
 20
1192.2267
 10
240.1495
 20
1189.9172
 10
238.2132
 20
1187.7868
 10
236.0828
 20
1185.8505
 10
233.7733
 20
1184.1235
 10
231.2998
 20
1182.6208
 10
228.6774
 20
1181.3575
 10
225.9211
 20
1180.3487
 10
223.046
 20
1179.6095
 10
220.0673
 20
1179.1549
 10
217.0
 20
1179.0
 10
213.9327
 20
1179.1549
 10
210.954
 20
1179.6095
 10
208.0789
 20
1180.3487
 10
205.3226
 20
1181.3575
 10
202.7002
 20
1182.6208
 10
200.2267
 20
1184.1235
 10
197.9172
 20
1185.8505
 10
195.7868
 20
1187.7868
 10
193.8505
 20
1189.9172
 10
192.1235
 20
1192.2267
 10
190.6208
 20
1194.7002
 10
189.3575
 20
1197.3226
 10
188.3487
 20
1200.0789
 10
187.6095
 20
1202.954
 10
187.1549
 20
1205.9327
 10
187.0
 20
1209.0
 10
187.1549
 20
1212.0673
 10
187.6095
 20
1215.046
 10
188.3487
 20
1217.9211
 10
189.3575
 20
1220.6774
 10
190.6208
 20
1223.2998
 10
192.1235
 20
1225.7733
 10
193.8505
 20
1228.0828
 10
195.7868
 20
1230.2132
 10
197.9172
 20
1232.1495
 10
200.2267
 20
1233.8765
 10
202.7002
 20
1235.3792
 10
205.3226
 20
1236.6425
 10
208.0789
 20
1237.6513
 10
210.954
 20
1238.3905
 10
213.9327
 20
1238.8451
 10
217.0
 20
1239.0
 10
220.0673
 20
1238.8451
 10
223.046
 20
1238.3905
 10
225.9211
 20
1237.6513
 10
228.6774
 20
1236.6425
 10
231.2998
 20
1235.3792
 10
233.7733
 20
1233.8765
 10
236.0828
 20
1232.1495
 10
238.2132
 20
1230.2132
 10
240.1495
 20
1228.0828
 10
241.8765
 20
1225.7733
 10
243.3792
 20
1223.2998
 10
244.6425
 20
1220.6774
 10
245.6513
 20
1217.9211
 10
246.3905
 20
1215.046
 10
246.8451
 20
1212.0673
 10
247.0
 20
1209.0
  0
TEXT
  5
52
330
17
100
AcDbEntity
  8
ETCH
100
AcDbText
 10
217.0
 20
1109.0
 30
0.0
 40
24.0
  1
P002
 72
1
 11
217.0
 21
1109.0
 31
0.0
100
AcDbText
 73
2
  0
LWPOLYLINE
  5
53
330
17
100
AcDbEntity
  8
CUT
100
AcDbPolyline
 90
5
 70
1
 10
431.0
 20
959.0
 10
831.0
 20
959.0
 10
831.0
 20
1259.0
 10
431.0
 20
1259.0
 10
431.0
 20
959.0
  0
LWPOLYLINE
  5
54
330
17
100
AcDbEntity
  8
CUT
100
AcDbPolyline
 90
65
 70
1
 10
661.0
 20
1209.0
 10
660.8451
 20
1205.9327
 10
660.3905
 20
1202.954
 10
659.6513
 20
1200.0789
 10
658.6425
 20
1197.3226
 10
657.3792
 20
1194.7002
 10
655.8765
 20
1192.2267
 10
654.1495
 20
1189.9172
 10
652.2132
 20
1187.7868
 10
650.0828
 20
1185.8505
 10
647.7733
 20
1184.1235
 10
645.2998
 20
1182.6208
 10
642.6774
 20
1181.3575
 10
639.9211
 20
1180.3487
 10
637.046
 20
1179.6095
 10
634.0673
 20
1179.1549
 10
631.0
 20
1179.0
 10
627.9327
 20
1179.1549
 10
624.954
 20
1179.6095
 10
622.0789
 20
1180.3487
 10
619.3226
 20
1181.3575
 10
616.7002
 20
1182.6208
 10
614.2267
 20
1184.1235
 10
611.9172
 20
1185.8505
 10
609.7868
 20
1187.7868
 10
607.8505
 20
1189.9172
 10
606.1235
 20
1192.2267
 10
604.6208
 20
1194.7002
 10
603.3575
 20
1197.3226
 10
602.3487
 20
1200.0789
 10
601.6095
 20
1202.954
 10
601.1549
 20
1205.9327
 10
601.0
 20
1209.0
 10
601.1549
 20
1212.0673
 10
601.6095
 20
1215.046
 10
602.3487
 20
1217.9211
 10
603.3575
 20
1220.6774
 10
604.6208
 20
1223.2998
 10
606.1235
 20
1225.7733
 10
607.8505
 20
1228.0828
 10
609.7868
 20
1230.2132
 10
611.9172
 20
1232.1495
 10
614.2267
 20
1233.8765
 10
616.7002
 20
1235.3792
 10
619.3226
 20
1236.6425
 10
622.0789
 20
1237.6513
 10
624.954
 20
1238.3905
 10
627.9327
 20
1238.8451
 10
631.0
 20
1239.0
 10
634.0673
 20
1238.8451
 10
637.046
 20
1238.3905
 10
639.9211
 20
1237.6513
 10
642.6774
 20
1236.6425
 10
645.2998
 20
1235.3792
 10
647.7733
 20
1233.8765
 10
650.0828
 20
1232.1495
 10
652.2132
 20
1230.2132
 10
654.1495
 20
1228.0828
 10
655.8765
 20
1225.7733
 10
657.3792
 20
1223.2998
 10
658.6425
 20
1220.6774
 10
659.6513
 20
1217.9211
 10
660.3905
 20
1215.046
 10
660.8451
 20
1212.0673
 10
661.0
 20
1209.0
  0
TEXT
  5
55
330
17
100
AcDbEntity
  8
ETCH
100
AcDbText
 10
631.0
 20
1109.0
 30
0.0
 40
24.0
  1
P002
 72
1
 11
631.0
 21
1109.0
 31
0.0
100
AcDbText
 73
2
  0
LWPOLYLINE
  5
56
330
17
100
AcDbEntity
  8
CUT
100
AcDbPolyline
 90
5
 70
1
 10
1145.0
 20
1259.0
 10
1145.0
 20
1659.0
 10
845.0
 20
1659.0
 10
845.0
 20
1259.0
 10
1145.0
 20
1259.0
  0
LWPOLYLINE
  5
57
330
17
100
AcDbEntity
  8
CUT
100
AcDbPolyline
 90
65
 70
1
 10
895.0
 20
1489.0
 10
898.0673
 20
1488.8451
 10
901.046
 20
1488.3905
 10
903.9211
 20
1487.6513
 10
906.6774
 20
1486.6425
 10
909.2998
 20
1485.3792
 10
911.7733
 20
1483.8765
 10
914.0828
 20
1482.1495
 10
916.2132
 20
1480.2132
 10
918.1495
 20
1478.0828
 10
919.8765
 20
1475.7733
 10
921.3792
 20
1473.2998
 10
922.6425
 20
1470.6774
 10
923.6513
 20
1467.9211
 10
924.3905
 20
1465.046
 10
924.8451
 20
1462.0673
 10
925.0
 20
1459.0
 10
924.8451
 20
1455.9327
 10
924.3905
 20
1452.954
 10
923.6513
 20
1450.0789
 10
922.6425
 20
1447.3226
 10
921.3792
 20
1444.7002
 10
919.8765
 20
1442.2267
 10
918.1495
 20
1439.9172
 10
916.2132
 20
1437.7868
 10
914.0828
 20
1435.8505
 10
911.7733
 20
1434.1235
 10
909.2998
 20
1432.6208
 10
906.6774
 20
1431.3575
 10
903.9211
 20
1430.3487
 10
901.046
 20
1429.6095
 10
898.0673
 20
1429.1549
 10
895.0
 20
1429.0
 10
891.9327
 20
1429.1549
 10
888.954
 20
1429.6095
 10
886.0789
 20
1430.3487
 10
883.3226
 20
1431.3575
 10
880.7002
 20
1432.6208
 10
878.2267
 20
1434.1235
 10
875.9172
 20
1435.8505
 10
873.7868
 20
1437.7868
 10
871.8505
 20
1439.9172
 10
870.1235
 20
1442.2267
 10
868.6208
 20
1444.7002
 10
867.3575
 20
1447.3226
 10
866.3487
 20
1450.0789
 10
865.6095
 20
1452.954
 10
865.1549
 20
1455.9327
 10
865.0
 20
1459.0
 10
865.1549
 20
1462.0673
 10
865.6095
 20
1465.046
 10
866.3487
 20
1467.9211
 10
867.3575
 20
1470.6774
 10
868.6208
 20
1473.2998
 10
870.1235
 20
1475.7733
 10
871.8505
 20
1478.0828
 10
873.7868
 20
1480.2132
 10
875.9172
 20
1482.1495
 10
878.2267
 20
1483.8765
 10
880.7002
 20
1485.3792
 10
883.3226
 20
1486.6425
 10
886.0789
 20
1487.6513
 10
888.954
 20
1488.3905
 10
891.9327
 20
1488.8451
 10
895.0
 20
1489.0
  0
TEXT
  5
58
330
17
100
AcDbEntity
  8
ETCH
100
AcDbText
 10
995.0
 20
1459.0
 30
0.0
 40
24.0
  1
P002
 72
1
 11
995.0
 21
1459.0
 31
0.0
100
AcDbText
 73
2
  0
LWPOLYLINE
  5
59
330
17
100
AcDbEntity
  8
CUT
100
AcDbPolyline
 90
5
 70
1
 10
17.0
 20
1673.0
 10
417.0
 20
1673.0
 10
417.0
 20
1973.0
 10
17.0
 20
1973.0
 10
17.0
 20
1673.0
  0
LWPOLYLINE
  5
5A
330
17
100
AcDbEntity
  8
CUT
100
AcDbPolyline
 90
65
 70
1
 10
247.0
 20
1923.0
 10
246.8451
 20
1919.9327
 10
246.3905
 20
1916.954
 10
245.6513
 20
1914.0789
 10
244.6425
 20
1911.3226
 10
243.3792
 20
1908.7002
 10
241.8765
 20
1906.2267
 10
240.1495
 20
1903.9172
 10
238.2132
 20
1901.7868
 10
236.0828
 20
1899.8505
 10
233.7733
 20
1898.1235
 10
231.2998
 20
1896.6208
 10
228.6774
 20
1895.3575
 10
225.9211
 20
1894.3487
 10
223.046
 20
1893.6095
 10
220.0673
 20
1893.1549
 10
217.0
 20
1893.0
 10
213.9327
 20
1893.1549
 10
210.954
 20
1893.6095
 10
208.0789
 20
1894.3487
 10
205.3226
 20
1895.3575
 10
202.7002
 20
1896.6208
 10
200.2267
 20
1898.1235
 10
197.9172
 20
1899.8505
 10
195.7868
 20
1901.7868
 10
193.8505
 20
1903.9172
 10
192.1235
 20
1906.2267
 10
190.6208
 20
1908.7002
 10
189.3575
 20
1911.3226
 10
188.3487
 20
1914.0789
 10
187.6095
 20
1916.954
 10
187.1549
 20
1919.9327
 10
187.0
 20
1923.0
 10
187.1549
 20
1926.0673
 10
187.6095
 20
1929.046
 10
188.3487
 20
1931.9211
 10
189.3575
 20
1934.6774
 10
190.6208
 20
1937.2998
 10
192.1235
 20
1939.7733
 10
193.8505
 20
1942.0828
 10
195.7868
 20
1944.2132
 10
197.9172
 20
1946.1495
 10
200.2267
 20
1947.8765
 10
202.7002
 20
1949.3792
 10
205.3226
 20
1950.6425
 10
208.0789
 20
1951.6513
 10
210.954
 20
1952.3905
 10
213.9327
 20
1952.8451
 10
217.0
 20
1953.0
 10
220.0673
 20
1952.8451
 10
223.046
 20
1952.3905
 10
225.9211
 20
1951.6513
 10
228.6774
 20
1950.6425
 10
231.2998
 20
1949.3792
 10
233.7733
 20
1947.8765
 10
236.0828
 20
1946.1495
 10
238.2132
 20
1944.2132
 10
240.1495
 20
1942.0828
 10
241.8765
 20
1939.7733
 10
243.3792
 20
1937.2998
 10
244.6425
 20
1934.6774
 10
245.6513
 20
1931.9211
 10
246.3905
 20
1929.046
 10
246.8451
 20
1926.0673
 10
247.0
 20
1923.0
  0
TEXT
  5
5B
330
17
100
AcDbEntity
  8
ETCH
100
AcDbText
 10
217.0
 20
1823.0
 30
0.0
 40
24.0
  1
P002
 72
1
 11
217.0
 21
1823.0
 31
0.0
100
AcDbText
 73
2
  0
LWPOLYLINE
  5
5C
330
17
100
AcDbEntity
  8
CUT
100
AcDbPolyline
 90
5
 70
1
 10
17.0
 20
1273.0
 10
417.0
 20
1273.0
 10
417.0
 20
1573.0
 10
17.0
 20
1573.0
 10
17.0
 20
1273.0
  0
LWPOLYLINE
  5
5D
330
17
100
AcDbEntity
  8
CUT
100
AcDbPolyline
 90
65
 70
1
 10
247.0
 20
1523.0
 10
246.8451
 20
1519.9327
 10
246.3905
 20
1516.954
 10
245.6513
 20
1514.0789
 10
244.6425
 20
1511.3226
 10
243.3792
 20
1508.7002
 10
241.8765
 20
1506.2267
 10
240.1495
 20
1503.9172
 10
238.2132
 20
1501.7868
 10
236.0828
 20
1499.8505
 10
233.7733
 20
1498.1235
 10
231.2998
 20
1496.6208
 10
228.6774
 20
1495.3575
 10
225.9211
 20
1494.3487
 10
223.046
 20
1493.6095
 10
220.0673
 20
1493.1549
 10
217.0
 20
1493.0
 10
213.9327
 20
1493.1549
 10
210.954
 20
1493.6095
 10
208.0789
 20
1494.3487
 10
205.3226
 20
1495.3575
 10
202.7002
 20
1496.6208
 10
200.2267
 20
1498.1235
 10
197.9172
 20
1499.8505
 10
195.7868
 20
1501.7868
 10
193.8505
 20
1503.9172
 10
192.1235
 20
1506.2267
 10
190.6208
 20
1508.7002
 10
189.3575
 20
1511.3226
 10
188.3487
 20
1514.0789
 10
187.6095
 20
1516.954
 10
187.1549
 20
1519.9327
 10
187.0
 20
1523.0
 10
187.1549
 20
1526.0673
 10
187.6095
 20
1529.046
 10
188.3487
 20
1531.9211
 10
189.3575
 20
1534.6774
 10
190.6208
 20
1537.2998
 10
192.1235
 20
1539.7733
 10
193.8505
 20
1542.0828
 10
195.7868
 20
1544.2132
 10
197.9172
 20
1546.1495
 10
200.2267
 20
1547.8765
 10
202.7002
 20
1549.3792
 10
205.3226
 20
1550.6425
 10
208.0789
 20
1551.6513
 10
210.954
 20
1552.3905
 10
213.9327
 20
1552.8451
 10
217.0
 20
1553.0
 10
220.0673
 20
1552.8451
 10
223.046
 20
1552.3905
 10
225.9211
 20
1551.6513
 10
228.6774
 20
1550.6425
 10
231.2998
 20
1549.3792
 10
233.7733
 20
1547.8765
 10
236.0828
 20
1546.1495
 10
238.2132
 20
1544.2132
 10
240.1495
 20
1542.0828
 10
241.8765
 20
1539.7733
 10
243.3792
 20
1537.2998
 10
244.6425
 20
1534.6774
 10
245.6513
 20
1531.9211
 10
246.3905
 20
1529.046
 10
246.8451
 20
1526.0673
 10
247.0
 20
1523.0
  0
TEXT
  5
5E
330
17
100
AcDbEntity
  8
ETCH
100
AcDbText
 10
217.0
 20
1423.0
 30
0.0
 40
24.0
  1
P002
 72
1
 11
217.0
 21
1423.0
 31
0.0
100
AcDbText
 73
2
  0
LWPOLYLINE
  5
5F
330
17
100
AcDbEntity
  8
CUT
100
AcDbPolyline
 90
5
 70
1
 10
431.0
 20
1273.0
 10
831.0
 20
1273.0
 10
831.0
 20
1573.0
 10
431.0
 20
1573.0
 10
431.0
 20
1273.0
  0
LWPOLYLINE
  5
60
330
17
100
AcDbEntity
  8
CUT
100
AcDbPolyline
 90
65
 70
1
 10
661.0
 20
1523.0
 10
660.8451
 20
1519.9327
 10
660.3905
 20
1516.954
 10
659.6513
 20
1514.0789
 10
658.6425
 20
1511.3226
 10
657.3792
 20
1508.7002
 10
655.8765
 20
1506.2267
 10
654.1495
 20
1503.9172
 10
652.2132
 20
1501.7868
 10
650.0828
 20
1499.8505
 10
647.7733
 20
1498.1235
 10
645.2998
 20
1496.6208
 10
642.6774
 20
1495.3575
 10
639.9211
 20
1494.3487
 10
637.046
 20
1493.6095
 10
634.0673
 20
1493.1549
 10
631.0
 20
1493.0
 10
627.9327
 20
1493.1549
 10
624.954
 20
1493.6095
 10
622.0789
 20
1494.3487
 10
619.3226
 20
1495.3575
 10
616.7002
 20
1496.6208
 10
614.2267
 20
1498.1235
 10
611.9172
 20
1499.8505
 10
609.7868
 20
1501.7868
 10
607.8505
 20
1503.9172
 10
606.1235
 20
1506.2267
 10
604.6208
 20
1508.7002
 10
603.3575
 20
1511.3226
 10
602.3487
 20
1514.0789
 10
601.6095
 20
1516.954
 10
601.1549
 20
1519.9327
 10
601.0
 20
1523.0
 10
601.1549
 20
1526.0673
 10
601.6095
 20
1529.046
 10
602.3487
 20
1531.9211
 10
603.3575
 20
1534.6774
 10
604.6208
 20
1537.2998
 10
606.1235
 20
1539.7733
 10
607.8505
 20
1542.0828
 10
609.7868
 20
1544.2132
 10
611.9172
 20
1546.1495
 10
614.2267
 20
1547.8765
 10
616.7002
 20
1549.3792
 10
619.3226
 20
1550.6425
 10
622.0789
 20
1551.6513
 10
624.954
 20
1552.3905
 10
627.9327
 20
1552.8451
 10
631.0
 20
1553.0
 10
634.0673
 20
1552.8451
 10
637.046
 20
1552.3905
 10
639.9211
 20
1551.6513
 10
642.6774
 20
1550.6425
 10
645.2998
 20
1549.3792
 10
647.7733
 20
1547.8765
 10
650.0828
 20
1546.1495
 10
652.2132
 20
1544.2132
 10
654.1495
 20
1542.0828
 10
655.8765
 20
1539.7733
 10
657.3792
 20
1537.2998
 10
658.6425
 20
1534.6774
 10
659.6513
 20
1531.9211
 10
660.3905
 20
1529.046
 10
660.8451
 20
1526.0673
 10
661.0
 20
1523.0
  0
TEXT
  5
61
330
17
100
AcDbEntity
  8
ETCH
100
AcDbText
 10
631.0
 20
1423.0
 30
0.0
 40
24.0
  1
P002
 72
1
 11
631.0
 21
1423.0
 31
0.0
100
AcDbText
 73
2
  0
LWPOLYLINE
  5
62
330
17
100
AcDbEntity
  8
CUT
100
AcDbPolyline
 90
5
 70
1
 10
431.0
 20
1587.0
 10
831.0
 20
1587.0
 10
831.0
 20
1887.0
 10
431.0
 20
1887.0
 10
431.0
 20
1587.0
  0
LWPOLYLINE
  5
63
330
17
100
AcDbEntity
  8
CUT
100
AcDbPolyline
 90
65
 70
1
 10
661.0
 20
1837.0
 10
660.8451
 20
1833.9327
 10
660.3905
 20
1830.954
 10
659.6513
 20
1828.0789
 10
658.6425
 20
1825.3226
 10
657.3792
 20
1822.7002
 10
655.8765
 20
1820.2267
 10
654.1495
 20
1817.9172
 10
652.2132
 20
1815.7868
 10
650.0828
 20
1813.8505
 10
647.7733
 20
1812.1235
 10
645.2998
 20
1810.6208
 10
642.6774
 20
1809.3575
 10
639.9211
 20
1808.3487
 10
637.046
 20
1807.6095
 10
634.0673
 20
1807.1549
 10
631.0
 20
1807.0
 10
627.9327
 20
1807.1549
 10
624.954
 20
1807.6095
 10
622.0789
 20
1808.3487
 10
619.3226
 20
1809.3575
 10
616.7002
 20
1810.6208
 10
614.2267
 20
1812.1235
 10
611.9172
 20
1813.8505
 10
609.7868
 20
1815.7868
 10
607.8505
 20
1817.9172
 10
606.1235
 20
1820.2267
 10
604.6208
 20
1822.7002
 10
603.3575
 20
1825.3226
 10
602.3487
 20
1828.0789
 10
601.6095
 20
1830.954
 10
601.1549
 20
1833.9327
 10
601.0
 20
1837.0
 10
601.1549
 20
1840.0673
 10
601.6095
 20
1843.046
 10
602.3487
 20
1845.9211
 10
603.3575
 20
1848.6774
 10
604.6208
 20
1851.2998
 10
606.1235
 20
1853.7733
 10
607.8505
 20
1856.0828
 10
609.7868
 20
1858.2132
 10
611.9172
 20
1860.1495
 10
614.2267
 20
1861.8765
 10
616.7002
 20
1863.3792
 10
619.3226
 20
1864.6425
 10
622.0789
 20
1865.6513
 10
624.954
 20
1866.3905
 10
627.9327
 20
1866.8451
 10
631.0
 20
1867.0
 10
634.0673
 20
1866.8451
 10
637.046
 20
1866.3905
 10
639.9211
 20
1865.6513
 10
642.6774
 20
1864.6425
 10
645.2998
 20
1863.3792
 10
647.7733
 20
1861.8765
 10
650.0828
 20
1860.1495
 10
652.2132
 20
1858.2132
 10
654.1495
 20
1856.0828
 10
655.8765
 20
1853.7733
 10
657.3792
 20
1851.2998
 10
658.6425
 20
1848.6774
 10
659.6513
 20
1845.9211
 10
660.3905
 20
1843.046
 10
660.8451
 20
1840.0673
 10
661.0
 20
1837.0
  0
TEXT
  5
64
330
17
100
AcDbEntity
  8
ETCH
100
AcDbText
 10
631.0
 20
1737.0
 30
0.0
 40
24.0
  1
P002
 72
1
 11
631.0
 21
1737.0
 31
0.0
100
AcDbText
 73
2
  0
LWPOLYLINE
  5
65
330
17
100
AcDbEntity
  8
CUT
100
AcDbPolyline
 90
5
 70
1
 10
1145.0
 20
1673.0
 10
1145.0
 20
2073.0
 10
845.0
 20
2073.0
 10
845.0
 20
1673.0
 10
1145.0
 20
1673.0
  0
LWPOLYLINE
  5
66
330
17
100
AcDbEntity
  8
CUT
100
AcDbPolyline
 90
65
 70
1
 10
895.0
 20
1903.0
 10
898.0673
 20
1902.8451
 10
901.046
 20
1902.3905
 10
903.9211
 20
1901.6513
 10
906.6774
 20
1900.6425
 10
909.2998
 20
1899.3792
 10
911.7733
 20
1897.8765
 10
914.0828
 20
1896.1495
 10
916.2132
 20
1894.2132
 10
918.1495
 20
1892.0828
 10
919.8765
 20
1889.7733
 10
921.3792
 20
1887.2998
 10
922.6425
 20
1884.6774
 10
923.6513
 20
1881.9211
 10
924.3905
 20
1879.046
 10
924.8451
 20
1876.0673
 10
925.0
 20
1873.0
 10
924.8451
 20
1869.9327
 10
924.3905
 20
1866.954
 10
923.6513
 20
1864.0789
 10
922.6425
 20
1861.3226
 10
921.3792
 20
1858.7002
 10
919.8765
 20
1856.2267
 10
918.1495
 20
1853.9172
 10
916.2132
 20
1851.7868
 10
914.0828
 20
1849.8505
 10
911.7733
 20
1848.1235
 10
909.2998
 20
1846.6208
 10
906.6774
 20
1845.3575
 10
903.9211
 20
1844.3487
 10
901.046
 20
1843.6095
 10
898.0673
 20
1843.1549
 10
895.0
 20
1843.0
 10
891.9327
 20
1843.1549
 10
888.954
 20
1843.6095
 10
886.0789
 20
1844.3487
 10
883.3226
 20
1845.3575
 10
880.7002
 20
1846.6208
 10
878.2267
 20
1848.1235
 10
875.9172
 20
1849.8505
 10
873.7868
 20
1851.7868
 10
871.8505
 20
1853.9172
 10
870.1235
 20
1856.2267
 10
868.6208
 20
1858.7002
 10
867.3575
 20
1861.3226
 10
866.3487
 20
1864.0789
 10
865.6095
 20
1866.954
 10
865.1549
 20
1869.9327
 10
865.0
 20
1873.0
 10
865.1549
 20
1876.0673
 10
865.6095
 20
1879.046
 10
866.3487
 20
1881.9211
 10
867.3575
 20
1884.6774
 10
868.6208
 20
1887.2998
 10
870.1235
 20
1889.7733
 10
871.8505
 20
1892.0828
 10
873.7868
 20
1894.2132
 10
875.9172
 20
1896.1495
 10
878.2267
 20
1897.8765
 10
880.7002
 20
1899.3792
 10
883.3226
 20
1900.6425
 10
886.0789
 20
1901.6513
 10
888.954
 20
1902.3905
 10
891.9327
 20
1902.8451
 10
895.0
 20
1903.0
  0
TEXT
  5
67
330
17
100
AcDbEntity
  8
ETCH
100
AcDbText
 10
995.0
 20
1873.0
 30
0.0
 40
24.0
  1
P002
 72
1
 11
995.0
 21
1873.0
 31
0.0
100
AcDbText
 73
2
  0
LWPOLYLINE
  5
68
330
17
100
AcDbEntity
  8
CUT
100
AcDbPolyline
 90
5
 70
1
 10
431.0
 20
1901.0
 10
831.0
 20
1901.0
 10
831.0
 20
2201.0
 10
431.0
 20
2201.0
 10
431.0
 20
1901.0
  0
LWPOLYLINE
  5
69
330
17
100
AcDbEntity
  8
CUT
100
AcDbPolyline
 90
65
 70
1
 10
661.0
 20
2151.0
 10
660.8451
 20
2147.9327
 10
660.3905
 20
2144.954
 10
659.6513
 20
2142.0789
 10
658.6425
 20
2139.3226
 10
657.3792
 20
2136.7002
 10
655.8765
 20
2134.2267
 10
654.1495
 20
2131.9172
 10
652.2132
 20
2129.7868
 10
650.0828
 20
2127.8505
 10
647.7733
 20
2126.1235
 10
645.2998
 20
2124.6208
 10
642.6774
 20
2123.3575
 10
639.9211
 20
2122.3487
 10
637.046
 20
2121.6095
 10
634.0673
 20
2121.1549
 10
631.0
 20
2121.0
 10
627.9327
 20
2121.1549
 10
624.954
 20
2121.6095
 10
622.0789
 20
2122.3487
 10
619.3226
 20
2123.3575
 10
616.7002
 20
2124.6208
 10
614.2267
 20
2126.1235
 10
611.9172
 20
2127.8505
 10
609.7868
 20
2129.7868
 10
607.8505
 20
2131.9172
 10
606.1235
 20
2134.2267
 10
604.6208
 20
2136.7002
 10
603.3575
 20
2139.3226
 10
602.3487
 20
2142.0789
 10
601.6095
 20
2144.954
 10
601.1549
 20
2147.9327
 10
601.0
 20
2151.0
 10
601.1549
 20
2154.0673
 10
601.6095
 20
2157.046
 10
602.3487
 20
2159.9211
 10
603.3575
 20
2162.6774
 10
604.6208
 20
2165.2998
 10
606.1235
 20
2167.7733
 10
607.8505
 20
2170.0828
 10
609.7868
 20
2172.2132
 10
611.9172
 20
2174.1495
 10
614.2267
 20
2175.8765
 10
616.7002
 20
2177.3792
 10
619.3226
 20
2178.6425
 10
622.0789
 20
2179.6513
 10
624.954
 20
2180.3905
 10
627.9327
 20
2180.8451
 10
631.0
 20
2181.0
 10
634.0673
 20
2180.8451
 10
637.046
 20
2180.3905
 10
639.9211
 20
2179.6513
 10
642.6774
 20
2178.6425
 10
645.2998
 20
2177.3792
 10
647.7733
 20
2175.8765
 10
650.0828
 20
2174.1495
 10
652.2132
 20
2172.2132
 10
654.1495
 20
2170.0828
 10
655.8765
 20
2167.7733
 10
657.3792
 20
2165.2998
 10
658.6425
 20
2162.6774
 10
659.6513
 20
2159.9211
 10
660.3905
 20
2157.046
 10
660.8451
 20
2154.0673
 10
661.0
 20
2151.0
  0
TEXT
  5
6A
330
17
100
AcDbEntity
  8
ETCH
100
AcDbText
 10
631.0
 20
2051.0
 30
0.0
 40
24.0
  1
P002
 72
1
 11
631.0
 21
2051.0
 31
0.0
100
AcDbText
 73
2
  0
LWPOLYLINE
  5
6B
330
17
100
AcDbEntity
  8
CUT
100
AcDbPolyline
 90
5
 70
1
 10
17.0
 20
1987.0
 10
417.0
 20
1987.0
 10
417.0
 20
2287.0
 10
17.0
 20
2287.0
 10
17.0
 20
1987.0
  0
LWPOLYLINE
  5
6C
330
17
100
AcDbEntity
  8
CUT
100
AcDbPolyline
 90
65
 70
1
 10
247.0
 20
2237.0
 10
246.8451
 20
2233.9327
 10
246.3905
 20
2230.954
 10
245.6513
 20
2228.0789
 10
244.6425
 20
2225.3226
 10
243.3792
 20
2222.7002
 10
241.8765
 20
2220.2267
 10
240.1495
 20
2217.9172
 10
238.2132
 20
2215.7868
 10
236.0828
 20
2213.8505
 10
233.7733
 20
2212.1235
 10
231.2998
 20
2210.6208
 10
228.6774
 20
2209.3575
 10
225.9211
 20
2208.3487
 10
223.046
 20
2207.6095
 10
220.0673
 20
2207.1549
 10
217.0
 20
2207.0
 10
213.9327
 20
2207.1549
 10
210.954
 20
2207.6095
 10
208.0789
 20
2208.3487
 10
205.3226
 20
2209.3575
 10
202.7002
 20
2210.6208
 10
200.2267
 20
2212.1235
 10
197.9172
 20
2213.8505
 10
195.7868
 20
2215.7868
 10
193.8505
 20
2217.9172
 10
192.1235
 20
2220.2267
 10
190.6208
 20
2222.7002
 10
189.3575
 20
2225.3226
 10
188.3487
 20
2228.0789
 10
187.6095
 20
2230.954
 10
187.1549
 20
2233.9327
 10
187.0
 20
2237.0
 10
187.1549
 20
2240.0673
 10
187.6095
 20
2243.046
 10
188.3487
 20
2245.9211
 10
189.3575
 20
2248.6774
 10
190.6208
 20
2251.2998
 10
192.1235
 20
2253.7733
 10
193.8505
 20
2256.0828
 10
195.7868
 20
2258.2132
 10
197.9172
 20
2260.1495
 10
200.2267
 20
2261.8765
 10
202.7002
 20
2263.3792
 10
205.3226
 20
2264.6425
 10
208.0789
 20
2265.6513
 10
210.954
 20
2266.3905
 10
213.9327
 20
2266.8451
 10
217.0
 20
2267.0
 10
220.0673
 20
2266.8451
 10
223.046
 20
2266.3905
 10
225.9211
 20
2265.6513
 10
228.6774
 20
2264.6425
 10
231.2998
 20
2263.3792
 10
233.7733
 20
2261.8765
 10
236.0828
 20
2260.1495
 10
238.2132
 20
2258.2132
 10
240.1495
 20
2256.0828
 10
241.8765
 20
2253.7733
 10
243.3792
 20
2251.2998
 10
244.6425
 20
2248.6774
 10
245.6513
 20
2245.9211
 10
246.3905
 20
2243.046
 10
246.8451
 20
2240.0673
 10
247.0
 20
2237.0
  0
TEXT
  5
6D
330
17
100
AcDbEntity
  8
ETCH
100
AcDbText
 10
217.0
 20
2137.0
 30
0.0
 40
24.0
  1
P002
 72
1
 11
217.0
 21
2137.0
 31
0.0
100
AcDbText
 73
2
  0
LWPOLYLINE
  5
6E
330
17
100
AcDbEntity
  8
CUT
100
AcDbPolyline
 90
129
 70
1
 10
1145.0
 20
2237.0
 10
1144.8048
 20
2229.281
 10
1144.2256
 20
2221.6634
 10
1143.2717
 20
2214.1565
 10
1141.9525
 20
2206.7698
 10
1140.2776
 20
2199.5127
 10
1138.2563
 20
2192.3946
 10
1135.898
 20
2185.425
 10
1133.2123
 20
2178.6132
 10
1130.2084
 20
2171.9688
 10
1126.8958
 20
2165.5011
 10
1123.284
 20
2159.2195
 10
1119.3824
 20
2153.1336
 10
1115.2003
 20
2147.2526
 10
1110.7473
 20
2141.5861
 10
1106.0327
 20
2136.1434
 10
1101.066
 20
2130.934
 10
1095.8566
 20
2125.9673
 10
1090.4139
 20
2121.2527
 10
1084.7474
 20
2116.7997
 10
1078.8664
 20
2112.6176
 10
1072.7805
 20
2108.716
 10
1066.4989
 20
2105.1042
 10
1060.0312
 20
2101.7916
 10
1053.3868
 20
2098.7877
 10
1046.575
 20
2096.102
 10
1039.6054
 20
2093.7437
 10
1032.4873
 20
2091.7224
 10
1025.2302
 20
2090.0475
 10
1017.8435
 20
2088.7283
 10
1010.3366
 20
2087.7744
 10
1002.719
 20
2087.1952
 10
995.0
 20
2087.0
 10
987.281
 20
2087.1952
 10
979.6634
 20
2087.7744
 10
972.1565
 20
2088.7283
 10
964.7698
 20
2090.0475
 10
957.5127
 20
2091.7224
 10
950.3946
 20
2093.7437
 10
943.425
 20
2096.102
 10
936.6132
 20
2098.7877
 10
929.9688
 20
2101.7916
 10
923.5011
 20
2105.1042
 10
917.2195
 20
2108.716
 10
911.1336
 20
2112.6176
 10
905.2526
 20
2116.7997
 10
899.5861
 20
2121.2527
 10
894.1434
 20
2125.9673
 10
888.934
 20
2130.934
 10
883.9673
 20
2136.1434
 10
879.2527
 20
2141.5861
 10
874.7997
 20
2147.2526
 10
870.6176
 20
2153.1336
 10
866.716
 20
2159.2195
 10
863.1042
 20
2165.5011
 10
859.7916
 20
2171.9688
 10
856.7877
 20
2178.6132
 10
854.102
 20
2185.425
 10
851.7437
 20
2192.3946
 10
849.7224
 20
2199.5127
 10
848.0475
 20
2206.7698
 10
846.7283
 20
2214.1565
 10
845.7744
 20
2221.6634
 10
845.1952
 20
2229.281
 10
845.0
 20
2237.0
 10
845.1952
 20
2244.719
 10
845.7744
 20
2252.3366
 10
846.7283
 20
2259.8435
 10
848.0475
 20
2267.2302
 10
849.7224
 20
2274.4873
 10
851.7437
 20
2281.6054
 10
854.102
 20
2288.575
 10
856.7877
 20
2295.3868
 10
859.7916
 20
2302.0312
 10
863.1042
 20
2308.4989
 10
866.716
 20
2314.7805
 10
870.6176
 20
2320.8664
 10
874.7997
 20
2326.7474
 10
879.2527
 20
2332.4139
 10
883.9673
 20
2337.8566
 10
888.934
 20
2343.066
 10
894.1434
 20
2348.0327
 10
899.5861
 20
2352.7473
 10
905.2526
 20
2357.2003
 10
911.1336
 20
2361.3824
 10
917.2195
 20
2365.284
 10
923.5011
 20
2368.8958
 10
929.9688
 20
2372.2084
 10
936.6132
 20
2375.2123
 10
943.425
 20
2377.898
 10
950.3946
 20
2380.2563
 10
957.5127
 20
2382.2776
 10
964.7698
 20
2383.9525
 10
972.1565
 20
2385.2717
 10
979.6634
 20
2386.2256
 10
987.281
 20
2386.8048
 10
995.0
 20
2387.0
 10
1002.719
 20
2386.8048
 10
1010.3366
 20
2386.2256
 10
1017.8435
 20
2385.2717
 10
1025.2302
 20
2383.9525
 10
1032.4873
 20
2382.2776
 10
1039.6054
 20
2380.2563
 10
1046.575
 20
2377.898
 10
1053.3868
 20
2375.2123
 10
1060.0312
 20
2372.2084
 10
1066.4989
 20
2368.8958
 10
1072.7805
 20
2365.284
 10
1078.8664
 20
2361.3824
 10
1084.7474
 20
2357.2003
 10
1090.4139
 20
2352.7473
 10
1095.8566
 20
2348.0327
 10
1101.066
 20
2343.066
 10
1106.0327
 20
2337.8566
 10
1110.7473
 20
2332.4139
 10
1115.2003
 20
2326.7474
 10
1119.3824
 20
2320.8664
 10
1123.284
 20
2314.7805
 10
1126.8958
 20
2308.4989
 10
1130.2084
 20
2302.0312
 10
1133.2123
 20
2295.3868
 10
1135.898
 20
2288.575
 10
1138.2563
 20
2281.6054
 10
1140.2776
 20
2274.4873
 10
1141.9525
 20
2267.2302
 10
1143.2717
 20
2259.8435
 10
1144.2256
 20
2252.3366
 10
1144.8048
 20
2244.719
 10
1145.0
 20
2237.0
  0
LWPOLYLINE
  5
6F
330
17
100
AcDbEntity
  8
CUT
100
AcDbPolyline
 90
129
 70
1
 10
1085.0
 20
2237.0
 10
1084.8829
 20
2232.3686
 10
1084.5353
 20
2227.798
 10
1083.963
 20
2223.2939
 10
1083.1715
 20
2218.8619
 10
1082.1666
 20
2214.5076
 10
1080.9538
 20
2210.2368
 10
1079.5388
 20
2206.055
 10
1077.9274
 20
2201.9679
 10
1076.125
 20
2197.9813
 10
1074.1375
 20
2194.1007
 10
1071.9704
 20
2190.3317
 10
1069.6294
 20
2186.6801
 10
1067.1202
 20
2183.1516
 10
1064.4484
 20
2179.7516
 10
1061.6196
 20
2176.486
 10
1058.6396
 20
2173.3604
 10
1055.514
 20
2170.3804
 10
1052.2484
 20
2167.5516
 10
1048.8484
 20
2164.8798
 10
1045.3199
 20
2162.3706
 10
1041.6683
 20
2160.0296
 10
1037.8993
 20
2157.8625
 10
1034.0187
 20
2155.875
 10
1030.0321
 20
2154.0726
 10
1025.945
 20
2152.4612
 10
1021.7632
 20
2151.0462
 10
1017.4924
 20
2149.8334
 10
1013.1381
 20
2148.8285
 10
1008.7061
 20
2148.037
 10
1004.202
 20
2147.4647
 10
999.6314
 20
2147.1171
 10
995.0
 20
2147.0
 10
990.3686
 20
2147.1171
 10
985.798
 20
2147.4647
 10
981.2939
 20
2148.037
 10
976.8619
 20
2148.8285
 10
972.5076
 20
2149.8334
 10
968.2368
 20
2151.0462
 10
964.055
 20
2152.4612
 10
959.9679
 20
2154.0726
 10
955.9813
 20
2155.875
 10
952.1007
 20
2157.8625
 10
948.3317
 20
2160.0296
 10
944.6801
 20
2162.3706
 10
941.1516
 20
2164.8798
 10
937.7516
 20
2167.5516
 10
934.486
 20
2170.3804
 10
931.3604
 20
2173.3604
 10
928.3804
 20
2176.486
 10
925.5516
 20
2179.7516
 10
922.8798
 20
2183.1516
 10
920.3706
 20
2186.6801
 10
918.0296
 20
2190.3317
 10
915.8625
 20
2194.1007
 10
913.875
 20
2197.9813
 10
912.0726
 20
2201.9679
 10
910.4612
 20
2206.055
 10
909.0462
 20
2210.2368
 10
907.8334
 20
2214.5076
 10
906.8285
 20
2218.8619
 10
906.037
 20
2223.2939
 10
905.4647
 20
2227.798
 10
905.1171
 20
2232.3686
 10
905.0
 20
2237.0
 10
905.1171
 20
2241.6314
 10
905.4647
 20
2246.202
 10
906.037
 20
2250.7061
 10
906.8285
 20
2255.1381
 10
907.8334
 20
2259.4924
 10
909.0462
 20
2263.7632
 10
910.4612
 20
2267.945
 10
912.0726
 20
2272.0321
 10
913.875
 20
2276.0187
 10
915.8625
 20
2279.8993
 10
918.0296
 20
2283.6683
 10
920.3706
 20
2287.3199
 10
922.8798
 20
2290.8484
 10
925.5516
 20
2294.2484
 10
928.3804
 20
2297.514
 10
931.3604
 20
2300.6396
 10
934.486
 20
2303.6196
 10
937.7516
 20
2306.4484
 10
941.1516
 20
2309.1202
 10
944.6801
 20
2311.6294
 10
948.3317
 20
2313.9704
 10
952.1007
 20
2316.1375
 10
955.9813
 20
2318.125
 10
959.9679
 20
2319.9274
 10
964.055
 20
2321.5388
 10
968.2368
 20
2322.9538
 10
972.5076
 20
2324.1666
 10
976.8619
 20
2325.1715
 10
981.2939
 20
2325.963
 10
985.798
 20
2326.5353
 10
990.3686
 20
2326.8829
 10
995.0
 20
2327.0
 10
999.6314
 20
2326.8829
 10
1004.202
 20
2326.5353
 10
1008.7061
 20
2325.963
 10
1013.1381
 20
2325.1715
 10
1017.4924
 20
2324.1666
 10
1021.7632
 20
2322.9538
 10
1025.945
 20
2321.5388
 10
1030.0321
 20
2319.9274
 10
1034.0187
 20
2318.125
 10
1037.8993
 20
2316.1375
 10
1041.6683
 20
2313.9704
 10
1045.3199
 20
2311.6294
 10
1048.8484
 20
2309.1202
 10
1052.2484
 20
2306.4484
 10
1055.514
 20
2303.6196
 10
1058.6396
 20
2300.6396
 10
1061.6196
 20
2297.514
 10
1064.4484
 20
2294.2484
 10
1067.1202
 20
2290.8484
 10
1069.6294
 20
2287.3199
 10
1071.9704
 20
2283.6683
 10
1074.1375
 20
2279.8993
 10
1076.125
 20
2276.0187
 10
1077.9274
 20
2272.0321
 10
1079.5388
 20
2267.945
 10
1080.9538
 20
2263.7632
 10
1082.1666
 20
2259.4924
 10
1083.1715
 20
2255.1381
 10
1083.963
 20
2250.7061
 10
1084.5353
 20
2246.202
 10
1084.8829
 20
2241.6314
 10
1085.0
 20
2237.0
  0
TEXT
  5
70
330
17
100
AcDbEntity
  8
ETCH
100
AcDbText
 10
995.0
 20
2240.859490052251
 30
0.0
 40
24.0
  1
P003
 72
1
 11
995.0
 21
2240.859490052251
 31
0.0
100
AcDbText
 73
2
  0
LWPOLYLINE
  5
71
330
17
100
AcDbEntity
  8
OFFCUT
100
AcDbPolyline
 90
5
 70
1
 10
10.0
 20
10.0
 10
10.0
 20
2430.0
 10
1210.0
 20
2430.0
 10
1210.0
 20
10.0
 10
10.0
 20
10.0
  0
LWPOLYLINE
  5
72
330
17
100
AcDbEntity
  8
OFFCUT
100
AcDbPolyline
 90
5
 70
1
 10
417.0
 20
17.0
 10
417.0
 20
317.0
 10
17.0
 20
317.0
 10
17.0
 20
17.0
 10
417.0
 20
17.0
  0
LWPOLYLINE
  5
73
330
17
100
AcDbEntity
  8
OFFCUT
100
AcDbPolyline
 90
5
 70
1
 10
831.0
 20
17.0
 10
831.0
 20
317.0
 10
431.0
 20
317.0
 10
431.0
 20
17.0
 10
831.0
 20
17.0
  0
LWPOLYLINE
  5
74
330
17
100
AcDbEntity
  8
OFFCUT
100
AcDbPolyline
 90
5
 70
1
 10
417.0
 20
331.0
 10
417.0
 20
631.0
 10
17.0
 20
631.0
 10
17.0
 20
331.0
 10
417.0
 20
331.0
  0
LWPOLYLINE
  5
75
330
17
100
AcDbEntity
  8
OFFCUT
100
AcDbPolyline
 90
5
 70
1
 10
17.0
 20
645.0
 10
417.0
 20
645.0
 10
417.0
 20
945.0
 10
17.0
 20
945.0
 10
17.0
 20
645.0
  0
LWPOLYLINE
  5
76
330
17
100
AcDbEntity
  8
OFFCUT
100
AcDbPolyline
 90
5
 70
1
 10
17.0
 20
959.0
 10
417.0
 20
959.0
 10
417.0
 20
1259.0
 10
17.0
 20
1259.0
 10
17.0
 20
959.0
  0
LWPOLYLINE
  5
77
330
17
100
AcDbEntity
  8
OFFCUT
100
AcDbPolyline
 90
5
 70
1
 10
417.0
 20
1273.0
 10
417.0
 20
1573.0
 10
17.0
 20
1573.0
 10
17.0
 20
1273.0
 10
417.0
 20
1273.0
  0
LWPOLYLINE
  5
78
330
17
100
AcDbEntity
  8
OFFCUT
100
AcDbPolyline
 90
5
 70
1
 10
831.0
 20
1587.0
 10
831.0
 20
1887.0
 10
431.0
 20
1887.0
 10
431.0
 20
1587.0
 10
831.0
 20
1587.0
  0
LWPOLYLINE
  5
79
330
17
100
AcDbEntity
  8
OFFCUT
100
AcDbPolyline
 90
5
 70
1
 10
417.0
 20
1673.0
 10
417.0
 20
1973.0
 10
17.0
 20
1973.0
 10
17.0
 20
1673.0
 10
417.0
 20
1673.0
  0
LWPOLYLINE
  5
7A
330
17
100
AcDbEntity
  8
OFFCUT
100
AcDbPolyline
 90
5
 70
1
 10
431.0
 20
1901.0
 10
831.0
 20
1901.0
 10
831.0
 20
2201.0
 10
431.0
 20
2201.0
 10
431.0
 20
1901.0
  0
LWPOLYLINE
  5
7B
330
17
100
AcDbEntity
  8
OFFCUT
100
AcDbPolyline
 90
5
 70
1
 10
17.0
 20
1987.0
 10
417.0
 20
1987.0
 10
417.0
 20
2287.0
 10
17.0
 20
2287.0
 10
17.0
 20
1987.0
  0
LWPOLYLINE
  5
7C
330
17
100
AcDbEntity
  8
OFFCUT
100
AcDbPolyline
 90
5
 70
1
 10
1145.0
 20
417.0
 10
845.0
 20
417.0
 10
845.0
 20
17.0
 10
1145.0
 20
17.0
 10
1145.0
 20
417.0
  0
LWPOLYLINE
  5
7D
330
17
100
AcDbEntity
  8
OFFCUT
100
AcDbPolyline
 90
5
 70
1
 10
831.0
 20
331.0
 10
831.0
 20
631.0
 10
431.0
 20
631.0
 10
431.0
 20
331.0
 10
831.0
 20
331.0
  0
LWPOLYLINE
  5
7E
330
17
100
AcDbEntity
  8
OFFCUT
100
AcDbPolyline
 90
5
 70
1
 10
1145.0
 20
831.0
 10
845.0
 20
831.0
 10
845.0
 20
431.0
 10
1145.0
 20
431.0
 10
1145.0
 20
831.0
  0
LWPOLYLINE
  5
7F
330
17
100
AcDbEntity
  8
OFFCUT
100
AcDbPolyline
 90
5
 70
1
 10
431.0
 20
645.0
 10
831.0
 20
645.0
 10
831.0
 20
945.0
 10
431.0
 20
945.0
 10
431.0
 20
645.0
  0
LWPOLYLINE
  5
80
330
17
100
AcDbEntity
  8
OFFCUT
100
AcDbPolyline
 90
5
 70
1
 10
1145.0
 20
845.0
 10
1145.0
 20
1245.0
 10
845.0
 20
1245.0
 10
845.0
 20
845.0
 10
1145.0
 20
845.0
  0
LWPOLYLINE
  5
81
330
17
100
AcDbEntity
  8
OFFCUT
100
AcDbPolyline
 90
5
 70
1
 10
831.0
 20
959.0
 10
831.0
 20
1259.0
 10
431.0
 20
1259.0
 10
431.0
 20
959.0
 10
831.0
 20
959.0
  0
LWPOLYLINE
  5
82
330
17
100
AcDbEntity
  8
OFFCUT
100
AcDbPolyline
 90
5
 70
1
 10
831.0
 20
1273.0
 10
831.0
 20
1573.0
 10
431.0
 20
1573.0
 10
431.0
 20
1273.0
 10
831.0
 20
1273.0
  0
LWPOLYLINE
  5
83
330
17
100
AcDbEntity
  8
OFFCUT
100
AcDbPolyline
 90
5
 70
1
 10
1145.0
 20
1659.0
 10
845.0
 20
1659.0
 10
845.0
 20
1259.0
 10
1145.0
 20
1259.0
 10
1145.0
 20
1659.0
  0
LWPOLYLINE
  5
84
330
17
100
AcDbEntity
  8
OFFCUT
100
AcDbPolyline
 90
5
 70
1
 10
1145.0
 20
1673.0
 10
1145.0
 20
2073.0
 10
845.0
 20
2073.0
 10
845.0
 20
1673.0
 10
1145.0
 20
1673.0
  0
LWPOLYLINE
  5
85
330
17
100
AcDbEntity
  8
OFFCUT
100
AcDbPolyline
 90
129
 70
1
 10
1141.9525
 20
2206.7698
 10
1143.2717
 20
2214.1565
 10
1144.2256
 20
2221.6634
 10
1144.8048
 20
2229.281
 10
1145.0
 20
2237.0
 10
1144.8048
 20
2244.719
 10
1144.2256
 20
2252.3366
 10
1143.2717
 20
2259.8435
 10
1141.9525
 20
2267.2302
 10
1140.2776
 20
2274.4873
 10
1138.2563
 20
2281.6054
 10
1135.898
 20
2288.575
 10
1133.2123
 20
2295.3868
 10
1130.2084
 20
2302.0312
 10
1126.8958
 20
2308.4989
 10
1123.284
 20
2314.7805
 10
1119.3824
 20
2320.8664
 10
1115.2003
 20
2326.7474
 10
1110.7473
 20
2332.4139
 10
1106.0327
 20
2337.8566
 10
1101.066
 20
2343.066
 10
1095.8566
 20
2348.0327
 10
1090.4139
 20
2352.7473
 10
1084.7474
 20
2357.2003
 10
1078.8664
 20
2361.3824
 10
1072.7805
 20
2365.284
 10
1066.4989
 20
2368.8958
 10
1060.0312
 20
2372.2084
 10
1053.3868
 20
2375.2123
 10
1046.575
 20
2377.898
 10
1039.6054
 20
2380.2563
 10
1032.4873
 20
2382.2776
 10
1025.2302
 20
2383.9525
 10
1017.8435
 20
2385.2717
 10
1010.3366
 20
2386.2256
 10
1002.719
 20
2386.8048
 10
995.0
 20
2387.0
 10
987.281
 20
2386.8048
 10
979.6634
 20
2386.2256
 10
972.1565
 20
2385.2717
 10
964.7698
 20
2383.9525
 10
957.5127
 20
2382.2776
 10
950.3946
 20
2380.2563
 10
943.425
 20
2377.898
 10
936.6132
 20
2375.2123
 10
929.9688
 20
2372.2084
 10
923.5011
 20
2368.8958
 10
917.2195
 20
2365.284
 10
911.1336
 20
2361.3824
 10
905.2526
 20
2357.2003
 10
899.5861
 20
2352.7473
 10
894.1434
 20
2348.0327
 10
888.934
 20
2343.066
 10
883.9673
 20
2337.8566
 10
879.2527
 20
2332.4139
 10
874.7997
 20
2326.7474
 10
870.6176
 20
2320.8664
 10
866.716
 20
2314.7805
 10
863.1042
 20
2308.4989
 10
859.7916
 20
2302.0312
 10
856.7877
 20
2295.3868
 10
854.102
 20
2288.575
 10
851.7437
 20
2281.6054
 10
849.7224
 20
2274.4873
 10
848.0475
 20
2267.2302
 10
846.7283
 20
2259.8435
 10
845.7744
 20
2252.3366
 10
845.1952
 20
2244.719
 10
845.0
 20
2237.0
 10
845.1952
 20
2229.281
 10
845.7744
 20
2221.6634
 10
846.7283
 20
2214.1565
 10
848.0475
 20
2206.7698
 10
849.7224
 20
2199.5127
 10
851.7437
 20
2192.3946
 10
854.102
 20
2185.425
 10
856.7877
 20
2178.6132
 10
859.7916
 20
2171.9688
 10
863.1042
 20
2165.5011
 10
866.716
 20
2159.2195
 10
870.6176
 20
2153.1336
 10
874.7997
 20
2147.2526
 10
879.2527
 20
2141.5861
 10
883.9673
 20
2136.1434
 10
888.934
 20
2130.934
 10
894.1434
 20
2125.9673
 10
899.5861
 20
2121.2527
 10
905.2526
 20
2116.7997
 10
911.1336
 20
2112.6176
 10
917.2195
 20
2108.716
 10
923.5011
 20
2105.1042
 10
929.9688
 20
2101.7916
 10
936.6132
 20
2098.7877
 10
943.425
 20
2096.102
 10
950.3946
 20
2093.7437
 10
957.5127
 20
2091.7224
 10
964.7698
 20
2090.0475
 10
972.1565
 20
2088.7283
 10
979.6634
 20
2087.7744
 10
987.281
 20
2087.1952
 10
995.0
 20
2087.0
 10
1002.719
 20
2087.1952
 10
1010.3366
 20
2087.7744
 10
1017.8435
 20
2088.7283
 10
1025.2302
 20
2090.0475
 10
1032.4873
 20
2091.7224
 10
1039.6054
 20
2093.7437
 10
1046.575
 20
2096.102
 10
1053.3868
 20
2098.7877
 10
1060.0312
 20
2101.7916
 10
1066.4989
 20
2105.1042
 10
1072.7805
 20
2108.716
 10
1078.8664
 20
2112.6176
 10
1084.7474
 20
2116.7997
 10
1090.4139
 20
2121.2527
 10
1095.8566
 20
2125.9673
 10
1101.066
 20
2130.934
 10
1106.0327
 20
2136.1434
 10
1110.7473
 20
2141.5861
 10
1115.2003
 20
2147.2526
 10
1119.3824
 20
2153.1336
 10
1123.284
 20
2159.2195
 10
1126.8958
 20
2165.5011
 10
1130.2084
 20
2171.9688
 10
1133.2123
 20
2178.6132
 10
1135.898
 20
2185.425
 10
1138.2563
 20
2192.3946
 10
1140.2776
 20
2199.5127
 10
1141.9525
 20
2206.7698
  0
LWPOLYLINE
  5
86
330
17
100
AcDbEntity
  8
OFFCUT
100
AcDbPolyline
 90
5
 70
1
 10
417.0
 20
17.0
 10
417.0
 20
317.0
 10
17.0
 20
317.0
 10
17.0
 20
17.0
 10
417.0
 20
17.0
  0
LWPOLYLINE
  5
87
330
17
100
AcDbEntity
  8
OFFCUT
100
AcDbPolyline
 90
5
 70
1
 10
831.0
 20
17.0
 10
831.0
 20
317.0
 10
431.0
 20
317.0
 10
431.0
 20
17.0
 10
831.0
 20
17.0
  0
LWPOLYLINE
  5
88
330
17
100
AcDbEntity
  8
OFFCUT
100
AcDbPolyline
 90
5
 70
1
 10
417.0
 20
331.0
 10
417.0
 20
631.0
 10
17.0
 20
631.0
 10
17.0
 20
331.0
 10
417.0
 20
331.0
  0
LWPOLYLINE
  5
89
330
17
100
AcDbEntity
  8
OFFCUT
100
AcDbPolyline
 90
5
 70
1
 10
17.0
 20
645.0
 10
417.0
 20
645.0
 10
417.0
 20
945.0
 10
17.0
 20
945.0
 10
17.0
 20
645.0
  0
LWPOLYLINE
  5
8A
330
17
100
AcDbEntity
  8
OFFCUT
100
AcDbPolyline
 90
5
 70
1
 10
17.0
 20
959.0
 10
417.0
 20
959.0
 10
417.0
 20
1259.0
 10
17.0
 20
1259.0
 10
17.0
 20
959.0
  0
LWPOLYLINE
  5
8B
330
17
100
AcDbEntity
  8
OFFCUT
100
AcDbPolyline
 90
5
 70
1
 10
417.0
 20
1273.0
 10
417.0
 20
1573.0
 10
17.0
 20
1573.0
 10
17.0
 20
1273.0
 10
417.0
 20
1273.0
  0
LWPOLYLINE
  5
8C
330
17
100
AcDbEntity
  8
OFFCUT
100
AcDbPolyline
 90
5
 70
1
 10
831.0
 20
1587.0
 10
831.0
 20
1887.0
 10
431.0
 20
1887.0
 10
431.0
 20
1587.0
 10
831.0
 20
1587.0
  0
LWPOLYLINE
  5
8D
330
17
100
AcDbEntity
  8
OFFCUT
100
AcDbPolyline
 90
5
 70
1
 10
417.0
 20
1673.0
 10
417.0
 20
1973.0
 10
17.0
 20
1973.0
 10
17.0
 20
1673.0
 10
417.0
 20
1673.0
  0
LWPOLYLINE
  5
8E
330
17
100
AcDbEntity
  8
OFFCUT
100
AcDbPolyline
 90
5
 70
1
 10
431.0
 20
1901.0
 10
831.0
 20
1901.0
 10
831.0
 20
2201.0
 10
431.0
 20
2201.0
 10
431.0
 20
1901.0
  0
LWPOLYLINE
  5
8F
330
17
100
AcDbEntity
  8
OFFCUT
100
AcDbPolyline
 90
5
 70
1
 10
17.0
 20
1987.0
 10
417.0
 20
1987.0
 10
417.0
 20
2287.0
 10
17.0
 20
2287.0
 10
17.0
 20
1987.0
  0
LWPOLYLINE
  5
90
330
17
100
AcDbEntity
  8
OFFCUT
100
AcDbPolyline
 90
5
 70
1
 10
1145.0
 20
417.0
 10
845.0
 20
417.0
 10
845.0
 20
17.0
 10
1145.0
 20
17.0
 10
1145.0
 20
417.0
  0
LWPOLYLINE
  5
91
330
17
100
AcDbEntity
  8
OFFCUT
100
AcDbPolyline
 90
5
 70
1
 10
831.0
 20
331.0
 10
831.0
 20
631.0
 10
431.0
 20
631.0
 10
431.0
 20
331.0
 10
831.0
 20
331.0
  0
LWPOLYLINE
  5
92
330
17
100
AcDbEntity
  8
OFFCUT
100
AcDbPolyline
 90
5
 70
1
 10
1145.0
 20
831.0
 10
845.0
 20
831.0
 10
845.0
 20
431.0
 10
1145.0
 20
431.0
 10
1145.0
 20
831.0
  0
LWPOLYLINE
  5
93
330
17
100
AcDbEntity
  8
OFFCUT
100
AcDbPolyline
 90
5
 70
1
 10
431.0
 20
645.0
 10
831.0
 20
645.0
 10
831.0
 20
945.0
 10
431.0
 20
945.0
 10
431.0
 20
645.0
  0
LWPOLYLINE
  5
94
330
17
100
AcDbEntity
  8
OFFCUT
100
AcDbPolyline
 90
5
 70
1
 10
1145.0
 20
845.0
 10
1145.0
 20
1245.0
 10
845.0
 20
1245.0
 10
845.0
 20
845.0
 10
1145.0
 20
845.0
  0
LWPOLYLINE
  5
95
330
17
100
AcDbEntity
  8
OFFCUT
100
AcDbPolyline
 90
5
 70
1
 10
831.0
 20
959.0
 10
831.0
 20
1259.0
 10
431.0
 20
1259.0
 10
431.0
 20
959.0
 10
831.0
 20
959.0
  0
LWPOLYLINE
  5
96
330
17
100
AcDbEntity
  8
OFFCUT
100
AcDbPolyline
 90
5
 70
1
 10
831.0
 20
1273.0
 10
831.0
 20
1573.0
 10
431.0
 20
1573.0
 10
431.0
 20
1273.0
 10
831.0
 20
1273.0
  0
LWPOLYLINE
  5
97
330
17
100
AcDbEntity
  8
OFFCUT
100
AcDbPolyline
 90
5
 70
1
 10
1145.0
 20
1659.0
 10
845.0
 20
1659.0
 10
845.0
 20
1259.0
 10
1145.0
 20
1259.0
 10
1145.0
 20
1659.0
  0
LWPOLYLINE
  5
98
330
17
100
AcDbEntity
  8
OFFCUT
100
AcDbPolyline
 90
5
 70
1
 10
1145.0
 20
1673.0
 10
1145.0
 20
2073.0
 10
845.0
 20
2073.0
 10
845.0
 20
1673.0
 10
1145.0
 20
1673.0
  0
LWPOLYLINE
  5
99
330
17
100
AcDbEntity
  8
OFFCUT
100
AcDbPolyline
 90
129
 70
1
 10
1141.9525
 20
2206.7698
 10
1143.2717
 20
2214.1565
 10
1144.2256
 20
2221.6634
 10
1144.8048
 20
2229.281
 10
1145.0
 20
2237.0
 10
1144.8048
 20
2244.719
 10
1144.2256
 20
2252.3366
 10
1143.2717
 20
2259.8435
 10
1141.9525
 20
2267.2302
 10
1140.2776
 20
2274.4873
 10
1138.2563
 20
2281.6054
 10
1135.898
 20
2288.575
 10
1133.2123
 20
2295.3868
 10
1130.2084
 20
2302.0312
 10
1126.8958
 20
2308.4989
 10
1123.284
 20
2314.7805
 10
1119.3824
 20
2320.8664
 10
1115.2003
 20
2326.7474
 10
1110.7473
 20
2332.4139
 10
1106.0327
 20
2337.8566
 10
1101.066
 20
2343.066
 10
1095.8566
 20
2348.0327
 10
1090.4139
 20
2352.7473
 10
1084.7474
 20
2357.2003
 10
1078.8664
 20
2361.3824
 10
1072.7805
 20
2365.284
 10
1066.4989
 20
2368.8958
 10
1060.0312
 20
2372.2084
 10
1053.3868
 20
2375.2123
 10
1046.575
 20
2377.898
 10
1039.6054
 20
2380.2563
 10
1032.4873
 20
2382.2776
 10
1025.2302
 20
2383.9525
 10
1017.8435
 20
2385.2717
 10
1010.3366
 20
2386.2256
 10
1002.719
 20
2386.8048
 10
995.0
 20
2387.0
 10
987.281
 20
2386.8048
 10
979.6634
 20
2386.2256
 10
972.1565
 20
2385.2717
 10
964.7698
 20
2383.9525
 10
957.5127
 20
2382.2776
 10
950.3946
 20
2380.2563
 10
943.425
 20
2377.898
 10
936.6132
 20
2375.2123
 10
929.9688
 20
2372.2084
 10
923.5011
 20
2368.8958
 10
917.2195
 20
2365.284
 10
911.1336
 20
2361.3824
 10
905.2526
 20
2357.2003
 10
899.5861
 20
2352.7473
 10
894.1434
 20
2348.0327
 10
888.934
 20
2343.066
 10
883.9673
 20
2337.8566
 10
879.2527
 20
2332.4139
 10
874.7997
 20
2326.7474
 10
870.6176
 20
2320.8664
 10
866.716
 20
2314.7805
 10
863.1042
 20
2308.4989
 10
859.7916
 20
2302.0312
 10
856.7877
 20
2295.3868
 10
854.102
 20
2288.575
 10
851.7437
 20
2281.6054
 10
849.7224
 20
2274.4873
 10
848.0475
 20
2267.2302
 10
846.7283
 20
2259.8435
 10
845.7744
 20
2252.3366
 10
845.1952
 20
2244.719
 10
845.0
 20
2237.0
 10
845.1952
 20
2229.281
 10
845.7744
 20
2221.6634
 10
846.7283
 20
2214.1565
 10
848.0475
 20
2206.7698
 10
849.7224
 20
2199.5127
 10
851.7437
 20
2192.3946
 10
854.102
 20
2185.425
 10
856.7877
 20
2178.6132
 10
859.7916
 20
2171.9688
 10
863.1042
 20
2165.5011
 10
866.716
 20
2159.2195
 10
870.6176
 20
2153.1336
 10
874.7997
 20
2147.2526
 10
879.2527
 20
2141.5861
 10
883.9673
 20
2136.1434
 10
888.934
 20
2130.934
 10
894.1434
 20
2125.9673
 10
899.5861
 20
2121.2527
 10
905.2526
 20
2116.7997
 10
911.1336
 20
2112.6176
 10
917.2195
 20
2108.716
 10
923.5011
 20
2105.1042
 10
929.9688
 20
2101.7916
 10
936.6132
 20
2098.7877
 10
943.425
 20
2096.102
 10
950.3946
 20
2093.7437
 10
957.5127
 20
2091.7224
 10
964.7698
 20
2090.0475
 10
972.1565
 20
2088.7283
 10
979.6634
 20
2087.7744
 10
987.281
 20
2087.1952
 10
995.0
 20
2087.0
 10
1002.719
 20
2087.1952
 10
1010.3366
 20
2087.7744
 10
1017.8435
 20
2088.7283
 10
1025.2302
 20
2090.0475
 10
1032.4873
 20
2091.7224
 10
1039.6054
 20
2093.7437
 10
1046.575
 20
2096.102
 10
1053.3868
 20
2098.7877
 10
1060.0312
 20
2101.7916
 10
1066.4989
 20
2105.1042
 10
1072.7805
 20
2108.716
 10
1078.8664
 20
2112.6176
 10
1084.7474
 20
2116.7997
 10
1090.4139
 20
2121.2527
 10
1095.8566
 20
2125.9673
 10
1101.066
 20
2130.934
 10
1106.0327
 20
2136.1434
 10
1110.7473
 20
2141.5861
 10
1115.2003
 20
2147.2526
 10
1119.3824
 20
2153.1336
 10
1123.284
 20
2159.2195
 10
1126.8958
 20
2165.5011
 10
1130.2084
 20
2171.9688
 10
1133.2123
 20
2178.6132
 10
1135.898
 20
2185.425
 10
1138.2563
 20
2192.3946
 10
1140.2776
 20
2199.5127
 10
1141.9525
 20
2206.7698
  0
TEXT
  5
9A
330
17
100
AcDbEntity
  8
INFO
100
AcDbText
 10
0.0
 20
2480.0
 30
0.0
 40
25.0
  1
WASTE-FIRST - SHEET 1 - repeating_batch.dxf
 11
0.0
 21
2480.0
 31
0.0
100
AcDbText
  0
LWPOLYLINE
  5
9B
330
17
100
AcDbEntity
  8
CNC_BOUNDARY
100
AcDbPolyline
 90
4
 70
1
 10
1320.0
 20
0.0
 10
2540.0
 20
0.0
 10
2540.0
 20
2440.0
 10
1320.0
 20
2440.0
  0
LWPOLYLINE
  5
9C
330
17
100
AcDbEntity
  8
CUT
100
AcDbPolyline
 90
5
 70
1
 10
1337.0
 20
17.0
 10
1737.0
 20
17.0
 10
1737.0
 20
317.0
 10
1337.0
 20
317.0
 10
1337.0
 20
17.0
  0
LWPOLYLINE
  5
9D
330
17
100
AcDbEntity
  8
CUT
100
AcDbPolyline
 90
65
 70
1
 10
1567.0
 20
267.0
 10
1566.8451
 20
263.9327
 10
1566.3905
 20
260.954
 10
1565.6513
 20
258.0789
 10
1564.6425
 20
255.3226
 10
1563.3792
 20
252.7002
 10
1561.8765
 20
250.2267
 10
1560.1495
 20
247.9172
 10
1558.2132
 20
245.7868
 10
1556.0828
 20
243.8505
 10
1553.7733
 20
242.1235
 10
1551.2998
 20
240.6208
 10
1548.6774
 20
239.3575
 10
1545.9211
 20
238.3487
 10
1543.046
 20
237.6095
 10
1540.0673
 20
237.1549
 10
1537.0
 20
237.0
 10
1533.9327
 20
237.1549
 10
1530.954
 20
237.6095
 10
1528.0789
 20
238.3487
 10
1525.3226
 20
239.3575
 10
1522.7002
 20
240.6208
 10
1520.2267
 20
242.1235
 10
1517.9172
 20
243.8505
 10
1515.7868
 20
245.7868
 10
1513.8505
 20
247.9172
 10
1512.1235
 20
250.2267
 10
1510.6208
 20
252.7002
 10
1509.3575
 20
255.3226
 10
1508.3487
 20
258.0789
 10
1507.6095
 20
260.954
 10
1507.1549
 20
263.9327
 10
1507.0
 20
267.0
 10
1507.1549
 20
270.0673
 10
1507.6095
 20
273.046
 10
1508.3487
 20
275.9211
 10
1509.3575
 20
278.6774
 10
1510.6208
 20
281.2998
 10
1512.1235
 20
283.7733
 10
1513.8505
 20
286.0828
 10
1515.7868
 20
288.2132
 10
1517.9172
 20
290.1495
 10
1520.2267
 20
291.8765
 10
1522.7002
 20
293.3792
 10
1525.3226
 20
294.6425
 10
1528.0789
 20
295.6513
 10
1530.954
 20
296.3905
 10
1533.9327
 20
296.8451
 10
1537.0
 20
297.0
 10
1540.0673
 20
296.8451
 10
1543.046
 20
296.3905
 10
1545.9211
 20
295.6513
 10
1548.6774
 20
294.6425
 10
1551.2998
 20
293.3792
 10
1553.7733
 20
291.8765
 10
1556.0828
 20
290.1495
 10
1558.2132
 20
288.2132
 10
1560.1495
 20
286.0828
 10
1561.8765
 20
283.7733
 10
1563.3792
 20
281.2998
 10
1564.6425
 20
278.6774
 10
1565.6513
 20
275.9211
 10
1566.3905
 20
273.046
 10
1566.8451
 20
270.0673
 10
1567.0
 20
267.0
  0
TEXT
  5
9E
330
17
100
AcDbEntity
  8
ETCH
100
AcDbText
 10
1537.0
 20
167.0
 30
0.0
 40
24.0
  1
P002
 72
1
 11
1537.0
 21
167.0
 31
0.0
100
AcDbText
 73
2
  0
LWPOLYLINE
  5
9F
330
17
100
AcDbEntity
  8
CUT
100
AcDbPolyline
 90
5
 70
1
 10
1751.0
 20
17.0
 10
2151.0
 20
17.0
 10
2151.0
 20
317.0
 10
1751.0
 20
317.0
 10
1751.0
 20
17.0
  0
LWPOLYLINE
  5
A0
330
17
100
AcDbEntity
  8
CUT
100
AcDbPolyline
 90
65
 70
1
 10
1981.0
 20
267.0
 10
1980.8451
 20
263.9327
 10
1980.3905
 20
260.954
 10
1979.6513
 20
258.0789
 10
1978.6425
 20
255.3226
 10
1977.3792
 20
252.7002
 10
1975.8765
 20
250.2267
 10
1974.1495
 20
247.9172
 10
1972.2132
 20
245.7868
 10
1970.0828
 20
243.8505
 10
1967.7733
 20
242.1235
 10
1965.2998
 20
240.6208
 10
1962.6774
 20
239.3575
 10
1959.9211
 20
238.3487
 10
1957.046
 20
237.6095
 10
1954.0673
 20
237.1549
 10
1951.0
 20
237.0
 10
1947.9327
 20
237.1549
 10
1944.954
 20
237.6095
 10
1942.0789
 20
238.3487
 10
1939.3226
 20
239.3575
 10
1936.7002
 20
240.6208
 10
1934.2267
 20
242.1235
 10
1931.9172
 20
243.8505
 10
1929.7868
 20
245.7868
 10
1927.8505
 20
247.9172
 10
1926.1235
 20
250.2267
 10
1924.6208
 20
252.7002
 10
1923.3575
 20
255.3226
 10
1922.3487
 20
258.0789
 10
1921.6095
 20
260.954
 10
1921.1549
 20
263.9327
 10
1921.0
 20
267.0
 10
1921.1549
 20
270.0673
 10
1921.6095
 20
273.046
 10
1922.3487
 20
275.9211
 10
1923.3575
 20
278.6774
 10
1924.6208
 20
281.2998
 10
1926.1235
 20
283.7733
 10
1927.8505
 20
286.0828
 10
1929.7868
 20
288.2132
 10
1931.9172
 20
290.1495
 10
1934.2267
 20
291.8765
 10
1936.7002
 20
293.3792
 10
1939.3226
 20
294.6425
 10
1942.0789
 20
295.6513
 10
1944.954
 20
296.3905
 10
1947.9327
 20
296.8451
 10
1951.0
 20
297.0
 10
1954.0673
 20
296.8451
 10
1957.046
 20
296.3905
 10
1959.9211
 20
295.6513
 10
1962.6774
 20
294.6425
 10
1965.2998
 20
293.3792
 10
1967.7733
 20
291.8765
 10
1970.0828
 20
290.1495
 10
1972.2132
 20
288.2132
 10
1974.1495
 20
286.0828
 10
1975.8765
 20
283.7733
 10
1977.3792
 20
281.2998
 10
1978.6425
 20
278.6774
 10
1979.6513
 20
275.9211
 10
1980.3905
 20
273.046
 10
1980.8451
 20
270.0673
 10
1981.0
 20
267.0
  0
TEXT
  5
A1
330
17
100
AcDbEntity
  8
ETCH
100
AcDbText
 10
1951.0
 20
167.0
 30
0.0
 40
24.0
  1
P002
 72
1
 11
1951.0
 21
167.0
 31
0.0
100
AcDbText
 73
2
  0
LWPOLYLINE
  5
A2
330
17
100
AcDbEntity
  8
CUT
100
AcDbPolyline
 90
5
 70
1
 10
2465.0
 20
17.0
 10
2465.0
 20
417.0
 10
2165.0
 20
417.0
 10
2165.0
 20
17.0
 10
2465.0
 20
17.0
  0
LWPOLYLINE
  5
A3
330
17
100
AcDbEntity
  8
CUT
100
AcDbPolyline
 90
65
 70
1
 10
2215.0
 20
247.0
 10
2218.0673
 20
246.8451
 10
2221.046
 20
246.3905
 10
2223.9211
 20
245.6513
 10
2226.6774
 20
244.6425
 10
2229.2998
 20
243.3792
 10
2231.7733
 20
241.8765
 10
2234.0828
 20
240.1495
 10
2236.2132
 20
238.2132
 10
2238.1495
 20
236.0828
 10
2239.8765
 20
233.7733
 10
2241.3792
 20
231.2998
 10
2242.6425
 20
228.6774
 10
2243.6513
 20
225.9211
 10
2244.3905
 20
223.046
 10
2244.8451
 20
220.0673
 10
2245.0
 20
217.0
 10
2244.8451
 20
213.9327
 10
2244.3905
 20
210.954
 10
2243.6513
 20
208.0789
 10
2242.6425
 20
205.3226
 10
2241.3792
 20
202.7002
 10
2239.8765
 20
200.2267
 10
2238.1495
 20
197.9172
 10
2236.2132
 20
195.7868
 10
2234.0828
 20
193.8505
 10
2231.7733
 20
192.1235
 10
2229.2998
 20
190.6208
 10
2226.6774
 20
189.3575
 10
2223.9211
 20
188.3487
 10
2221.046
 20
187.6095
 10
2218.0673
 20
187.1549
 10
2215.0
 20
187.0
 10
2211.9327
 20
187.1549
 10
2208.954
 20
187.6095
 10
2206.0789
 20
188.3487
 10
2203.3226
 20
189.3575
 10
2200.7002
 20
190.6208
 10
2198.2267
 20
192.1235
 10
2195.9172
 20
193.8505
 10
2193.7868
 20
195.7868
 10
2191.8505
 20
197.9172
 10
2190.1235
 20
200.2267
 10
2188.6208
 20
202.7002
 10
2187.3575
 20
205.3226
 10
2186.3487
 20
208.0789
 10
2185.6095
 20
210.954
 10
2185.1549
 20
213.9327
 10
2185.0
 20
217.0
 10
2185.1549
 20
220.0673
 10
2185.6095
 20
223.046
 10
2186.3487
 20
225.9211
 10
2187.3575
 20
228.6774
 10
2188.6208
 20
231.2998
 10
2190.1235
 20
233.7733
 10
2191.8505
 20
236.0828
 10
2193.7868
 20
238.2132
 10
2195.9172
 20
240.1495
 10
2198.2267
 20
241.8765
 10
2200.7002
 20
243.3792
 10
2203.3226
 20
244.6425
 10
2206.0789
 20
245.6513
 10
2208.954
 20
246.3905
 10
2211.9327
 20
246.8451
 10
2215.0
 20
247.0
  0
TEXT
  5
A4
330
17
100
AcDbEntity
  8
ETCH
100
AcDbText
 10
2315.0
 20
217.0
 30
0.0
 40
24.0
  1
P002
 72
1
 11
2315.0
 21
217.0
 31
0.0
100
AcDbText
 73
2
  0
LWPOLYLINE
  5
A5
330
17
100
AcDbEntity
  8
CUT
100
AcDbPolyline
 90
5
 70
1
 10
1337.0
 20
331.0
 10
1737.0
 20
331.0
 10
1737.0
 20
631.0
 10
1337.0
 20
631.0
 10
1337.0
 20
331.0
  0
LWPOLYLINE
  5
A6
330
17
100
AcDbEntity
  8
CUT
100
AcDbPolyline
 90
65
 70
1
 10
1567.0
 20
581.0
 10
1566.8451
 20
577.9327
 10
1566.3905
 20
574.954
 10
1565.6513
 20
572.0789
 10
1564.6425
 20
569.3226
 10
1563.3792
 20
566.7002
 10
1561.8765
 20
564.2267
 10
1560.1495
 20
561.9172
 10
1558.2132
 20
559.7868
 10
1556.0828
 20
557.8505
 10
1553.7733
 20
556.1235
 10
1551.2998
 20
554.6208
 10
1548.6774
 20
553.3575
 10
1545.9211
 20
552.3487
 10
1543.046
 20
551.6095
 10
1540.0673
 20
551.1549
 10
1537.0
 20
551.0
 10
1533.9327
 20
551.1549
 10
1530.954
 20
551.6095
 10
1528.0789
 20
552.3487
 10
1525.3226
 20
553.3575
 10
1522.7002
 20
554.6208
 10
1520.2267
 20
556.1235
 10
1517.9172
 20
557.8505
 10
1515.7868
 20
559.7868
 10
1513.8505
 20
561.9172
 10
1512.1235
 20
564.2267
 10
1510.6208
 20
566.7002
 10
1509.3575
 20
569.3226
 10
1508.3487
 20
572.0789
 10
1507.6095
 20
574.954
 10
1507.1549
 20
577.9327
 10
1507.0
 20
581.0
 10
1507.1549
 20
584.0673
 10
1507.6095
 20
587.046
 10
1508.3487
 20
589.9211
 10
1509.3575
 20
592.6774
 10
1510.6208
 20
595.2998
 10
1512.1235
 20
597.7733
 10
1513.8505
 20
600.0828
 10
1515.7868
 20
602.2132
 10
1517.9172
 20
604.1495
 10
1520.2267
 20
605.8765
 10
1522.7002
 20
607.3792
 10
1525.3226
 20
608.6425
 10
1528.0789
 20
609.6513
 10
1530.954
 20
610.3905
 10
1533.9327
 20
610.8451
 10
1537.0
 20
611.0
 10
1540.0673
 20
610.8451
 10
1543.046
 20
610.3905
 10
1545.9211
 20
609.6513
 10
1548.6774
 20
608.6425
 10
1551.2998
 20
607.3792
 10
1553.7733
 20
605.8765
 10
1556.0828
 20
604.1495
 10
1558.2132
 20
602.2132
 10
1560.1495
 20
600.0828
 10
1561.8765
 20
597.7733
 10
1563.3792
 20
595.2998
 10
1564.6425
 20
592.6774
 10
1565.6513
 20
589.9211
 10
1566.3905
 20
587.046
 10
1566.8451
 20
584.0673
 10
1567.0
 20
581.0
  0
TEXT
  5
A7
330
17
100
AcDbEntity
  8
ETCH
100
AcDbText
 10
1537.0
 20
481.0
 30
0.0
 40
24.0
  1
P002
 72
1
 11
1537.0
 21
481.0
 31
0.0
100
AcDbText
 73
2
  0
LWPOLYLINE
  5
A8
330
17
100
AcDbEntity
  8
CUT
100
AcDbPolyline
 90
5
 70
1
 10
1751.0
 20
331.0
 10
2151.0
 20
331.0
 10
2151.0
 20
631.0
 10
1751.0
 20
631.0
 10
1751.0
 20
331.0
  0
LWPOLYLINE
  5
A9
330
17
100
AcDbEntity
  8
CUT
100
AcDbPolyline
 90
65
 70
1
 10
1981.0
 20
581.0
 10
1980.8451
 20
577.9327
 10
1980.3905
 20
574.954
 10
1979.6513
 20
572.0789
 10
1978.6425
 20
569.3226
 10
1977.3792
 20
566.7002
 10
1975.8765
 20
564.2267
 10
1974.1495
 20
561.9172
 10
1972.2132
 20
559.7868
 10
1970.0828
 20
557.8505
 10
1967.7733
 20
556.1235
 10
1965.2998
 20
554.6208
 10
1962.6774
 20
553.3575
 10
1959.9211
 20
552.3487
 10
1957.046
 20
551.6095
 10
1954.0673
 20
551.1549
 10
1951.0
 20
551.0
 10
1947.9327
 20
551.1549
 10
1944.954
 20
551.6095
 10
1942.0789
 20
552.3487
 10
1939.3226
 20
553.3575
 10
1936.7002
 20
554.6208
 10
1934.2267
 20
556.1235
 10
1931.9172
 20
557.8505
 10
1929.7868
 20
559.7868
 10
1927.8505
 20
561.9172
 10
1926.1235
 20
564.2267
 10
1924.6208
 20
566.7002
 10
1923.3575
 20
569.3226
 10
1922.3487
 20
572.0789
 10
1921.6095
 20
574.954
 10
1921.1549
 20
577.9327
 10
1921.0
 20
581.0
 10
1921.1549
 20
584.0673
 10
1921.6095
 20
587.046
 10
1922.3487
 20
589.9211
 10
1923.3575
 20
592.6774
 10
1924.6208
 20
595.2998
 10
1926.1235
 20
597.7733
 10
1927.8505
 20
600.0828
 10
1929.7868
 20
602.2132
 10
1931.9172
 20
604.1495
 10
1934.2267
 20
605.8765
 10
1936.7002
 20
607.3792
 10
1939.3226
 20
608.6425
 10
1942.0789
 20
609.6513
 10
1944.954
 20
610.3905
 10
1947.9327
 20
610.8451
 10
1951.0
 20
611.0
 10
1954.0673
 20
610.8451
 10
1957.046
 20
610.3905
 10
1959.9211
 20
609.6513
 10
1962.6774
 20
608.6425
 10
1965.2998
 20
607.3792
 10
1967.7733
 20
605.8765
 10
1970.0828
 20
604.1495
 10
1972.2132
 20
602.2132
 10
1974.1495
 20
600.0828
 10
1975.8765
 20
597.7733
 10
1977.3792
 20
595.2998
 10
1978.6425
 20
592.6774
 10
1979.6513
 20
589.9211
 10
1980.3905
 20
587.046
 10
1980.8451
 20
584.0673
 10
1981.0
 20
581.0
  0
TEXT
  5
AA
330
17
100
AcDbEntity
  8
ETCH
100
AcDbText
 10
1951.0
 20
481.0
 30
0.0
 40
24.0
  1
P002
 72
1
 11
1951.0
 21
481.0
 31
0.0
100
AcDbText
 73
2
  0
LWPOLYLINE
  5
AB
330
17
100
AcDbEntity
  8
CUT
100
AcDbPolyline
 90
129
 70
1
 10
2465.0
 20
581.0
 10
2464.8048
 20
573.281
 10
2464.2256
 20
565.6634
 10
2463.2717
 20
558.1565
 10
2461.9525
 20
550.7698
 10
2460.2776
 20
543.5127
 10
2458.2563
 20
536.3946
 10
2455.898
 20
529.425
 10
2453.2123
 20
522.6132
 10
2450.2084
 20
515.9688
 10
2446.8958
 20
509.5011
 10
2443.284
 20
503.2195
 10
2439.3824
 20
497.1336
 10
2435.2003
 20
491.2526
 10
2430.7473
 20
485.5861
 10
2426.0327
 20
480.1434
 10
2421.066
 20
474.934
 10
2415.8566
 20
469.9673
 10
2410.4139
 20
465.2527
 10
2404.7474
 20
460.7997
 10
2398.8664
 20
456.6176
 10
2392.7805
 20
452.716
 10
2386.4989
 20
449.1042
 10
2380.0312
 20
445.7916
 10
2373.3868
 20
442.7877
 10
2366.575
 20
440.102
 10
2359.6054
 20
437.7437
 10
2352.4873
 20
435.7224
 10
2345.2302
 20
434.0475
 10
2337.8435
 20
432.7283
 10
2330.3366
 20
431.7744
 10
2322.719
 20
431.1952
 10
2315.0
 20
431.0
 10
2307.281
 20
431.1952
 10
2299.6634
 20
431.7744
 10
2292.1565
 20
432.7283
 10
2284.7698
 20
434.0475
 10
2277.5127
 20
435.7224
 10
2270.3946
 20
437.7437
 10
2263.425
 20
440.102
 10
2256.6132
 20
442.7877
 10
2249.9688
 20
445.7916
 10
2243.5011
 20
449.1042
 10
2237.2195
 20
452.716
 10
2231.1336
 20
456.6176
 10
2225.2526
 20
460.7997
 10
2219.5861
 20
465.2527
 10
2214.1434
 20
469.9673
 10
2208.934
 20
474.934
 10
2203.9673
 20
480.1434
 10
2199.2527
 20
485.5861
 10
2194.7997
 20
491.2526
 10
2190.6176
 20
497.1336
 10
2186.716
 20
503.2195
 10
2183.1042
 20
509.5011
 10
2179.7916
 20
515.9688
 10
2176.7877
 20
522.6132
 10
2174.102
 20
529.425
 10
2171.7437
 20
536.3946
 10
2169.7224
 20
543.5127
 10
2168.0475
 20
550.7698
 10
2166.7283
 20
558.1565
 10
2165.7744
 20
565.6634
 10
2165.1952
 20
573.281
 10
2165.0
 20
581.0
 10
2165.1952
 20
588.719
 10
2165.7744
 20
596.3366
 10
2166.7283
 20
603.8435
 10
2168.0475
 20
611.2302
 10
2169.7224
 20
618.4873
 10
2171.7437
 20
625.6054
 10
2174.102
 20
632.575
 10
2176.7877
 20
639.3868
 10
2179.7916
 20
646.0312
 10
2183.1042
 20
652.4989
 10
2186.716
 20
658.7805
 10
2190.6176
 20
664.8664
 10
2194.7997
 20
670.7474
 10
2199.2527
 20
676.4139
 10
2203.9673
 20
681.8566
 10
2208.934
 20
687.066
 10
2214.1434
 20
692.0327
 10
2219.5861
 20
696.7473
 10
2225.2526
 20
701.2003
 10
2231.1336
 20
705.3824
 10
2237.2195
 20
709.284
 10
2243.5011
 20
712.8958
 10
2249.9688
 20
716.2084
 10
2256.6132
 20
719.2123
 10
2263.425
 20
721.898
 10
2270.3946
 20
724.2563
 10
2277.5127
 20
726.2776
 10
2284.7698
 20
727.9525
 10
2292.1565
 20
729.2717
 10
2299.6634
 20
730.2256
 10
2307.281
 20
730.8048
 10
2315.0
 20
731.0
 10
2322.719
 20
730.8048
 10
2330.3366
 20
730.2256
 10
2337.8435
 20
729.2717
 10
2345.2302
 20
727.9525
 10
2352.4873
 20
726.2776
 10
2359.6054
 20
724.2563
 10
2366.575
 20
721.898
 10
2373.3868
 20
719.2123
 10
2380.0312
 20
716.2084
 10
2386.4989
 20
712.8958
 10
2392.7805
 20
709.284
 10
2398.8664
 20
705.3824
 10
2404.7474
 20
701.2003
 10
2410.4139
 20
696.7473
 10
2415.8566
 20
692.0327
 10
2421.066
 20
687.066
 10
2426.0327
 20
681.8566
 10
2430.7473
 20
676.4139
 10
2435.2003
 20
670.7474
 10
2439.3824
 20
664.8664
 10
2443.284
 20
658.7805
 10
2446.8958
 20
652.4989
 10
2450.2084
 20
646.0312
 10
2453.2123
 20
639.3868
 10
2455.898
 20
632.575
 10
2458.2563
 20
625.6054
 10
2460.2776
 20
618.4873
 10
2461.9525
 20
611.2302
 10
2463.2717
 20
603.8435
 10
2464.2256
 20
596.3366
 10
2464.8048
 20
588.719
 10
2465.0
 20
581.0
  0
LWPOLYLINE
  5
AC
330
17
100
AcDbEntity
  8
CUT
100
AcDbPolyline
 90
129
 70
1
 10
2405.0
 20
581.0
 10
2404.8829
 20
576.3686
 10
2404.5353
 20
571.798
 10
2403.963
 20
567.2939
 10
2403.1715
 20
562.8619
 10
2402.1666
 20
558.5076
 10
2400.9538
 20
554.2368
 10
2399.5388
 20
550.055
 10
2397.9274
 20
545.9679
 10
2396.125
 20
541.9813
 10
2394.1375
 20
538.1007
 10
2391.9704
 20
534.3317
 10
2389.6294
 20
530.6801
 10
2387.1202
 20
527.1516
 10
2384.4484
 20
523.7516
 10
2381.6196
 20
520.486
 10
2378.6396
 20
517.3604
 10
2375.514
 20
514.3804
 10
2372.2484
 20
511.5516
 10
2368.8484
 20
508.8798
 10
2365.3199
 20
506.3706
 10
2361.6683
 20
504.0296
 10
2357.8993
 20
501.8625
 10
2354.0187
 20
499.875
 10
2350.0321
 20
498.0726
 10
2345.945
 20
496.4612
 10
2341.7632
 20
495.0462
 10
2337.4924
 20
493.8334
 10
2333.1381
 20
492.8285
 10
2328.7061
 20
492.037
 10
2324.202
 20
491.4647
 10
2319.6314
 20
491.1171
 10
2315.0
 20
491.0
 10
2310.3686
 20
491.1171
 10
2305.798
 20
491.4647
 10
2301.2939
 20
492.037
 10
2296.8619
 20
492.8285
 10
2292.5076
 20
493.8334
 10
2288.2368
 20
495.0462
 10
2284.055
 20
496.4612
 10
2279.9679
 20
498.0726
 10
2275.9813
 20
499.875
 10
2272.1007
 20
501.8625
 10
2268.3317
 20
504.0296
 10
2264.6801
 20
506.3706
 10
2261.1516
 20
508.8798
 10
2257.7516
 20
511.5516
 10
2254.486
 20
514.3804
 10
2251.3604
 20
517.3604
 10
2248.3804
 20
520.486
 10
2245.5516
 20
523.7516
 10
2242.8798
 20
527.1516
 10
2240.3706
 20
530.6801
 10
2238.0296
 20
534.3317
 10
2235.8625
 20
538.1007
 10
2233.875
 20
541.9813
 10
2232.0726
 20
545.9679
 10
2230.4612
 20
550.055
 10
2229.0462
 20
554.2368
 10
2227.8334
 20
558.5076
 10
2226.8285
 20
562.8619
 10
2226.037
 20
567.2939
 10
2225.4647
 20
571.798
 10
2225.1171
 20
576.3686
 10
2225.0
 20
581.0
 10
2225.1171
 20
585.6314
 10
2225.4647
 20
590.202
 10
2226.037
 20
594.7061
 10
2226.8285
 20
599.1381
 10
2227.8334
 20
603.4924
 10
2229.0462
 20
607.7632
 10
2230.4612
 20
611.945
 10
2232.0726
 20
616.0321
 10
2233.875
 20
620.0187
 10
2235.8625
 20
623.8993
 10
2238.0296
 20
627.6683
 10
2240.3706
 20
631.3199
 10
2242.8798
 20
634.8484
 10
2245.5516
 20
638.2484
 10
2248.3804
 20
641.514
 10
2251.3604
 20
644.6396
 10
2254.486
 20
647.6196
 10
2257.7516
 20
650.4484
 10
2261.1516
 20
653.1202
 10
2264.6801
 20
655.6294
 10
2268.3317
 20
657.9704
 10
2272.1007
 20
660.1375
 10
2275.9813
 20
662.125
 10
2279.9679
 20
663.9274
 10
2284.055
 20
665.5388
 10
2288.2368
 20
666.9538
 10
2292.5076
 20
668.1666
 10
2296.8619
 20
669.1715
 10
2301.2939
 20
669.963
 10
2305.798
 20
670.5353
 10
2310.3686
 20
670.8829
 10
2315.0
 20
671.0
 10
2319.6314
 20
670.8829
 10
2324.202
 20
670.5353
 10
2328.7061
 20
669.963
 10
2333.1381
 20
669.1715
 10
2337.4924
 20
668.1666
 10
2341.7632
 20
666.9538
 10
2345.945
 20
665.5388
 10
2350.0321
 20
663.9274
 10
2354.0187
 20
662.125
 10
2357.8993
 20
660.1375
 10
2361.6683
 20
657.9704
 10
2365.3199
 20
655.6294
 10
2368.8484
 20
653.1202
 10
2372.2484
 20
650.4484
 10
2375.514
 20
647.6196
 10
2378.6396
 20
644.6396
 10
2381.6196
 20
641.514
 10
2384.4484
 20
638.2484
 10
2387.1202
 20
634.8484
 10
2389.6294
 20
631.3199
 10
2391.9704
 20
627.6683
 10
2394.1375
 20
623.8993
 10
2396.125
 20
620.0187
 10
2397.9274
 20
616.0321
 10
2399.5388
 20
611.945
 10
2400.9538
 20
607.7632
 10
2402.1666
 20
603.4924
 10
2403.1715
 20
599.1381
 10
2403.963
 20
594.7061
 10
2404.5353
 20
590.202
 10
2404.8829
 20
585.6314
 10
2405.0
 20
581.0
  0
TEXT
  5
AD
330
17
100
AcDbEntity
  8
ETCH
100
AcDbText
 10
2315.0
 20
584.8594900522511
 30
0.0
 40
24.0
  1
P003
 72
1
 11
2315.0
 21
584.8594900522511
 31
0.0
100
AcDbText
 73
2
  0
LWPOLYLINE
  5
AE
330
17
100
AcDbEntity
  8
CUT
100
AcDbPolyline
 90
129
 70
1
 10
1637.0
 20
795.0
 10
1636.8048
 20
787.281
 10
1636.2256
 20
779.6634
 10
1635.2717
 20
772.1565
 10
1633.9525
 20
764.7698
 10
1632.2776
 20
757.5127
 10
1630.2563
 20
750.3946
 10
1627.898
 20
743.425
 10
1625.2123
 20
736.6132
 10
1622.2084
 20
729.9688
 10
1618.8958
 20
723.5011
 10
1615.284
 20
717.2195
 10
1611.3824
 20
711.1336
 10
1607.2003
 20
705.2526
 10
1602.7473
 20
699.5861
 10
1598.0327
 20
694.1434
 10
1593.066
 20
688.934
 10
1587.8566
 20
683.9673
 10
1582.4139
 20
679.2527
 10
1576.7474
 20
674.7997
 10
1570.8664
 20
670.6176
 10
1564.7805
 20
666.716
 10
1558.4989
 20
663.1042
 10
1552.0312
 20
659.7916
 10
1545.3868
 20
656.7877
 10
1538.575
 20
654.102
 10
1531.6054
 20
651.7437
 10
1524.4873
 20
649.7224
 10
1517.2302
 20
648.0475
 10
1509.8435
 20
646.7283
 10
1502.3366
 20
645.7744
 10
1494.719
 20
645.1952
 10
1487.0
 20
645.0
 10
1479.281
 20
645.1952
 10
1471.6634
 20
645.7744
 10
1464.1565
 20
646.7283
 10
1456.7698
 20
648.0475
 10
1449.5127
 20
649.7224
 10
1442.3946
 20
651.7437
 10
1435.425
 20
654.102
 10
1428.6132
 20
656.7877
 10
1421.9688
 20
659.7916
 10
1415.5011
 20
663.1042
 10
1409.2195
 20
666.716
 10
1403.1336
 20
670.6176
 10
1397.2526
 20
674.7997
 10
1391.5861
 20
679.2527
 10
1386.1434
 20
683.9673
 10
1380.934
 20
688.934
 10
1375.9673
 20
694.1434
 10
1371.2527
 20
699.5861
 10
1366.7997
 20
705.2526
 10
1362.6176
 20
711.1336
 10
1358.716
 20
717.2195
 10
1355.1042
 20
723.5011
 10
1351.7916
 20
729.9688
 10
1348.7877
 20
736.6132
 10
1346.102
 20
743.425
 10
1343.7437
 20
750.3946
 10
1341.7224
 20
757.5127
 10
1340.0475
 20
764.7698
 10
1338.7283
 20
772.1565
 10
1337.7744
 20
779.6634
 10
1337.1952
 20
787.281
 10
1337.0
 20
795.0
 10
1337.1952
 20
802.719
 10
1337.7744
 20
810.3366
 10
1338.7283
 20
817.8435
 10
1340.0475
 20
825.2302
 10
1341.7224
 20
832.4873
 10
1343.7437
 20
839.6054
 10
1346.102
 20
846.575
 10
1348.7877
 20
853.3868
 10
1351.7916
 20
860.0312
 10
1355.1042
 20
866.4989
 10
1358.716
 20
872.7805
 10
1362.6176
 20
878.8664
 10
1366.7997
 20
884.7474
 10
1371.2527
 20
890.4139
 10
1375.9673
 20
895.8566
 10
1380.934
 20
901.066
 10
1386.1434
 20
906.0327
 10
1391.5861
 20
910.7473
 10
1397.2526
 20
915.2003
 10
1403.1336
 20
919.3824
 10
1409.2195
 20
923.284
 10
1415.5011
 20
926.8958
 10
1421.9688
 20
930.2084
 10
1428.6132
 20
933.2123
 10
1435.425
 20
935.898
 10
1442.3946
 20
938.2563
 10
1449.5127
 20
940.2776
 10
1456.7698
 20
941.9525
 10
1464.1565
 20
943.2717
 10
1471.6634
 20
944.2256
 10
1479.281
 20
944.8048
 10
1487.0
 20
945.0
 10
1494.719
 20
944.8048
 10
1502.3366
 20
944.2256
 10
1509.8435
 20
943.2717
 10
1517.2302
 20
941.9525
 10
1524.4873
 20
940.2776
 10
1531.6054
 20
938.2563
 10
1538.575
 20
935.898
 10
1545.3868
 20
933.2123
 10
1552.0312
 20
930.2084
 10
1558.4989
 20
926.8958
 10
1564.7805
 20
923.284
 10
1570.8664
 20
919.3824
 10
1576.7474
 20
915.2003
 10
1582.4139
 20
910.7473
 10
1587.8566
 20
906.0327
 10
1593.066
 20
901.066
 10
1598.0327
 20
895.8566
 10
1602.7473
 20
890.4139
 10
1607.2003
 20
884.7474
 10
1611.3824
 20
878.8664
 10
1615.284
 20
872.7805
 10
1618.8958
 20
866.4989
 10
1622.2084
 20
860.0312
 10
1625.2123
 20
853.3868
 10
1627.898
 20
846.575
 10
1630.2563
 20
839.6054
 10
1632.2776
 20
832.4873
 10
1633.9525
 20
825.2302
 10
1635.2717
 20
817.8435
 10
1636.2256
 20
810.3366
 10
1636.8048
 20
802.719
 10
1637.0
 20
795.0
  0
LWPOLYLINE
  5
AF
330
17
100
AcDbEntity
  8
CUT
100
AcDbPolyline
 90
129
 70
1
 10
1577.0
 20
795.0
 10
1576.8829
 20
790.3686
 10
1576.5353
 20
785.798
 10
1575.963
 20
781.2939
 10
1575.1715
 20
776.8619
 10
1574.1666
 20
772.5076
 10
1572.9538
 20
768.2368
 10
1571.5388
 20
764.055
 10
1569.9274
 20
759.9679
 10
1568.125
 20
755.9813
 10
1566.1375
 20
752.1007
 10
1563.9704
 20
748.3317
 10
1561.6294
 20
744.6801
 10
1559.1202
 20
741.1516
 10
1556.4484
 20
737.7516
 10
1553.6196
 20
734.486
 10
1550.6396
 20
731.3604
 10
1547.514
 20
728.3804
 10
1544.2484
 20
725.5516
 10
1540.8484
 20
722.8798
 10
1537.3199
 20
720.3706
 10
1533.6683
 20
718.0296
 10
1529.8993
 20
715.8625
 10
1526.0187
 20
713.875
 10
1522.0321
 20
712.0726
 10
1517.945
 20
710.4612
 10
1513.7632
 20
709.0462
 10
1509.4924
 20
707.8334
 10
1505.1381
 20
706.8285
 10
1500.7061
 20
706.037
 10
1496.202
 20
705.4647
 10
1491.6314
 20
705.1171
 10
1487.0
 20
705.0
 10
1482.3686
 20
705.1171
 10
1477.798
 20
705.4647
 10
1473.2939
 20
706.037
 10
1468.8619
 20
706.8285
 10
1464.5076
 20
707.8334
 10
1460.2368
 20
709.0462
 10
1456.055
 20
710.4612
 10
1451.9679
 20
712.0726
 10
1447.9813
 20
713.875
 10
1444.1007
 20
715.8625
 10
1440.3317
 20
718.0296
 10
1436.6801
 20
720.3706
 10
1433.1516
 20
722.8798
 10
1429.7516
 20
725.5516
 10
1426.486
 20
728.3804
 10
1423.3604
 20
731.3604
 10
1420.3804
 20
734.486
 10
1417.5516
 20
737.7516
 10
1414.8798
 20
741.1516
 10
1412.3706
 20
744.6801
 10
1410.0296
 20
748.3317
 10
1407.8625
 20
752.1007
 10
1405.875
 20
755.9813
 10
1404.0726
 20
759.9679
 10
1402.4612
 20
764.055
 10
1401.0462
 20
768.2368
 10
1399.8334
 20
772.5076
 10
1398.8285
 20
776.8619
 10
1398.037
 20
781.2939
 10
1397.4647
 20
785.798
 10
1397.1171
 20
790.3686
 10
1397.0
 20
795.0
 10
1397.1171
 20
799.6314
 10
1397.4647
 20
804.202
 10
1398.037
 20
808.7061
 10
1398.8285
 20
813.1381
 10
1399.8334
 20
817.4924
 10
1401.0462
 20
821.7632
 10
1402.4612
 20
825.945
 10
1404.0726
 20
830.0321
 10
1405.875
 20
834.0187
 10
1407.8625
 20
837.8993
 10
1410.0296
 20
841.6683
 10
1412.3706
 20
845.3199
 10
1414.8798
 20
848.8484
 10
1417.5516
 20
852.2484
 10
1420.3804
 20
855.514
 10
1423.3604
 20
858.6396
 10
1426.486
 20
861.6196
 10
1429.7516
 20
864.4484
 10
1433.1516
 20
867.1202
 10
1436.6801
 20
869.6294
 10
1440.3317
 20
871.9704
 10
1444.1007
 20
874.1375
 10
1447.9813
 20
876.125
 10
1451.9679
 20
877.9274
 10
1456.055
 20
879.5388
 10
1460.2368
 20
880.9538
 10
1464.5076
 20
882.1666
 10
1468.8619
 20
883.1715
 10
1473.2939
 20
883.963
 10
1477.798
 20
884.5353
 10
1482.3686
 20
884.8829
 10
1487.0
 20
885.0
 10
1491.6314
 20
884.8829
 10
1496.202
 20
884.5353
 10
1500.7061
 20
883.963
 10
1505.1381
 20
883.1715
 10
1509.4924
 20
882.1666
 10
1513.7632
 20
880.9538
 10
1517.945
 20
879.5388
 10
1522.0321
 20
877.9274
 10
1526.0187
 20
876.125
 10
1529.8993
 20
874.1375
 10
1533.6683
 20
871.9704
 10
1537.3199
 20
869.6294
 10
1540.8484
 20
867.1202
 10
1544.2484
 20
864.4484
 10
1547.514
 20
861.6196
 10
1550.6396
 20
858.6396
 10
1553.6196
 20
855.514
 10
1556.4484
 20
852.2484
 10
1559.1202
 20
848.8484
 10
1561.6294
 20
845.3199
 10
1563.9704
 20
841.6683
 10
1566.1375
 20
837.8993
 10
1568.125
 20
834.0187
 10
1569.9274
 20
830.0321
 10
1571.5388
 20
825.945
 10
1572.9538
 20
821.7632
 10
1574.1666
 20
817.4924
 10
1575.1715
 20
813.1381
 10
1575.963
 20
808.7061
 10
1576.5353
 20
804.202
 10
1576.8829
 20
799.6314
 10
1577.0
 20
795.0
  0
TEXT
  5
B0
330
17
100
AcDbEntity
  8
ETCH
100
AcDbText
 10
1487.0
 20
798.8594900522511
 30
0.0
 40
24.0
  1
P003
 72
1
 11
1487.0
 21
798.8594900522511
 31
0.0
100
AcDbText
 73
2
  0
LWPOLYLINE
  5
B1
330
17
100
AcDbEntity
  8
CUT
100
AcDbPolyline
 90
129
 70
1
 10
1951.0
 20
795.0
 10
1950.8048
 20
787.281
 10
1950.2256
 20
779.6634
 10
1949.2717
 20
772.1565
 10
1947.9525
 20
764.7698
 10
1946.2776
 20
757.5127
 10
1944.2563
 20
750.3946
 10
1941.898
 20
743.425
 10
1939.2123
 20
736.6132
 10
1936.2084
 20
729.9688
 10
1932.8958
 20
723.5011
 10
1929.284
 20
717.2195
 10
1925.3824
 20
711.1336
 10
1921.2003
 20
705.2526
 10
1916.7473
 20
699.5861
 10
1912.0327
 20
694.1434
 10
1907.066
 20
688.934
 10
1901.8566
 20
683.9673
 10
1896.4139
 20
679.2527
 10
1890.7474
 20
674.7997
 10
1884.8664
 20
670.6176
 10
1878.7805
 20
666.716
 10
1872.4989
 20
663.1042
 10
1866.0312
 20
659.7916
 10
1859.3868
 20
656.7877
 10
1852.575
 20
654.102
 10
1845.6054
 20
651.7437
 10
1838.4873
 20
649.7224
 10
1831.2302
 20
648.0475
 10
1823.8435
 20
646.7283
 10
1816.3366
 20
645.7744
 10
1808.719
 20
645.1952
 10
1801.0
 20
645.0
 10
1793.281
 20
645.1952
 10
1785.6634
 20
645.7744
 10
1778.1565
 20
646.7283
 10
1770.7698
 20
648.0475
 10
1763.5127
 20
649.7224
 10
1756.3946
 20
651.7437
 10
1749.425
 20
654.102
 10
1742.6132
 20
656.7877
 10
1735.9688
 20
659.7916
 10
1729.5011
 20
663.1042
 10
1723.2195
 20
666.716
 10
1717.1336
 20
670.6176
 10
1711.2526
 20
674.7997
 10
1705.5861
 20
679.2527
 10
1700.1434
 20
683.9673
 10
1694.934
 20
688.934
 10
1689.9673
 20
694.1434
 10
1685.2527
 20
699.5861
 10
1680.7997
 20
705.2526
 10
1676.6176
 20
711.1336
 10
1672.716
 20
717.2195
 10
1669.1042
 20
723.5011
 10
1665.7916
 20
729.9688
 10
1662.7877
 20
736.6132
 10
1660.102
 20
743.425
 10
1657.7437
 20
750.3946
 10
1655.7224
 20
757.5127
 10
1654.0475
 20
764.7698
 10
1652.7283
 20
772.1565
 10
1651.7744
 20
779.6634
 10
1651.1952
 20
787.281
 10
1651.0
 20
795.0
 10
1651.1952
 20
802.719
 10
1651.7744
 20
810.3366
 10
1652.7283
 20
817.8435
 10
1654.0475
 20
825.2302
 10
1655.7224
 20
832.4873
 10
1657.7437
 20
839.6054
 10
1660.102
 20
846.575
 10
1662.7877
 20
853.3868
 10
1665.7916
 20
860.0312
 10
1669.1042
 20
866.4989
 10
1672.716
 20
872.7805
 10
1676.6176
 20
878.8664
 10
1680.7997
 20
884.7474
 10
1685.2527
 20
890.4139
 10
1689.9673
 20
895.8566
 10
1694.934
 20
901.066
 10
1700.1434
 20
906.0327
 10
1705.5861
 20
910.7473
 10
1711.2526
 20
915.2003
 10
1717.1336
 20
919.3824
 10
1723.2195
 20
923.284
 10
1729.5011
 20
926.8958
 10
1735.9688
 20
930.2084
 10
1742.6132
 20
933.2123
 10
1749.425
 20
935.898
 10
1756.3946
 20
938.2563
 10
1763.5127
 20
940.2776
 10
1770.7698
 20
941.9525
 10
1778.1565
 20
943.2717
 10
1785.6634
 20
944.2256
 10
1793.281
 20
944.8048
 10
1801.0
 20
945.0
 10
1808.719
 20
944.8048
 10
1816.3366
 20
944.2256
 10
1823.8435
 20
943.2717
 10
1831.2302
 20
941.9525
 10
1838.4873
 20
940.2776
 10
1845.6054
 20
938.2563
 10
1852.575
 20
935.898
 10
1859.3868
 20
933.2123
 10
1866.0312
 20
930.2084
 10
1872.4989
 20
926.8958
 10
1878.7805
 20
923.284
 10
1884.8664
 20
919.3824
 10
1890.7474
 20
915.2003
 10
1896.4139
 20
910.7473
 10
1901.8566
 20
906.0327
 10
1907.066
 20
901.066
 10
1912.0327
 20
895.8566
 10
1916.7473
 20
890.4139
 10
1921.2003
 20
884.7474
 10
1925.3824
 20
878.8664
 10
1929.284
 20
872.7805
 10
1932.8958
 20
866.4989
 10
1936.2084
 20
860.0312
 10
1939.2123
 20
853.3868
 10
1941.898
 20
846.575
 10
1944.2563
 20
839.6054
 10
1946.2776
 20
832.4873
 10
1947.9525
 20
825.2302
 10
1949.2717
 20
817.8435
 10
1950.2256
 20
810.3366
 10
1950.8048
 20
802.719
 10
1951.0
 20
795.0
  0
LWPOLYLINE
  5
B2
330
17
100
AcDbEntity
  8
CUT
100
AcDbPolyline
 90
129
 70
1
 10
1891.0
 20
795.0
 10
1890.8829
 20
790.3686
 10
1890.5353
 20
785.798
 10
1889.963
 20
781.2939
 10
1889.1715
 20
776.8619
 10
1888.1666
 20
772.5076
 10
1886.9538
 20
768.2368
 10
1885.5388
 20
764.055
 10
1883.9274
 20
759.9679
 10
1882.125
 20
755.9813
 10
1880.1375
 20
752.1007
 10
1877.9704
 20
748.3317
 10
1875.6294
 20
744.6801
 10
1873.1202
 20
741.1516
 10
1870.4484
 20
737.7516
 10
1867.6196
 20
734.486
 10
1864.6396
 20
731.3604
 10
1861.514
 20
728.3804
 10
1858.2484
 20
725.5516
 10
1854.8484
 20
722.8798
 10
1851.3199
 20
720.3706
 10
1847.6683
 20
718.0296
 10
1843.8993
 20
715.8625
 10
1840.0187
 20
713.875
 10
1836.0321
 20
712.0726
 10
1831.945
 20
710.4612
 10
1827.7632
 20
709.0462
 10
1823.4924
 20
707.8334
 10
1819.1381
 20
706.8285
 10
1814.7061
 20
706.037
 10
1810.202
 20
705.4647
 10
1805.6314
 20
705.1171
 10
1801.0
 20
705.0
 10
1796.3686
 20
705.1171
 10
1791.798
 20
705.4647
 10
1787.2939
 20
706.037
 10
1782.8619
 20
706.8285
 10
1778.5076
 20
707.8334
 10
1774.2368
 20
709.0462
 10
1770.055
 20
710.4612
 10
1765.9679
 20
712.0726
 10
1761.9813
 20
713.875
 10
1758.1007
 20
715.8625
 10
1754.3317
 20
718.0296
 10
1750.6801
 20
720.3706
 10
1747.1516
 20
722.8798
 10
1743.7516
 20
725.5516
 10
1740.486
 20
728.3804
 10
1737.3604
 20
731.3604
 10
1734.3804
 20
734.486
 10
1731.5516
 20
737.7516
 10
1728.8798
 20
741.1516
 10
1726.3706
 20
744.6801
 10
1724.0296
 20
748.3317
 10
1721.8625
 20
752.1007
 10
1719.875
 20
755.9813
 10
1718.0726
 20
759.9679
 10
1716.4612
 20
764.055
 10
1715.0462
 20
768.2368
 10
1713.8334
 20
772.5076
 10
1712.8285
 20
776.8619
 10
1712.037
 20
781.2939
 10
1711.4647
 20
785.798
 10
1711.1171
 20
790.3686
 10
1711.0
 20
795.0
 10
1711.1171
 20
799.6314
 10
1711.4647
 20
804.202
 10
1712.037
 20
808.7061
 10
1712.8285
 20
813.1381
 10
1713.8334
 20
817.4924
 10
1715.0462
 20
821.7632
 10
1716.4612
 20
825.945
 10
1718.0726
 20
830.0321
 10
1719.875
 20
834.0187
 10
1721.8625
 20
837.8993
 10
1724.0296
 20
841.6683
 10
1726.3706
 20
845.3199
 10
1728.8798
 20
848.8484
 10
1731.5516
 20
852.2484
 10
1734.3804
 20
855.514
 10
1737.3604
 20
858.6396
 10
1740.486
 20
861.6196
 10
1743.7516
 20
864.4484
 10
1747.1516
 20
867.1202
 10
1750.6801
 20
869.6294
 10
1754.3317
 20
871.9704
 10
1758.1007
 20
874.1375
 10
1761.9813
 20
876.125
 10
1765.9679
 20
877.9274
 10
1770.055
 20
879.5388
 10
1774.2368
 20
880.9538
 10
1778.5076
 20
882.1666
 10
1782.8619
 20
883.1715
 10
1787.2939
 20
883.963
 10
1791.798
 20
884.5353
 10
1796.3686
 20
884.8829
 10
1801.0
 20
885.0
 10
1805.6314
 20
884.8829
 10
1810.202
 20
884.5353
 10
1814.7061
 20
883.963
 10
1819.1381
 20
883.1715
 10
1823.4924
 20
882.1666
 10
1827.7632
 20
880.9538
 10
1831.945
 20
879.5388
 10
1836.0321
 20
877.9274
 10
1840.0187
 20
876.125
 10
1843.8993
 20
874.1375
 10
1847.6683
 20
871.9704
 10
1851.3199
 20
869.6294
 10
1854.8484
 20
867.1202
 10
1858.2484
 20
864.4484
 10
1861.514
 20
861.6196
 10
1864.6396
 20
858.6396
 10
1867.6196
 20
855.514
 10
1870.4484
 20
852.2484
 10
1873.1202
 20
848.8484
 10
1875.6294
 20
845.3199
 10
1877.9704
 20
841.6683
 10
1880.1375
 20
837.8993
 10
1882.125
 20
834.0187
 10
1883.9274
 20
830.0321
 10
1885.5388
 20
825.945
 10
1886.9538
 20
821.7632
 10
1888.1666
 20
817.4924
 10
1889.1715
 20
813.1381
 10
1889.963
 20
808.7061
 10
1890.5353
 20
804.202
 10
1890.8829
 20
799.6314
 10
1891.0
 20
795.0
  0
TEXT
  5
B3
330
17
100
AcDbEntity
  8
ETCH
100
AcDbText
 10
1801.0
 20
798.8594900522511
 30
0.0
 40
24.0
  1
P003
 72
1
 11
1801.0
 21
798.8594900522511
 31
0.0
100
AcDbText
 73
2
  0
LWPOLYLINE
  5
B4
330
17
100
AcDbEntity
  8
CUT
100
AcDbPolyline
 90
129
 70
1
 10
2265.0
 20
895.0
 10
2264.8048
 20
887.281
 10
2264.2256
 20
879.6634
 10
2263.2717
 20
872.1565
 10
2261.9525
 20
864.7698
 10
2260.2776
 20
857.5127
 10
2258.2563
 20
850.3946
 10
2255.898
 20
843.425
 10
2253.2123
 20
836.6132
 10
2250.2084
 20
829.9688
 10
2246.8958
 20
823.5011
 10
2243.284
 20
817.2195
 10
2239.3824
 20
811.1336
 10
2235.2003
 20
805.2526
 10
2230.7473
 20
799.5861
 10
2226.0327
 20
794.1434
 10
2221.066
 20
788.934
 10
2215.8566
 20
783.9673
 10
2210.4139
 20
779.2527
 10
2204.7474
 20
774.7997
 10
2198.8664
 20
770.6176
 10
2192.7805
 20
766.716
 10
2186.4989
 20
763.1042
 10
2180.0312
 20
759.7916
 10
2173.3868
 20
756.7877
 10
2166.575
 20
754.102
 10
2159.6054
 20
751.7437
 10
2152.4873
 20
749.7224
 10
2145.2302
 20
748.0475
 10
2137.8435
 20
746.7283
 10
2130.3366
 20
745.7744
 10
2122.719
 20
745.1952
 10
2115.0
 20
745.0
 10
2107.281
 20
745.1952
 10
2099.6634
 20
745.7744
 10
2092.1565
 20
746.7283
 10
2084.7698
 20
748.0475
 10
2077.5127
 20
749.7224
 10
2070.3946
 20
751.7437
 10
2063.425
 20
754.102
 10
2056.6132
 20
756.7877
 10
2049.9688
 20
759.7916
 10
2043.5011
 20
763.1042
 10
2037.2195
 20
766.716
 10
2031.1336
 20
770.6176
 10
2025.2526
 20
774.7997
 10
2019.5861
 20
779.2527
 10
2014.1434
 20
783.9673
 10
2008.934
 20
788.934
 10
2003.9673
 20
794.1434
 10
1999.2527
 20
799.5861
 10
1994.7997
 20
805.2526
 10
1990.6176
 20
811.1336
 10
1986.716
 20
817.2195
 10
1983.1042
 20
823.5011
 10
1979.7916
 20
829.9688
 10
1976.7877
 20
836.6132
 10
1974.102
 20
843.425
 10
1971.7437
 20
850.3946
 10
1969.7224
 20
857.5127
 10
1968.0475
 20
864.7698
 10
1966.7283
 20
872.1565
 10
1965.7744
 20
879.6634
 10
1965.1952
 20
887.281
 10
1965.0
 20
895.0
 10
1965.1952
 20
902.719
 10
1965.7744
 20
910.3366
 10
1966.7283
 20
917.8435
 10
1968.0475
 20
925.2302
 10
1969.7224
 20
932.4873
 10
1971.7437
 20
939.6054
 10
1974.102
 20
946.575
 10
1976.7877
 20
953.3868
 10
1979.7916
 20
960.0312
 10
1983.1042
 20
966.4989
 10
1986.716
 20
972.7805
 10
1990.6176
 20
978.8664
 10
1994.7997
 20
984.7474
 10
1999.2527
 20
990.4139
 10
2003.9673
 20
995.8566
 10
2008.934
 20
1001.066
 10
2014.1434
 20
1006.0327
 10
2019.5861
 20
1010.7473
 10
2025.2526
 20
1015.2003
 10
2031.1336
 20
1019.3824
 10
2037.2195
 20
1023.284
 10
2043.5011
 20
1026.8958
 10
2049.9688
 20
1030.2084
 10
2056.6132
 20
1033.2123
 10
2063.425
 20
1035.898
 10
2070.3946
 20
1038.2563
 10
2077.5127
 20
1040.2776
 10
2084.7698
 20
1041.9525
 10
2092.1565
 20
1043.2717
 10
2099.6634
 20
1044.2256
 10
2107.281
 20
1044.8048
 10
2115.0
 20
1045.0
 10
2122.719
 20
1044.8048
 10
2130.3366
 20
1044.2256
 10
2137.8435
 20
1043.2717
 10
2145.2302
 20
1041.9525
 10
2152.4873
 20
1040.2776
 10
2159.6054
 20
1038.2563
 10
2166.575
 20
1035.898
 10
2173.3868
 20
1033.2123
 10
2180.0312
 20
1030.2084
 10
2186.4989
 20
1026.8958
 10
2192.7805
 20
1023.284
 10
2198.8664
 20
1019.3824
 10
2204.7474
 20
1015.2003
 10
2210.4139
 20
1010.7473
 10
2215.8566
 20
1006.0327
 10
2221.066
 20
1001.066
 10
2226.0327
 20
995.8566
 10
2230.7473
 20
990.4139
 10
2235.2003
 20
984.7474
 10
2239.3824
 20
978.8664
 10
2243.284
 20
972.7805
 10
2246.8958
 20
966.4989
 10
2250.2084
 20
960.0312
 10
2253.2123
 20
953.3868
 10
2255.898
 20
946.575
 10
2258.2563
 20
939.6054
 10
2260.2776
 20
932.4873
 10
2261.9525
 20
925.2302
 10
2263.2717
 20
917.8435
 10
2264.2256
 20
910.3366
 10
2264.8048
 20
902.719
 10
2265.0
 20
895.0
  0
LWPOLYLINE
  5
B5
330
17
100
AcDbEntity
  8
CUT
100
AcDbPolyline
 90
129
 70
1
 10
2205.0
 20
895.0
 10
2204.8829
 20
890.3686
 10
2204.5353
 20
885.798
 10
2203.963
 20
881.2939
 10
2203.1715
 20
876.8619
 10
2202.1666
 20
872.5076
 10
2200.9538
 20
868.2368
 10
2199.5388
 20
864.055
 10
2197.9274
 20
859.9679
 10
2196.125
 20
855.9813
 10
2194.1375
 20
852.1007
 10
2191.9704
 20
848.3317
 10
2189.6294
 20
844.6801
 10
2187.1202
 20
841.1516
 10
2184.4484
 20
837.7516
 10
2181.6196
 20
834.486
 10
2178.6396
 20
831.3604
 10
2175.514
 20
828.3804
 10
2172.2484
 20
825.5516
 10
2168.8484
 20
822.8798
 10
2165.3199
 20
820.3706
 10
2161.6683
 20
818.0296
 10
2157.8993
 20
815.8625
 10
2154.0187
 20
813.875
 10
2150.0321
 20
812.0726
 10
2145.945
 20
810.4612
 10
2141.7632
 20
809.0462
 10
2137.4924
 20
807.8334
 10
2133.1381
 20
806.8285
 10
2128.7061
 20
806.037
 10
2124.202
 20
805.4647
 10
2119.6314
 20
805.1171
 10
2115.0
 20
805.0
 10
2110.3686
 20
805.1171
 10
2105.798
 20
805.4647
 10
2101.2939
 20
806.037
 10
2096.8619
 20
806.8285
 10
2092.5076
 20
807.8334
 10
2088.2368
 20
809.0462
 10
2084.055
 20
810.4612
 10
2079.9679
 20
812.0726
 10
2075.9813
 20
813.875
 10
2072.1007
 20
815.8625
 10
2068.3317
 20
818.0296
 10
2064.6801
 20
820.3706
 10
2061.1516
 20
822.8798
 10
2057.7516
 20
825.5516
 10
2054.486
 20
828.3804
 10
2051.3604
 20
831.3604
 10
2048.3804
 20
834.486
 10
2045.5516
 20
837.7516
 10
2042.8798
 20
841.1516
 10
2040.3706
 20
844.6801
 10
2038.0296
 20
848.3317
 10
2035.8625
 20
852.1007
 10
2033.875
 20
855.9813
 10
2032.0726
 20
859.9679
 10
2030.4612
 20
864.055
 10
2029.0462
 20
868.2368
 10
2027.8334
 20
872.5076
 10
2026.8285
 20
876.8619
 10
2026.037
 20
881.2939
 10
2025.4647
 20
885.798
 10
2025.1171
 20
890.3686
 10
2025.0
 20
895.0
 10
2025.1171
 20
899.6314
 10
2025.4647
 20
904.202
 10
2026.037
 20
908.7061
 10
2026.8285
 20
913.1381
 10
2027.8334
 20
917.4924
 10
2029.0462
 20
921.7632
 10
2030.4612
 20
925.945
 10
2032.0726
 20
930.0321
 10
2033.875
 20
934.0187
 10
2035.8625
 20
937.8993
 10
2038.0296
 20
941.6683
 10
2040.3706
 20
945.3199
 10
2042.8798
 20
948.8484
 10
2045.5516
 20
952.2484
 10
2048.3804
 20
955.514
 10
2051.3604
 20
958.6396
 10
2054.486
 20
961.6196
 10
2057.7516
 20
964.4484
 10
2061.1516
 20
967.1202
 10
2064.6801
 20
969.6294
 10
2068.3317
 20
971.9704
 10
2072.1007
 20
974.1375
 10
2075.9813
 20
976.125
 10
2079.9679
 20
977.9274
 10
2084.055
 20
979.5388
 10
2088.2368
 20
980.9538
 10
2092.5076
 20
982.1666
 10
2096.8619
 20
983.1715
 10
2101.2939
 20
983.963
 10
2105.798
 20
984.5353
 10
2110.3686
 20
984.8829
 10
2115.0
 20
985.0
 10
2119.6314
 20
984.8829
 10
2124.202
 20
984.5353
 10
2128.7061
 20
983.963
 10
2133.1381
 20
983.1715
 10
2137.4924
 20
982.1666
 10
2141.7632
 20
980.9538
 10
2145.945
 20
979.5388
 10
2150.0321
 20
977.9274
 10
2154.0187
 20
976.125
 10
2157.8993
 20
974.1375
 10
2161.6683
 20
971.9704
 10
2165.3199
 20
969.6294
 10
2168.8484
 20
967.1202
 10
2172.2484
 20
964.4484
 10
2175.514
 20
961.6196
 10
2178.6396
 20
958.6396
 10
2181.6196
 20
955.514
 10
2184.4484
 20
952.2484
 10
2187.1202
 20
948.8484
 10
2189.6294
 20
945.3199
 10
2191.9704
 20
941.6683
 10
2194.1375
 20
937.8993
 10
2196.125
 20
934.0187
 10
2197.9274
 20
930.0321
 10
2199.5388
 20
925.945
 10
2200.9538
 20
921.7632
 10
2202.1666
 20
917.4924
 10
2203.1715
 20
913.1381
 10
2203.963
 20
908.7061
 10
2204.5353
 20
904.202
 10
2204.8829
 20
899.6314
 10
2205.0
 20
895.0
  0
TEXT
  5
B6
330
17
100
AcDbEntity
  8
ETCH
100
AcDbText
 10
2115.0
 20
898.8594900522511
 30
0.0
 40
24.0
  1
P003
 72
1
 11
2115.0
 21
898.8594900522511
 31
0.0
100
AcDbText
 73
2
  0
LWPOLYLINE
  5
B7
330
17
100
AcDbEntity
  8
CUT
100
AcDbPolyline
 90
129
 70
1
 10
1637.0
 20
1109.0
 10
1636.8048
 20
1101.281
 10
1636.2256
 20
1093.6634
 10
1635.2717
 20
1086.1565
 10
1633.9525
 20
1078.7698
 10
1632.2776
 20
1071.5127
 10
1630.2563
 20
1064.3946
 10
1627.898
 20
1057.425
 10
1625.2123
 20
1050.6132
 10
1622.2084
 20
1043.9688
 10
1618.8958
 20
1037.5011
 10
1615.284
 20
1031.2195
 10
1611.3824
 20
1025.1336
 10
1607.2003
 20
1019.2526
 10
1602.7473
 20
1013.5861
 10
1598.0327
 20
1008.1434
 10
1593.066
 20
1002.934
 10
1587.8566
 20
997.9673
 10
1582.4139
 20
993.2527
 10
1576.7474
 20
988.7997
 10
1570.8664
 20
984.6176
 10
1564.7805
 20
980.716
 10
1558.4989
 20
977.1042
 10
1552.0312
 20
973.7916
 10
1545.3868
 20
970.7877
 10
1538.575
 20
968.102
 10
1531.6054
 20
965.7437
 10
1524.4873
 20
963.7224
 10
1517.2302
 20
962.0475
 10
1509.8435
 20
960.7283
 10
1502.3366
 20
959.7744
 10
1494.719
 20
959.1952
 10
1487.0
 20
959.0
 10
1479.281
 20
959.1952
 10
1471.6634
 20
959.7744
 10
1464.1565
 20
960.7283
 10
1456.7698
 20
962.0475
 10
1449.5127
 20
963.7224
 10
1442.3946
 20
965.7437
 10
1435.425
 20
968.102
 10
1428.6132
 20
970.7877
 10
1421.9688
 20
973.7916
 10
1415.5011
 20
977.1042
 10
1409.2195
 20
980.716
 10
1403.1336
 20
984.6176
 10
1397.2526
 20
988.7997
 10
1391.5861
 20
993.2527
 10
1386.1434
 20
997.9673
 10
1380.934
 20
1002.934
 10
1375.9673
 20
1008.1434
 10
1371.2527
 20
1013.5861
 10
1366.7997
 20
1019.2526
 10
1362.6176
 20
1025.1336
 10
1358.716
 20
1031.2195
 10
1355.1042
 20
1037.5011
 10
1351.7916
 20
1043.9688
 10
1348.7877
 20
1050.6132
 10
1346.102
 20
1057.425
 10
1343.7437
 20
1064.3946
 10
1341.7224
 20
1071.5127
 10
1340.0475
 20
1078.7698
 10
1338.7283
 20
1086.1565
 10
1337.7744
 20
1093.6634
 10
1337.1952
 20
1101.281
 10
1337.0
 20
1109.0
 10
1337.1952
 20
1116.719
 10
1337.7744
 20
1124.3366
 10
1338.7283
 20
1131.8435
 10
1340.0475
 20
1139.2302
 10
1341.7224
 20
1146.4873
 10
1343.7437
 20
1153.6054
 10
1346.102
 20
1160.575
 10
1348.7877
 20
1167.3868
 10
1351.7916
 20
1174.0312
 10
1355.1042
 20
1180.4989
 10
1358.716
 20
1186.7805
 10
1362.6176
 20
1192.8664
 10
1366.7997
 20
1198.7474
 10
1371.2527
 20
1204.4139
 10
1375.9673
 20
1209.8566
 10
1380.934
 20
1215.066
 10
1386.1434
 20
1220.0327
 10
1391.5861
 20
1224.7473
 10
1397.2526
 20
1229.2003
 10
1403.1336
 20
1233.3824
 10
1409.2195
 20
1237.284
 10
1415.5011
 20
1240.8958
 10
1421.9688
 20
1244.2084
 10
1428.6132
 20
1247.2123
 10
1435.425
 20
1249.898
 10
1442.3946
 20
1252.2563
 10
1449.5127
 20
1254.2776
 10
1456.7698
 20
1255.9525
 10
1464.1565
 20
1257.2717
 10
1471.6634
 20
1258.2256
 10
1479.281
 20
1258.8048
 10
1487.0
 20
1259.0
 10
1494.719
 20
1258.8048
 10
1502.3366
 20
1258.2256
 10
1509.8435
 20
1257.2717
 10
1517.2302
 20
1255.9525
 10
1524.4873
 20
1254.2776
 10
1531.6054
 20
1252.2563
 10
1538.575
 20
1249.898
 10
1545.3868
 20
1247.2123
 10
1552.0312
 20
1244.2084
 10
1558.4989
 20
1240.8958
 10
1564.7805
 20
1237.284
 10
1570.8664
 20
1233.3824
 10
1576.7474
 20
1229.2003
 10
1582.4139
 20
1224.7473
 10
1587.8566
 20
1220.0327
 10
1593.066
 20
1215.066
 10
1598.0327
 20
1209.8566
 10
1602.7473
 20
1204.4139
 10
1607.2003
 20
1198.7474
 10
1611.3824
 20
1192.8664
 10
1615.284
 20
1186.7805
 10
1618.8958
 20
1180.4989
 10
1622.2084
 20
1174.0312
 10
1625.2123
 20
1167.3868
 10
1627.898
 20
1160.575
 10
1630.2563
 20
1153.6054
 10
1632.2776
 20
1146.4873
 10
1633.9525
 20
1139.2302
 10
1635.2717
 20
1131.8435
 10
1636.2256
 20
1124.3366
 10
1636.8048
 20
1116.719
 10
1637.0
 20
1109.0
  0
LWPOLYLINE
  5
B8
330
17
100
AcDbEntity
  8
CUT
100
AcDbPolyline
 90
129
 70
1
 10
1577.0
 20
1109.0
 10
1576.8829
 20
1104.3686
 10
1576.5353
 20
1099.798
 10
1575.963
 20
1095.2939
 10
1575.1715
 20
1090.8619
 10
1574.1666
 20
1086.5076
 10
1572.9538
 20
1082.2368
 10
1571.5388
 20
1078.055
 10
1569.9274
 20
1073.9679
 10
1568.125
 20
1069.9813
 10
1566.1375
 20
1066.1007
 10
1563.9704
 20
1062.3317
 10
1561.6294
 20
1058.6801
 10
1559.1202
 20
1055.1516
 10
1556.4484
 20
1051.7516
 10
1553.6196
 20
1048.486
 10
1550.6396
 20
1045.3604
 10
1547.514
 20
1042.3804
 10
1544.2484
 20
1039.5516
 10
1540.8484
 20
1036.8798
 10
1537.3199
 20
1034.3706
 10
1533.6683
 20
1032.0296
 10
1529.8993
 20
1029.8625
 10
1526.0187
 20
1027.875
 10
1522.0321
 20
1026.0726
 10
1517.945
 20
1024.4612
 10
1513.7632
 20
1023.0462
 10
1509.4924
 20
1021.8334
 10
1505.1381
 20
1020.8285
 10
1500.7061
 20
1020.037
 10
1496.202
 20
1019.4647
 10
1491.6314
 20
1019.1171
 10
1487.0
 20
1019.0
 10
1482.3686
 20
1019.1171
 10
1477.798
 20
1019.4647
 10
1473.2939
 20
1020.037
 10
1468.8619
 20
1020.8285
 10
1464.5076
 20
1021.8334
 10
1460.2368
 20
1023.0462
 10
1456.055
 20
1024.4612
 10
1451.9679
 20
1026.0726
 10
1447.9813
 20
1027.875
 10
1444.1007
 20
1029.8625
 10
1440.3317
 20
1032.0296
 10
1436.6801
 20
1034.3706
 10
1433.1516
 20
1036.8798
 10
1429.7516
 20
1039.5516
 10
1426.486
 20
1042.3804
 10
1423.3604
 20
1045.3604
 10
1420.3804
 20
1048.486
 10
1417.5516
 20
1051.7516
 10
1414.8798
 20
1055.1516
 10
1412.3706
 20
1058.6801
 10
1410.0296
 20
1062.3317
 10
1407.8625
 20
1066.1007
 10
1405.875
 20
1069.9813
 10
1404.0726
 20
1073.9679
 10
1402.4612
 20
1078.055
 10
1401.0462
 20
1082.2368
 10
1399.8334
 20
1086.5076
 10
1398.8285
 20
1090.8619
 10
1398.037
 20
1095.2939
 10
1397.4647
 20
1099.798
 10
1397.1171
 20
1104.3686
 10
1397.0
 20
1109.0
 10
1397.1171
 20
1113.6314
 10
1397.4647
 20
1118.202
 10
1398.037
 20
1122.7061
 10
1398.8285
 20
1127.1381
 10
1399.8334
 20
1131.4924
 10
1401.0462
 20
1135.7632
 10
1402.4612
 20
1139.945
 10
1404.0726
 20
1144.0321
 10
1405.875
 20
1148.0187
 10
1407.8625
 20
1151.8993
 10
1410.0296
 20
1155.6683
 10
1412.3706
 20
1159.3199
 10
1414.8798
 20
1162.8484
 10
1417.5516
 20
1166.2484
 10
1420.3804
 20
1169.514
 10
1423.3604
 20
1172.6396
 10
1426.486
 20
1175.6196
 10
1429.7516
 20
1178.4484
 10
1433.1516
 20
1181.1202
 10
1436.6801
 20
1183.6294
 10
1440.3317
 20
1185.9704
 10
1444.1007
 20
1188.1375
 10
1447.9813
 20
1190.125
 10
1451.9679
 20
1191.9274
 10
1456.055
 20
1193.5388
 10
1460.2368
 20
1194.9538
 10
1464.5076
 20
1196.1666
 10
1468.8619
 20
1197.1715
 10
1473.2939
 20
1197.963
 10
1477.798
 20
1198.5353
 10
1482.3686
 20
1198.8829
 10
1487.0
 20
1199.0
 10
1491.6314
 20
1198.8829
 10
1496.202
 20
1198.5353
 10
1500.7061
 20
1197.963
 10
1505.1381
 20
1197.1715
 10
1509.4924
 20
1196.1666
 10
1513.7632
 20
1194.9538
 10
1517.945
 20
1193.5388
 10
1522.0321
 20
1191.9274
 10
1526.0187
 20
1190.125
 10
1529.8993
 20
1188.1375
 10
1533.6683
 20
1185.9704
 10
1537.3199
 20
1183.6294
 10
1540.8484
 20
1181.1202
 10
1544.2484
 20
1178.4484
 10
1547.514
 20
1175.6196
 10
1550.6396
 20
1172.6396
 10
1553.6196
 20
1169.514
 10
1556.4484
 20
1166.2484
 10
1559.1202
 20
1162.8484
 10
1561.6294
 20
1159.3199
 10
1563.9704
 20
1155.6683
 10
1566.1375
 20
1151.8993
 10
1568.125
 20
1148.0187
 10
1569.9274
 20
1144.0321
 10
1571.5388
 20
1139.945
 10
1572.9538
 20
1135.7632
 10
1574.1666
 20
1131.4924
 10
1575.1715
 20
1127.1381
 10
1575.963
 20
1122.7061
 10
1576.5353
 20
1118.202
 10
1576.8829
 20
1113.6314
 10
1577.0
 20
1109.0
  0
TEXT
  5
B9
330
17
100
AcDbEntity
  8
ETCH
100
AcDbText
 10
1487.0
 20
1112.8594900522512
 30
0.0
 40
24.0
  1
P003
 72
1
 11
1487.0
 21
1112.8594900522512
 31
0.0
100
AcDbText
 73
2
  0
LWPOLYLINE
  5
BA
330
17
100
AcDbEntity
  8
CUT
100
AcDbPolyline
 90
129
 70
1
 10
1951.0
 20
1109.0
 10
1950.8048
 20
1101.281
 10
1950.2256
 20
1093.6634
 10
1949.2717
 20
1086.1565
 10
1947.9525
 20
1078.7698
 10
1946.2776
 20
1071.5127
 10
1944.2563
 20
1064.3946
 10
1941.898
 20
1057.425
 10
1939.2123
 20
1050.6132
 10
1936.2084
 20
1043.9688
 10
1932.8958
 20
1037.5011
 10
1929.284
 20
1031.2195
 10
1925.3824
 20
1025.1336
 10
1921.2003
 20
1019.2526
 10
1916.7473
 20
1013.5861
 10
1912.0327
 20
1008.1434
 10
1907.066
 20
1002.934
 10
1901.8566
 20
997.9673
 10
1896.4139
 20
993.2527
 10
1890.7474
 20
988.7997
 10
1884.8664
 20
984.6176
 10
1878.7805
 20
980.716
 10
1872.4989
 20
977.1042
 10
1866.0312
 20
973.7916
 10
1859.3868
 20
970.7877
 10
1852.575
 20
968.102
 10
1845.6054
 20
965.7437
 10
1838.4873
 20
963.7224
 10
1831.2302
 20
962.0475
 10
1823.8435
 20
960.7283
 10
1816.3366
 20
959.7744
 10
1808.719
 20
959.1952
 10
1801.0
 20
959.0
 10
1793.281
 20
959.1952
 10
1785.6634
 20
959.7744
 10
1778.1565
 20
960.7283
 10
1770.7698
 20
962.0475
 10
1763.5127
 20
963.7224
 10
1756.3946
 20
965.7437
 10
1749.425
 20
968.102
 10
1742.6132
 20
970.7877
 10
1735.9688
 20
973.7916
 10
1729.5011
 20
977.1042
 10
1723.2195
 20
980.716
 10
1717.1336
 20
984.6176
 10
1711.2526
 20
988.7997
 10
1705.5861
 20
993.2527
 10
1700.1434
 20
997.9673
 10
1694.934
 20
1002.934
 10
1689.9673
 20
1008.1434
 10
1685.2527
 20
1013.5861
 10
1680.7997
 20
1019.2526
 10
1676.6176
 20
1025.1336
 10
1672.716
 20
1031.2195
 10
1669.1042
 20
1037.5011
 10
1665.7916
 20
1043.9688
 10
1662.7877
 20
1050.6132
 10
1660.102
 20
1057.425
 10
1657.7437
 20
1064.3946
 10
1655.7224
 20
1071.5127
 10
1654.0475
 20
1078.7698
 10
1652.7283
 20
1086.1565
 10
1651.7744
 20
1093.6634
 10
1651.1952
 20
1101.281
 10
1651.0
 20
1109.0
 10
1651.1952
 20
1116.719
 10
1651.7744
 20
1124.3366
 10
1652.7283
 20
1131.8435
 10
1654.0475
 20
1139.2302
 10
1655.7224
 20
1146.4873
 10
1657.7437
 20
1153.6054
 10
1660.102
 20
1160.575
 10
1662.7877
 20
1167.3868
 10
1665.7916
 20
1174.0312
 10
1669.1042
 20
1180.4989
 10
1672.716
 20
1186.7805
 10
1676.6176
 20
1192.8664
 10
1680.7997
 20
1198.7474
 10
1685.2527
 20
1204.4139
 10
1689.9673
 20
1209.8566
 10
1694.934
 20
1215.066
 10
1700.1434
 20
1220.0327
 10
1705.5861
 20
1224.7473
 10
1711.2526
 20
1229.2003
 10
1717.1336
 20
1233.3824
 10
1723.2195
 20
1237.284
 10
1729.5011
 20
1240.8958
 10
1735.9688
 20
1244.2084
 10
1742.6132
 20
1247.2123
 10
1749.425
 20
1249.898
 10
1756.3946
 20
1252.2563
 10
1763.5127
 20
1254.2776
 10
1770.7698
 20
1255.9525
 10
1778.1565
 20
1257.2717
 10
1785.6634
 20
1258.2256
 10
1793.281
 20
1258.8048
 10
1801.0
 20
1259.0
 10
1808.719
 20
1258.8048
 10
1816.3366
 20
1258.2256
 10
1823.8435
 20
1257.2717
 10
1831.2302
 20
1255.9525
 10
1838.4873
 20
1254.2776
 10
1845.6054
 20
1252.2563
 10
1852.575
 20
1249.898
 10
1859.3868
 20
1247.2123
 10
1866.0312
 20
1244.2084
 10
1872.4989
 20
1240.8958
 10
1878.7805
 20
1237.284
 10
1884.8664
 20
1233.3824
 10
1890.7474
 20
1229.2003
 10
1896.4139
 20
1224.7473
 10
1901.8566
 20
1220.0327
 10
1907.066
 20
1215.066
 10
1912.0327
 20
1209.8566
 10
1916.7473
 20
1204.4139
 10
1921.2003
 20
1198.7474
 10
1925.3824
 20
1192.8664
 10
1929.284
 20
1186.7805
 10
1932.8958
 20
1180.4989
 10
1936.2084
 20
1174.0312
 10
1939.2123
 20
1167.3868
 10
1941.898
 20
1160.575
 10
1944.2563
 20
1153.6054
 10
1946.2776
 20
1146.4873
 10
1947.9525
 20
1139.2302
 10
1949.2717
 20
1131.8435
 10
1950.2256
 20
1124.3366
 10
1950.8048
 20
1116.719
 10
1951.0
 20
1109.0
  0
LWPOLYLINE
  5
BB
330
17
100
AcDbEntity
  8
CUT
100
AcDbPolyline
 90
129
 70
1
 10
1891.0
 20
1109.0
 10
1890.8829
 20
1104.3686
 10
1890.5353
 20
1099.798
 10
1889.963
 20
1095.2939
 10
1889.1715
 20
1090.8619
 10
1888.1666
 20
1086.5076
 10
1886.9538
 20
1082.2368
 10
1885.5388
 20
1078.055
 10
1883.9274
 20
1073.9679
 10
1882.125
 20
1069.9813
 10
1880.1375
 20
1066.1007
 10
1877.9704
 20
1062.3317
 10
1875.6294
 20
1058.6801
 10
1873.1202
 20
1055.1516
 10
1870.4484
 20
1051.7516
 10
1867.6196
 20
1048.486
 10
1864.6396
 20
1045.3604
 10
1861.514
 20
1042.3804
 10
1858.2484
 20
1039.5516
 10
1854.8484
 20
1036.8798
 10
1851.3199
 20
1034.3706
 10
1847.6683
 20
1032.0296
 10
1843.8993
 20
1029.8625
 10
1840.0187
 20
1027.875
 10
1836.0321
 20
1026.0726
 10
1831.945
 20
1024.4612
 10
1827.7632
 20
1023.0462
 10
1823.4924
 20
1021.8334
 10
1819.1381
 20
1020.8285
 10
1814.7061
 20
1020.037
 10
1810.202
 20
1019.4647
 10
1805.6314
 20
1019.1171
 10
1801.0
 20
1019.0
 10
1796.3686
 20
1019.1171
 10
1791.798
 20
1019.4647
 10
1787.2939
 20
1020.037
 10
1782.8619
 20
1020.8285
 10
1778.5076
 20
1021.8334
 10
1774.2368
 20
1023.0462
 10
1770.055
 20
1024.4612
 10
1765.9679
 20
1026.0726
 10
1761.9813
 20
1027.875
 10
1758.1007
 20
1029.8625
 10
1754.3317
 20
1032.0296
 10
1750.6801
 20
1034.3706
 10
1747.1516
 20
1036.8798
 10
1743.7516
 20
1039.5516
 10
1740.486
 20
1042.3804
 10
1737.3604
 20
1045.3604
 10
1734.3804
 20
1048.486
 10
1731.5516
 20
1051.7516
 10
1728.8798
 20
1055.1516
 10
1726.3706
 20
1058.6801
 10
1724.0296
 20
1062.3317
 10
1721.8625
 20
1066.1007
 10
1719.875
 20
1069.9813
 10
1718.0726
 20
1073.9679
 10
1716.4612
 20
1078.055
 10
1715.0462
 20
1082.2368
 10
1713.8334
 20
1086.5076
 10
1712.8285
 20
1090.8619
 10
1712.037
 20
1095.2939
 10
1711.4647
 20
1099.798
 10
1711.1171
 20
1104.3686
 10
1711.0
 20
1109.0
 10
1711.1171
 20
1113.6314
 10
1711.4647
 20
1118.202
 10
1712.037
 20
1122.7061
 10
1712.8285
 20
1127.1381
 10
1713.8334
 20
1131.4924
 10
1715.0462
 20
1135.7632
 10
1716.4612
 20
1139.945
 10
1718.0726
 20
1144.0321
 10
1719.875
 20
1148.0187
 10
1721.8625
 20
1151.8993
 10
1724.0296
 20
1155.6683
 10
1726.3706
 20
1159.3199
 10
1728.8798
 20
1162.8484
 10
1731.5516
 20
1166.2484
 10
1734.3804
 20
1169.514
 10
1737.3604
 20
1172.6396
 10
1740.486
 20
1175.6196
 10
1743.7516
 20
1178.4484
 10
1747.1516
 20
1181.1202
 10
1750.6801
 20
1183.6294
 10
1754.3317
 20
1185.9704
 10
1758.1007
 20
1188.1375
 10
1761.9813
 20
1190.125
 10
1765.9679
 20
1191.9274
 10
1770.055
 20
1193.5388
 10
1774.2368
 20
1194.9538
 10
1778.5076
 20
1196.1666
 10
1782.8619
 20
1197.1715
 10
1787.2939
 20
1197.963
 10
1791.798
 20
1198.5353
 10
1796.3686
 20
1198.8829
 10
1801.0
 20
1199.0
 10
1805.6314
 20
1198.8829
 10
1810.202
 20
1198.5353
 10
1814.7061
 20
1197.963
 10
1819.1381
 20
1197.1715
 10
1823.4924
 20
1196.1666
 10
1827.7632
 20
1194.9538
 10
1831.945
 20
1193.5388
 10
1836.0321
 20
1191.9274
 10
1840.0187
 20
1190.125
 10
1843.8993
 20
1188.1375
 10
1847.6683
 20
1185.9704
 10
1851.3199
 20
1183.6294
 10
1854.8484
 20
1181.1202
 10
1858.2484
 20
1178.4484
 10
1861.514
 20
1175.6196
 10
1864.6396
 20
1172.6396
 10
1867.6196
 20
1169.514
 10
1870.4484
 20
1166.2484
 10
1873.1202
 20
1162.8484
 10
1875.6294
 20
1159.3199
 10
1877.9704
 20
1155.6683
 10
1880.1375
 20
1151.8993
 10
1882.125
 20
1148.0187
 10
1883.9274
 20
1144.0321
 10
1885.5388
 20
1139.945
 10
1886.9538
 20
1135.7632
 10
1888.1666
 20
1131.4924
 10
1889.1715
 20
1127.1381
 10
1889.963
 20
1122.7061
 10
1890.5353
 20
1118.202
 10
1890.8829
 20
1113.6314
 10
1891.0
 20
1109.0
  0
TEXT
  5
BC
330
17
100
AcDbEntity
  8
ETCH
100
AcDbText
 10
1801.0
 20
1112.8594900522512
 30
0.0
 40
24.0
  1
P003
 72
1
 11
1801.0
 21
1112.8594900522512
 31
0.0
100
AcDbText
 73
2
  0
LWPOLYLINE
  5
BD
330
17
100
AcDbEntity
  8
CUT
100
AcDbPolyline
 90
129
 70
1
 10
2265.0
 20
1209.0
 10
2264.8048
 20
1201.281
 10
2264.2256
 20
1193.6634
 10
2263.2717
 20
1186.1565
 10
2261.9525
 20
1178.7698
 10
2260.2776
 20
1171.5127
 10
2258.2563
 20
1164.3946
 10
2255.898
 20
1157.425
 10
2253.2123
 20
1150.6132
 10
2250.2084
 20
1143.9688
 10
2246.8958
 20
1137.5011
 10
2243.284
 20
1131.2195
 10
2239.3824
 20
1125.1336
 10
2235.2003
 20
1119.2526
 10
2230.7473
 20
1113.5861
 10
2226.0327
 20
1108.1434
 10
2221.066
 20
1102.934
 10
2215.8566
 20
1097.9673
 10
2210.4139
 20
1093.2527
 10
2204.7474
 20
1088.7997
 10
2198.8664
 20
1084.6176
 10
2192.7805
 20
1080.716
 10
2186.4989
 20
1077.1042
 10
2180.0312
 20
1073.7916
 10
2173.3868
 20
1070.7877
 10
2166.575
 20
1068.102
 10
2159.6054
 20
1065.7437
 10
2152.4873
 20
1063.7224
 10
2145.2302
 20
1062.0475
 10
2137.8435
 20
1060.7283
 10
2130.3366
 20
1059.7744
 10
2122.719
 20
1059.1952
 10
2115.0
 20
1059.0
 10
2107.281
 20
1059.1952
 10
2099.6634
 20
1059.7744
 10
2092.1565
 20
1060.7283
 10
2084.7698
 20
1062.0475
 10
2077.5127
 20
1063.7224
 10
2070.3946
 20
1065.7437
 10
2063.425
 20
1068.102
 10
2056.6132
 20
1070.7877
 10
2049.9688
 20
1073.7916
 10
2043.5011
 20
1077.1042
 10
2037.2195
 20
1080.716
 10
2031.1336
 20
1084.6176
 10
2025.2526
 20
1088.7997
 10
2019.5861
 20
1093.2527
 10
2014.1434
 20
1097.9673
 10
2008.934
 20
1102.934
 10
2003.9673
 20
1108.1434
 10
1999.2527
 20
1113.5861
 10
1994.7997
 20
1119.2526
 10
1990.6176
 20
1125.1336
 10
1986.716
 20
1131.2195
 10
1983.1042
 20
1137.5011
 10
1979.7916
 20
1143.9688
 10
1976.7877
 20
1150.6132
 10
1974.102
 20
1157.425
 10
1971.7437
 20
1164.3946
 10
1969.7224
 20
1171.5127
 10
1968.0475
 20
1178.7698
 10
1966.7283
 20
1186.1565
 10
1965.7744
 20
1193.6634
 10
1965.1952
 20
1201.281
 10
1965.0
 20
1209.0
 10
1965.1952
 20
1216.719
 10
1965.7744
 20
1224.3366
 10
1966.7283
 20
1231.8435
 10
1968.0475
 20
1239.2302
 10
1969.7224
 20
1246.4873
 10
1971.7437
 20
1253.6054
 10
1974.102
 20
1260.575
 10
1976.7877
 20
1267.3868
 10
1979.7916
 20
1274.0312
 10
1983.1042
 20
1280.4989
 10
1986.716
 20
1286.7805
 10
1990.6176
 20
1292.8664
 10
1994.7997
 20
1298.7474
 10
1999.2527
 20
1304.4139
 10
2003.9673
 20
1309.8566
 10
2008.934
 20
1315.066
 10
2014.1434
 20
1320.0327
 10
2019.5861
 20
1324.7473
 10
2025.2526
 20
1329.2003
 10
2031.1336
 20
1333.3824
 10
2037.2195
 20
1337.284
 10
2043.5011
 20
1340.8958
 10
2049.9688
 20
1344.2084
 10
2056.6132
 20
1347.2123
 10
2063.425
 20
1349.898
 10
2070.3946
 20
1352.2563
 10
2077.5127
 20
1354.2776
 10
2084.7698
 20
1355.9525
 10
2092.1565
 20
1357.2717
 10
2099.6634
 20
1358.2256
 10
2107.281
 20
1358.8048
 10
2115.0
 20
1359.0
 10
2122.719
 20
1358.8048
 10
2130.3366
 20
1358.2256
 10
2137.8435
 20
1357.2717
 10
2145.2302
 20
1355.9525
 10
2152.4873
 20
1354.2776
 10
2159.6054
 20
1352.2563
 10
2166.575
 20
1349.898
 10
2173.3868
 20
1347.2123
 10
2180.0312
 20
1344.2084
 10
2186.4989
 20
1340.8958
 10
2192.7805
 20
1337.284
 10
2198.8664
 20
1333.3824
 10
2204.7474
 20
1329.2003
 10
2210.4139
 20
1324.7473
 10
2215.8566
 20
1320.0327
 10
2221.066
 20
1315.066
 10
2226.0327
 20
1309.8566
 10
2230.7473
 20
1304.4139
 10
2235.2003
 20
1298.7474
 10
2239.3824
 20
1292.8664
 10
2243.284
 20
1286.7805
 10
2246.8958
 20
1280.4989
 10
2250.2084
 20
1274.0312
 10
2253.2123
 20
1267.3868
 10
2255.898
 20
1260.575
 10
2258.2563
 20
1253.6054
 10
2260.2776
 20
1246.4873
 10
2261.9525
 20
1239.2302
 10
2263.2717
 20
1231.8435
 10
2264.2256
 20
1224.3366
 10
2264.8048
 20
1216.719
 10
2265.0
 20
1209.0
  0
LWPOLYLINE
  5
BE
330
17
100
AcDbEntity
  8
CUT
100
AcDbPolyline
 90
129
 70
1
 10
2205.0
 20
1209.0
 10
2204.8829
 20
1204.3686
 10
2204.5353
 20
1199.798
 10
2203.963
 20
1195.2939
 10
2203.1715
 20
1190.8619
 10
2202.1666
 20
1186.5076
 10
2200.9538
 20
1182.2368
 10
2199.5388
 20
1178.055
 10
2197.9274
 20
1173.9679
 10
2196.125
 20
1169.9813
 10
2194.1375
 20
1166.1007
 10
2191.9704
 20
1162.3317
 10
2189.6294
 20
1158.6801
 10
2187.1202
 20
1155.1516
 10
2184.4484
 20
1151.7516
 10
2181.6196
 20
1148.486
 10
2178.6396
 20
1145.3604
 10
2175.514
 20
1142.3804
 10
2172.2484
 20
1139.5516
 10
2168.8484
 20
1136.8798
 10
2165.3199
 20
1134.3706
 10
2161.6683
 20
1132.0296
 10
2157.8993
 20
1129.8625
 10
2154.0187
 20
1127.875
 10
2150.0321
 20
1126.0726
 10
2145.945
 20
1124.4612
 10
2141.7632
 20
1123.0462
 10
2137.4924
 20
1121.8334
 10
2133.1381
 20
1120.8285
 10
2128.7061
 20
1120.037
 10
2124.202
 20
1119.4647
 10
2119.6314
 20
1119.1171
 10
2115.0
 20
1119.0
 10
2110.3686
 20
1119.1171
 10
2105.798
 20
1119.4647
 10
2101.2939
 20
1120.037
 10
2096.8619
 20
1120.8285
 10
2092.5076
 20
1121.8334
 10
2088.2368
 20
1123.0462
 10
2084.055
 20
1124.4612
 10
2079.9679
 20
1126.0726
 10
2075.9813
 20
1127.875
 10
2072.1007
 20
1129.8625
 10
2068.3317
 20
1132.0296
 10
2064.6801
 20
1134.3706
 10
2061.1516
 20
1136.8798
 10
2057.7516
 20
1139.5516
 10
2054.486
 20
1142.3804
 10
2051.3604
 20
1145.3604
 10
2048.3804
 20
1148.486
 10
2045.5516
 20
1151.7516
 10
2042.8798
 20
1155.1516
 10
2040.3706
 20
1158.6801
 10
2038.0296
 20
1162.3317
 10
2035.8625
 20
1166.1007
 10
2033.875
 20
1169.9813
 10
2032.0726
 20
1173.9679
 10
2030.4612
 20
1178.055
 10
2029.0462
 20
1182.2368
 10
2027.8334
 20
1186.5076
 10
2026.8285
 20
1190.8619
 10
2026.037
 20
1195.2939
 10
2025.4647
 20
1199.798
 10
2025.1171
 20
1204.3686
 10
2025.0
 20
1209.0
 10
2025.1171
 20
1213.6314
 10
2025.4647
 20
1218.202
 10
2026.037
 20
1222.7061
 10
2026.8285
 20
1227.1381
 10
2027.8334
 20
1231.4924
 10
2029.0462
 20
1235.7632
 10
2030.4612
 20
1239.945
 10
2032.0726
 20
1244.0321
 10
2033.875
 20
1248.0187
 10
2035.8625
 20
1251.8993
 10
2038.0296
 20
1255.6683
 10
2040.3706
 20
1259.3199
 10
2042.8798
 20
1262.8484
 10
2045.5516
 20
1266.2484
 10
2048.3804
 20
1269.514
 10
2051.3604
 20
1272.6396
 10
2054.486
 20
1275.6196
 10
2057.7516
 20
1278.4484
 10
2061.1516
 20
1281.1202
 10
2064.6801
 20
1283.6294
 10
2068.3317
 20
1285.9704
 10
2072.1007
 20
1288.1375
 10
2075.9813
 20
1290.125
 10
2079.9679
 20
1291.9274
 10
2084.055
 20
1293.5388
 10
2088.2368
 20
1294.9538
 10
2092.5076
 20
1296.1666
 10
2096.8619
 20
1297.1715
 10
2101.2939
 20
1297.963
 10
2105.798
 20
1298.5353
 10
2110.3686
 20
1298.8829
 10
2115.0
 20
1299.0
 10
2119.6314
 20
1298.8829
 10
2124.202
 20
1298.5353
 10
2128.7061
 20
1297.963
 10
2133.1381
 20
1297.1715
 10
2137.4924
 20
1296.1666
 10
2141.7632
 20
1294.9538
 10
2145.945
 20
1293.5388
 10
2150.0321
 20
1291.9274
 10
2154.0187
 20
1290.125
 10
2157.8993
 20
1288.1375
 10
2161.6683
 20
1285.9704
 10
2165.3199
 20
1283.6294
 10
2168.8484
 20
1281.1202
 10
2172.2484
 20
1278.4484
 10
2175.514
 20
1275.6196
 10
2178.6396
 20
1272.6396
 10
2181.6196
 20
1269.514
 10
2184.4484
 20
1266.2484
 10
2187.1202
 20
1262.8484
 10
2189.6294
 20
1259.3199
 10
2191.9704
 20
1255.6683
 10
2194.1375
 20
1251.8993
 10
2196.125
 20
1248.0187
 10
2197.9274
 20
1244.0321
 10
2199.5388
 20
1239.945
 10
2200.9538
 20
1235.7632
 10
2202.1666
 20
1231.4924
 10
2203.1715
 20
1227.1381
 10
2203.963
 20
1222.7061
 10
2204.5353
 20
1218.202
 10
2204.8829
 20
1213.6314
 10
2205.0
 20
1209.0
  0
TEXT
  5
BF
330
17
100
AcDbEntity
  8
ETCH
100
AcDbText
 10
2115.0
 20
1212.8594900522512
 30
0.0
 40
24.0
  1
P003
 72
1
 11
2115.0
 21
1212.8594900522512
 31
0.0
100
AcDbText
 73
2
  0
LWPOLYLINE
  5
C0
330
17
100
AcDbEntity
  8
CUT
100
AcDbPolyline
 90
129
 70
1
 10
1637.0
 20
1423.0
 10
1636.8048
 20
1415.281
 10
1636.2256
 20
1407.6634
 10
1635.2717
 20
1400.1565
 10
1633.9525
 20
1392.7698
 10
1632.2776
 20
1385.5127
 10
1630.2563
 20
1378.3946
 10
1627.898
 20
1371.425
 10
1625.2123
 20
1364.6132
 10
1622.2084
 20
1357.9688
 10
1618.8958
 20
1351.5011
 10
1615.284
 20
1345.2195
 10
1611.3824
 20
1339.1336
 10
1607.2003
 20
1333.2526
 10
1602.7473
 20
1327.5861
 10
1598.0327
 20
1322.1434
 10
1593.066
 20
1316.934
 10
1587.8566
 20
1311.9673
 10
1582.4139
 20
1307.2527
 10
1576.7474
 20
1302.7997
 10
1570.8664
 20
1298.6176
 10
1564.7805
 20
1294.716
 10
1558.4989
 20
1291.1042
 10
1552.0312
 20
1287.7916
 10
1545.3868
 20
1284.7877
 10
1538.575
 20
1282.102
 10
1531.6054
 20
1279.7437
 10
1524.4873
 20
1277.7224
 10
1517.2302
 20
1276.0475
 10
1509.8435
 20
1274.7283
 10
1502.3366
 20
1273.7744
 10
1494.719
 20
1273.1952
 10
1487.0
 20
1273.0
 10
1479.281
 20
1273.1952
 10
1471.6634
 20
1273.7744
 10
1464.1565
 20
1274.7283
 10
1456.7698
 20
1276.0475
 10
1449.5127
 20
1277.7224
 10
1442.3946
 20
1279.7437
 10
1435.425
 20
1282.102
 10
1428.6132
 20
1284.7877
 10
1421.9688
 20
1287.7916
 10
1415.5011
 20
1291.1042
 10
1409.2195
 20
1294.716
 10
1403.1336
 20
1298.6176
 10
1397.2526
 20
1302.7997
 10
1391.5861
 20
1307.2527
 10
1386.1434
 20
1311.9673
 10
1380.934
 20
1316.934
 10
1375.9673
 20
1322.1434
 10
1371.2527
 20
1327.5861
 10
1366.7997
 20
1333.2526
 10
1362.6176
 20
1339.1336
 10
1358.716
 20
1345.2195
 10
1355.1042
 20
1351.5011
 10
1351.7916
 20
1357.9688
 10
1348.7877
 20
1364.6132
 10
1346.102
 20
1371.425
 10
1343.7437
 20
1378.3946
 10
1341.7224
 20
1385.5127
 10
1340.0475
 20
1392.7698
 10
1338.7283
 20
1400.1565
 10
1337.7744
 20
1407.6634
 10
1337.1952
 20
1415.281
 10
1337.0
 20
1423.0
 10
1337.1952
 20
1430.719
 10
1337.7744
 20
1438.3366
 10
1338.7283
 20
1445.8435
 10
1340.0475
 20
1453.2302
 10
1341.7224
 20
1460.4873
 10
1343.7437
 20
1467.6054
 10
1346.102
 20
1474.575
 10
1348.7877
 20
1481.3868
 10
1351.7916
 20
1488.0312
 10
1355.1042
 20
1494.4989
 10
1358.716
 20
1500.7805
 10
1362.6176
 20
1506.8664
 10
1366.7997
 20
1512.7474
 10
1371.2527
 20
1518.4139
 10
1375.9673
 20
1523.8566
 10
1380.934
 20
1529.066
 10
1386.1434
 20
1534.0327
 10
1391.5861
 20
1538.7473
 10
1397.2526
 20
1543.2003
 10
1403.1336
 20
1547.3824
 10
1409.2195
 20
1551.284
 10
1415.5011
 20
1554.8958
 10
1421.9688
 20
1558.2084
 10
1428.6132
 20
1561.2123
 10
1435.425
 20
1563.898
 10
1442.3946
 20
1566.2563
 10
1449.5127
 20
1568.2776
 10
1456.7698
 20
1569.9525
 10
1464.1565
 20
1571.2717
 10
1471.6634
 20
1572.2256
 10
1479.281
 20
1572.8048
 10
1487.0
 20
1573.0
 10
1494.719
 20
1572.8048
 10
1502.3366
 20
1572.2256
 10
1509.8435
 20
1571.2717
 10
1517.2302
 20
1569.9525
 10
1524.4873
 20
1568.2776
 10
1531.6054
 20
1566.2563
 10
1538.575
 20
1563.898
 10
1545.3868
 20
1561.2123
 10
1552.0312
 20
1558.2084
 10
1558.4989
 20
1554.8958
 10
1564.7805
 20
1551.284
 10
1570.8664
 20
1547.3824
 10
1576.7474
 20
1543.2003
 10
1582.4139
 20
1538.7473
 10
1587.8566
 20
1534.0327
 10
1593.066
 20
1529.066
 10
1598.0327
 20
1523.8566
 10
1602.7473
 20
1518.4139
 10
1607.2003
 20
1512.7474
 10
1611.3824
 20
1506.8664
 10
1615.284
 20
1500.7805
 10
1618.8958
 20
1494.4989
 10
1622.2084
 20
1488.0312
 10
1625.2123
 20
1481.3868
 10
1627.898
 20
1474.575
 10
1630.2563
 20
1467.6054
 10
1632.2776
 20
1460.4873
 10
1633.9525
 20
1453.2302
 10
1635.2717
 20
1445.8435
 10
1636.2256
 20
1438.3366
 10
1636.8048
 20
1430.719
 10
1637.0
 20
1423.0
  0
LWPOLYLINE
  5
C1
330
17
100
AcDbEntity
  8
CUT
100
AcDbPolyline
 90
129
 70
1
 10
1577.0
 20
1423.0
 10
1576.8829
 20
1418.3686
 10
1576.5353
 20
1413.798
 10
1575.963
 20
1409.2939
 10
1575.1715
 20
1404.8619
 10
1574.1666
 20
1400.5076
 10
1572.9538
 20
1396.2368
 10
1571.5388
 20
1392.055
 10
1569.9274
 20
1387.9679
 10
1568.125
 20
1383.9813
 10
1566.1375
 20
1380.1007
 10
1563.9704
 20
1376.3317
 10
1561.6294
 20
1372.6801
 10
1559.1202
 20
1369.1516
 10
1556.4484
 20
1365.7516
 10
1553.6196
 20
1362.486
 10
1550.6396
 20
1359.3604
 10
1547.514
 20
1356.3804
 10
1544.2484
 20
1353.5516
 10
1540.8484
 20
1350.8798
 10
1537.3199
 20
1348.3706
 10
1533.6683
 20
1346.0296
 10
1529.8993
 20
1343.8625
 10
1526.0187
 20
1341.875
 10
1522.0321
 20
1340.0726
 10
1517.945
 20
1338.4612
 10
1513.7632
 20
1337.0462
 10
1509.4924
 20
1335.8334
 10
1505.1381
 20
1334.8285
 10
1500.7061
 20
1334.037
 10
1496.202
 20
1333.4647
 10
1491.6314
 20
1333.1171
 10
1487.0
 20
1333.0
 10
1482.3686
 20
1333.1171
 10
1477.798
 20
1333.4647
 10
1473.2939
 20
1334.037
 10
1468.8619
 20
1334.8285
 10
1464.5076
 20
1335.8334
 10
1460.2368
 20
1337.0462
 10
1456.055
 20
1338.4612
 10
1451.9679
 20
1340.0726
 10
1447.9813
 20
1341.875
 10
1444.1007
 20
1343.8625
 10
1440.3317
 20
1346.0296
 10
1436.6801
 20
1348.3706
 10
1433.1516
 20
1350.8798
 10
1429.7516
 20
1353.5516
 10
1426.486
 20
1356.3804
 10
1423.3604
 20
1359.3604
 10
1420.3804
 20
1362.486
 10
1417.5516
 20
1365.7516
 10
1414.8798
 20
1369.1516
 10
1412.3706
 20
1372.6801
 10
1410.0296
 20
1376.3317
 10
1407.8625
 20
1380.1007
 10
1405.875
 20
1383.9813
 10
1404.0726
 20
1387.9679
 10
1402.4612
 20
1392.055
 10
1401.0462
 20
1396.2368
 10
1399.8334
 20
1400.5076
 10
1398.8285
 20
1404.8619
 10
1398.037
 20
1409.2939
 10
1397.4647
 20
1413.798
 10
1397.1171
 20
1418.3686
 10
1397.0
 20
1423.0
 10
1397.1171
 20
1427.6314
 10
1397.4647
 20
1432.202
 10
1398.037
 20
1436.7061
 10
1398.8285
 20
1441.1381
 10
1399.8334
 20
1445.4924
 10
1401.0462
 20
1449.7632
 10
1402.4612
 20
1453.945
 10
1404.0726
 20
1458.0321
 10
1405.875
 20
1462.0187
 10
1407.8625
 20
1465.8993
 10
1410.0296
 20
1469.6683
 10
1412.3706
 20
1473.3199
 10
1414.8798
 20
1476.8484
 10
1417.5516
 20
1480.2484
 10
1420.3804
 20
1483.514
 10
1423.3604
 20
1486.6396
 10
1426.486
 20
1489.6196
 10
1429.7516
 20
1492.4484
 10
1433.1516
 20
1495.1202
 10
1436.6801
 20
1497.6294
 10
1440.3317
 20
1499.9704
 10
1444.1007
 20
1502.1375
 10
1447.9813
 20
1504.125
 10
1451.9679
 20
1505.9274
 10
1456.055
 20
1507.5388
 10
1460.2368
 20
1508.9538
 10
1464.5076
 20
1510.1666
 10
1468.8619
 20
1511.1715
 10
1473.2939
 20
1511.963
 10
1477.798
 20
1512.5353
 10
1482.3686
 20
1512.8829
 10
1487.0
 20
1513.0
 10
1491.6314
 20
1512.8829
 10
1496.202
 20
1512.5353
 10
1500.7061
 20
1511.963
 10
1505.1381
 20
1511.1715
 10
1509.4924
 20
1510.1666
 10
1513.7632
 20
1508.9538
 10
1517.945
 20
1507.5388
 10
1522.0321
 20
1505.9274
 10
1526.0187
 20
1504.125
 10
1529.8993
 20
1502.1375
 10
1533.6683
 20
1499.9704
 10
1537.3199
 20
1497.6294
 10
1540.8484
 20
1495.1202
 10
1544.2484
 20
1492.4484
 10
1547.514
 20
1489.6196
 10
1550.6396
 20
1486.6396
 10
1553.6196
 20
1483.514
 10
1556.4484
 20
1480.2484
 10
1559.1202
 20
1476.8484
 10
1561.6294
 20
1473.3199
 10
1563.9704
 20
1469.6683
 10
1566.1375
 20
1465.8993
 10
1568.125
 20
1462.0187
 10
1569.9274
 20
1458.0321
 10
1571.5388
 20
1453.945
 10
1572.9538
 20
1449.7632
 10
1574.1666
 20
1445.4924
 10
1575.1715
 20
1441.1381
 10
1575.963
 20
1436.7061
 10
1576.5353
 20
1432.202
 10
1576.8829
 20
1427.6314
 10
1577.0
 20
1423.0
  0
TEXT
  5
C2
330
17
100
AcDbEntity
  8
ETCH
100
AcDbText
 10
1487.0
 20
1426.8594900522512
 30
0.0
 40
24.0
  1
P003
 72
1
 11
1487.0
 21
1426.8594900522512
 31
0.0
100
AcDbText
 73
2
  0
LWPOLYLINE
  5
C3
330
17
100
AcDbEntity
  8
CUT
100
AcDbPolyline
 90
129
 70
1
 10
1951.0
 20
1423.0
 10
1950.8048
 20
1415.281
 10
1950.2256
 20
1407.6634
 10
1949.2717
 20
1400.1565
 10
1947.9525
 20
1392.7698
 10
1946.2776
 20
1385.5127
 10
1944.2563
 20
1378.3946
 10
1941.898
 20
1371.425
 10
1939.2123
 20
1364.6132
 10
1936.2084
 20
1357.9688
 10
1932.8958
 20
1351.5011
 10
1929.284
 20
1345.2195
 10
1925.3824
 20
1339.1336
 10
1921.2003
 20
1333.2526
 10
1916.7473
 20
1327.5861
 10
1912.0327
 20
1322.1434
 10
1907.066
 20
1316.934
 10
1901.8566
 20
1311.9673
 10
1896.4139
 20
1307.2527
 10
1890.7474
 20
1302.7997
 10
1884.8664
 20
1298.6176
 10
1878.7805
 20
1294.716
 10
1872.4989
 20
1291.1042
 10
1866.0312
 20
1287.7916
 10
1859.3868
 20
1284.7877
 10
1852.575
 20
1282.102
 10
1845.6054
 20
1279.7437
 10
1838.4873
 20
1277.7224
 10
1831.2302
 20
1276.0475
 10
1823.8435
 20
1274.7283
 10
1816.3366
 20
1273.7744
 10
1808.719
 20
1273.1952
 10
1801.0
 20
1273.0
 10
1793.281
 20
1273.1952
 10
1785.6634
 20
1273.7744
 10
1778.1565
 20
1274.7283
 10
1770.7698
 20
1276.0475
 10
1763.5127
 20
1277.7224
 10
1756.3946
 20
1279.7437
 10
1749.425
 20
1282.102
 10
1742.6132
 20
1284.7877
 10
1735.9688
 20
1287.7916
 10
1729.5011
 20
1291.1042
 10
1723.2195
 20
1294.716
 10
1717.1336
 20
1298.6176
 10
1711.2526
 20
1302.7997
 10
1705.5861
 20
1307.2527
 10
1700.1434
 20
1311.9673
 10
1694.934
 20
1316.934
 10
1689.9673
 20
1322.1434
 10
1685.2527
 20
1327.5861
 10
1680.7997
 20
1333.2526
 10
1676.6176
 20
1339.1336
 10
1672.716
 20
1345.2195
 10
1669.1042
 20
1351.5011
 10
1665.7916
 20
1357.9688
 10
1662.7877
 20
1364.6132
 10
1660.102
 20
1371.425
 10
1657.7437
 20
1378.3946
 10
1655.7224
 20
1385.5127
 10
1654.0475
 20
1392.7698
 10
1652.7283
 20
1400.1565
 10
1651.7744
 20
1407.6634
 10
1651.1952
 20
1415.281
 10
1651.0
 20
1423.0
 10
1651.1952
 20
1430.719
 10
1651.7744
 20
1438.3366
 10
1652.7283
 20
1445.8435
 10
1654.0475
 20
1453.2302
 10
1655.7224
 20
1460.4873
 10
1657.7437
 20
1467.6054
 10
1660.102
 20
1474.575
 10
1662.7877
 20
1481.3868
 10
1665.7916
 20
1488.0312
 10
1669.1042
 20
1494.4989
 10
1672.716
 20
1500.7805
 10
1676.6176
 20
1506.8664
 10
1680.7997
 20
1512.7474
 10
1685.2527
 20
1518.4139
 10
1689.9673
 20
1523.8566
 10
1694.934
 20
1529.066
 10
1700.1434
 20
1534.0327
 10
1705.5861
 20
1538.7473
 10
1711.2526
 20
1543.2003
 10
1717.1336
 20
1547.3824
 10
1723.2195
 20
1551.284
 10
1729.5011
 20
1554.8958
 10
1735.9688
 20
1558.2084
 10
1742.6132
 20
1561.2123
 10
1749.425
 20
1563.898
 10
1756.3946
 20
1566.2563
 10
1763.5127
 20
1568.2776
 10
1770.7698
 20
1569.9525
 10
1778.1565
 20
1571.2717
 10
1785.6634
 20
1572.2256
 10
1793.281
 20
1572.8048
 10
1801.0
 20
1573.0
 10
1808.719
 20
1572.8048
 10
1816.3366
 20
1572.2256
 10
1823.8435
 20
1571.2717
 10
1831.2302
 20
1569.9525
 10
1838.4873
 20
1568.2776
 10
1845.6054
 20
1566.2563
 10
1852.575
 20
1563.898
 10
1859.3868
 20
1561.2123
 10
1866.0312
 20
1558.2084
 10
1872.4989
 20
1554.8958
 10
1878.7805
 20
1551.284
 10
1884.8664
 20
1547.3824
 10
1890.7474
 20
1543.2003
 10
1896.4139
 20
1538.7473
 10
1901.8566
 20
1534.0327
 10
1907.066
 20
1529.066
 10
1912.0327
 20
1523.8566
 10
1916.7473
 20
1518.4139
 10
1921.2003
 20
1512.7474
 10
1925.3824
 20
1506.8664
 10
1929.284
 20
1500.7805
 10
1932.8958
 20
1494.4989
 10
1936.2084
 20
1488.0312
 10
1939.2123
 20
1481.3868
 10
1941.898
 20
1474.575
 10
1944.2563
 20
1467.6054
 10
1946.2776
 20
1460.4873
 10
1947.9525
 20
1453.2302
 10
1949.2717
 20
1445.8435
 10
1950.2256
 20
1438.3366
 10
1950.8048
 20
1430.719
 10
1951.0
 20
1423.0
  0
LWPOLYLINE
  5
C4
330
17
100
AcDbEntity
  8
CUT
100
AcDbPolyline
 90
129
 70
1
 10
1891.0
 20
1423.0
 10
1890.8829
 20
1418.3686
 10
1890.5353
 20
1413.798
 10
1889.963
 20
1409.2939
 10
1889.1715
 20
1404.8619
 10
1888.1666
 20
1400.5076
 10
1886.9538
 20
1396.2368
 10
1885.5388
 20
1392.055
 10
1883.9274
 20
1387.9679
 10
1882.125
 20
1383.9813
 10
1880.1375
 20
1380.1007
 10
1877.9704
 20
1376.3317
 10
1875.6294
 20
1372.6801
 10
1873.1202
 20
1369.1516
 10
1870.4484
 20
1365.7516
 10
1867.6196
 20
1362.486
 10
1864.6396
 20
1359.3604
 10
1861.514
 20
1356.3804
 10
1858.2484
 20
1353.5516
 10
1854.8484
 20
1350.8798
 10
1851.3199
 20
1348.3706
 10
1847.6683
 20
1346.0296
 10
1843.8993
 20
1343.8625
 10
1840.0187
 20
1341.875
 10
1836.0321
 20
1340.0726
 10
1831.945
 20
1338.4612
 10
1827.7632
 20
1337.0462
 10
1823.4924
 20
1335.8334
 10
1819.1381
 20
1334.8285
 10
1814.7061
 20
1334.037
 10
1810.202
 20
1333.4647
 10
1805.6314
 20
1333.1171
 10
1801.0
 20
1333.0
 10
1796.3686
 20
1333.1171
 10
1791.798
 20
1333.4647
 10
1787.2939
 20
1334.037
 10
1782.8619
 20
1334.8285
 10
1778.5076
 20
1335.8334
 10
1774.2368
 20
1337.0462
 10
1770.055
 20
1338.4612
 10
1765.9679
 20
1340.0726
 10
1761.9813
 20
1341.875
 10
1758.1007
 20
1343.8625
 10
1754.3317
 20
1346.0296
 10
1750.6801
 20
1348.3706
 10
1747.1516
 20
1350.8798
 10
1743.7516
 20
1353.5516
 10
1740.486
 20
1356.3804
 10
1737.3604
 20
1359.3604
 10
1734.3804
 20
1362.486
 10
1731.5516
 20
1365.7516
 10
1728.8798
 20
1369.1516
 10
1726.3706
 20
1372.6801
 10
1724.0296
 20
1376.3317
 10
1721.8625
 20
1380.1007
 10
1719.875
 20
1383.9813
 10
1718.0726
 20
1387.9679
 10
1716.4612
 20
1392.055
 10
1715.0462
 20
1396.2368
 10
1713.8334
 20
1400.5076
 10
1712.8285
 20
1404.8619
 10
1712.037
 20
1409.2939
 10
1711.4647
 20
1413.798
 10
1711.1171
 20
1418.3686
 10
1711.0
 20
1423.0
 10
1711.1171
 20
1427.6314
 10
1711.4647
 20
1432.202
 10
1712.037
 20
1436.7061
 10
1712.8285
 20
1441.1381
 10
1713.8334
 20
1445.4924
 10
1715.0462
 20
1449.7632
 10
1716.4612
 20
1453.945
 10
1718.0726
 20
1458.0321
 10
1719.875
 20
1462.0187
 10
1721.8625
 20
1465.8993
 10
1724.0296
 20
1469.6683
 10
1726.3706
 20
1473.3199
 10
1728.8798
 20
1476.8484
 10
1731.5516
 20
1480.2484
 10
1734.3804
 20
1483.514
 10
1737.3604
 20
1486.6396
 10
1740.486
 20
1489.6196
 10
1743.7516
 20
1492.4484
 10
1747.1516
 20
1495.1202
 10
1750.6801
 20
1497.6294
 10
1754.3317
 20
1499.9704
 10
1758.1007
 20
1502.1375
 10
1761.9813
 20
1504.125
 10
1765.9679
 20
1505.9274
 10
1770.055
 20
1507.5388
 10
1774.2368
 20
1508.9538
 10
1778.5076
 20
1510.1666
 10
1782.8619
 20
1511.1715
 10
1787.2939
 20
1511.963
 10
1791.798
 20
1512.5353
 10
1796.3686
 20
1512.8829
 10
1801.0
 20
1513.0
 10
1805.6314
 20
1512.8829
 10
1810.202
 20
1512.5353
 10
1814.7061
 20
1511.963
 10
1819.1381
 20
1511.1715
 10
1823.4924
 20
1510.1666
 10
1827.7632
 20
1508.9538
 10
1831.945
 20
1507.5388
 10
1836.0321
 20
1505.9274
 10
1840.0187
 20
1504.125
 10
1843.8993
 20
1502.1375
 10
1847.6683
 20
1499.9704
 10
1851.3199
 20
1497.6294
 10
1854.8484
 20
1495.1202
 10
1858.2484
 20
1492.4484
 10
1861.514
 20
1489.6196
 10
1864.6396
 20
1486.6396
 10
1867.6196
 20
1483.514
 10
1870.4484
 20
1480.2484
 10
1873.1202
 20
1476.8484
 10
1875.6294
 20
1473.3199
 10
1877.9704
 20
1469.6683
 10
1880.1375
 20
1465.8993
 10
1882.125
 20
1462.0187
 10
1883.9274
 20
1458.0321
 10
1885.5388
 20
1453.945
 10
1886.9538
 20
1449.7632
 10
1888.1666
 20
1445.4924
 10
1889.1715
 20
1441.1381
 10
1889.963
 20
1436.7061
 10
1890.5353
 20
1432.202
 10
1890.8829
 20
1427.6314
 10
1891.0
 20
1423.0
  0
TEXT
  5
C5
330
17
100
AcDbEntity
  8
ETCH
100
AcDbText
 10
1801.0
 20
1426.8594900522512
 30
0.0
 40
24.0
  1
P003
 72
1
 11
1801.0
 21
1426.8594900522512
 31
0.0
100
AcDbText
 73
2
  0
LWPOLYLINE
  5
C6
330
17
100
AcDbEntity
  8
CUT
100
AcDbPolyline
 90
129
 70
1
 10
2265.0
 20
1523.0
 10
2264.8048
 20
1515.281
 10
2264.2256
 20
1507.6634
 10
2263.2717
 20
1500.1565
 10
2261.9525
 20
1492.7698
 10
2260.2776
 20
1485.5127
 10
2258.2563
 20
1478.3946
 10
2255.898
 20
1471.425
 10
2253.2123
 20
1464.6132
 10
2250.2084
 20
1457.9688
 10
2246.8958
 20
1451.5011
 10
2243.284
 20
1445.2195
 10
2239.3824
 20
1439.1336
 10
2235.2003
 20
1433.2526
 10
2230.7473
 20
1427.5861
 10
2226.0327
 20
1422.1434
 10
2221.066
 20
1416.934
 10
2215.8566
 20
1411.9673
 10
2210.4139
 20
1407.2527
 10
2204.7474
 20
1402.7997
 10
2198.8664
 20
1398.6176
 10
2192.7805
 20
1394.716
 10
2186.4989
 20
1391.1042
 10
2180.0312
 20
1387.7916
 10
2173.3868
 20
1384.7877
 10
2166.575
 20
1382.102
 10
2159.6054
 20
1379.7437
 10
2152.4873
 20
1377.7224
 10
2145.2302
 20
1376.0475
 10
2137.8435
 20
1374.7283
 10
2130.3366
 20
1373.7744
 10
2122.719
 20
1373.1952
 10
2115.0
 20
1373.0
 10
2107.281
 20
1373.1952
 10
2099.6634
 20
1373.7744
 10
2092.1565
 20
1374.7283
 10
2084.7698
 20
1376.0475
 10
2077.5127
 20
1377.7224
 10
2070.3946
 20
1379.7437
 10
2063.425
 20
1382.102
 10
2056.6132
 20
1384.7877
 10
2049.9688
 20
1387.7916
 10
2043.5011
 20
1391.1042
 10
2037.2195
 20
1394.716
 10
2031.1336
 20
1398.6176
 10
2025.2526
 20
1402.7997
 10
2019.5861
 20
1407.2527
 10
2014.1434
 20
1411.9673
 10
2008.934
 20
1416.934
 10
2003.9673
 20
1422.1434
 10
1999.2527
 20
1427.5861
 10
1994.7997
 20
1433.2526
 10
1990.6176
 20
1439.1336
 10
1986.716
 20
1445.2195
 10
1983.1042
 20
1451.5011
 10
1979.7916
 20
1457.9688
 10
1976.7877
 20
1464.6132
 10
1974.102
 20
1471.425
 10
1971.7437
 20
1478.3946
 10
1969.7224
 20
1485.5127
 10
1968.0475
 20
1492.7698
 10
1966.7283
 20
1500.1565
 10
1965.7744
 20
1507.6634
 10
1965.1952
 20
1515.281
 10
1965.0
 20
1523.0
 10
1965.1952
 20
1530.719
 10
1965.7744
 20
1538.3366
 10
1966.7283
 20
1545.8435
 10
1968.0475
 20
1553.2302
 10
1969.7224
 20
1560.4873
 10
1971.7437
 20
1567.6054
 10
1974.102
 20
1574.575
 10
1976.7877
 20
1581.3868
 10
1979.7916
 20
1588.0312
 10
1983.1042
 20
1594.4989
 10
1986.716
 20
1600.7805
 10
1990.6176
 20
1606.8664
 10
1994.7997
 20
1612.7474
 10
1999.2527
 20
1618.4139
 10
2003.9673
 20
1623.8566
 10
2008.934
 20
1629.066
 10
2014.1434
 20
1634.0327
 10
2019.5861
 20
1638.7473
 10
2025.2526
 20
1643.2003
 10
2031.1336
 20
1647.3824
 10
2037.2195
 20
1651.284
 10
2043.5011
 20
1654.8958
 10
2049.9688
 20
1658.2084
 10
2056.6132
 20
1661.2123
 10
2063.425
 20
1663.898
 10
2070.3946
 20
1666.2563
 10
2077.5127
 20
1668.2776
 10
2084.7698
 20
1669.9525
 10
2092.1565
 20
1671.2717
 10
2099.6634
 20
1672.2256
 10
2107.281
 20
1672.8048
 10
2115.0
 20
1673.0
 10
2122.719
 20
1672.8048
 10
2130.3366
 20
1672.2256
 10
2137.8435
 20
1671.2717
 10
2145.2302
 20
1669.9525
 10
2152.4873
 20
1668.2776
 10
2159.6054
 20
1666.2563
 10
2166.575
 20
1663.898
 10
2173.3868
 20
1661.2123
 10
2180.0312
 20
1658.2084
 10
2186.4989
 20
1654.8958
 10
2192.7805
 20
1651.284
 10
2198.8664
 20
1647.3824
 10
2204.7474
 20
1643.2003
 10
2210.4139
 20
1638.7473
 10
2215.8566
 20
1634.0327
 10
2221.066
 20
1629.066
 10
2226.0327
 20
1623.8566
 10
2230.7473
 20
1618.4139
 10
2235.2003
 20
1612.7474
 10
2239.3824
 20
1606.8664
 10
2243.284
 20
1600.7805
 10
2246.8958
 20
1594.4989
 10
2250.2084
 20
1588.0312
 10
2253.2123
 20
1581.3868
 10
2255.898
 20
1574.575
 10
2258.2563
 20
1567.6054
 10
2260.2776
 20
1560.4873
 10
2261.9525
 20
1553.2302
 10
2263.2717
 20
1545.8435
 10
2264.2256
 20
1538.3366
 10
2264.8048
 20
1530.719
 10
2265.0
 20
1523.0
  0
LWPOLYLINE
  5
C7
330
17
100
AcDbEntity
  8
CUT
100
AcDbPolyline
 90
129
 70
1
 10
2205.0
 20
1523.0
 10
2204.8829
 20
1518.3686
 10
2204.5353
 20
1513.798
 10
2203.963
 20
1509.2939
 10
2203.1715
 20
1504.8619
 10
2202.1666
 20
1500.5076
 10
2200.9538
 20
1496.2368
 10
2199.5388
 20
1492.055
 10
2197.9274
 20
1487.9679
 10
2196.125
 20
1483.9813
 10
2194.1375
 20
1480.1007
 10
2191.9704
 20
1476.3317
 10
2189.6294
 20
1472.6801
 10
2187.1202
 20
1469.1516
 10
2184.4484
 20
1465.7516
 10
2181.6196
 20
1462.486
 10
2178.6396
 20
1459.3604
 10
2175.514
 20
1456.3804
 10
2172.2484
 20
1453.5516
 10
2168.8484
 20
1450.8798
 10
2165.3199
 20
1448.3706
 10
2161.6683
 20
1446.0296
 10
2157.8993
 20
1443.8625
 10
2154.0187
 20
1441.875
 10
2150.0321
 20
1440.0726
 10
2145.945
 20
1438.4612
 10
2141.7632
 20
1437.0462
 10
2137.4924
 20
1435.8334
 10
2133.1381
 20
1434.8285
 10
2128.7061
 20
1434.037
 10
2124.202
 20
1433.4647
 10
2119.6314
 20
1433.1171
 10
2115.0
 20
1433.0
 10
2110.3686
 20
1433.1171
 10
2105.798
 20
1433.4647
 10
2101.2939
 20
1434.037
 10
2096.8619
 20
1434.8285
 10
2092.5076
 20
1435.8334
 10
2088.2368
 20
1437.0462
 10
2084.055
 20
1438.4612
 10
2079.9679
 20
1440.0726
 10
2075.9813
 20
1441.875
 10
2072.1007
 20
1443.8625
 10
2068.3317
 20
1446.0296
 10
2064.6801
 20
1448.3706
 10
2061.1516
 20
1450.8798
 10
2057.7516
 20
1453.5516
 10
2054.486
 20
1456.3804
 10
2051.3604
 20
1459.3604
 10
2048.3804
 20
1462.486
 10
2045.5516
 20
1465.7516
 10
2042.8798
 20
1469.1516
 10
2040.3706
 20
1472.6801
 10
2038.0296
 20
1476.3317
 10
2035.8625
 20
1480.1007
 10
2033.875
 20
1483.9813
 10
2032.0726
 20
1487.9679
 10
2030.4612
 20
1492.055
 10
2029.0462
 20
1496.2368
 10
2027.8334
 20
1500.5076
 10
2026.8285
 20
1504.8619
 10
2026.037
 20
1509.2939
 10
2025.4647
 20
1513.798
 10
2025.1171
 20
1518.3686
 10
2025.0
 20
1523.0
 10
2025.1171
 20
1527.6314
 10
2025.4647
 20
1532.202
 10
2026.037
 20
1536.7061
 10
2026.8285
 20
1541.1381
 10
2027.8334
 20
1545.4924
 10
2029.0462
 20
1549.7632
 10
2030.4612
 20
1553.945
 10
2032.0726
 20
1558.0321
 10
2033.875
 20
1562.0187
 10
2035.8625
 20
1565.8993
 10
2038.0296
 20
1569.6683
 10
2040.3706
 20
1573.3199
 10
2042.8798
 20
1576.8484
 10
2045.5516
 20
1580.2484
 10
2048.3804
 20
1583.514
 10
2051.3604
 20
1586.6396
 10
2054.486
 20
1589.6196
 10
2057.7516
 20
1592.4484
 10
2061.1516
 20
1595.1202
 10
2064.6801
 20
1597.6294
 10
2068.3317
 20
1599.9704
 10
2072.1007
 20
1602.1375
 10
2075.9813
 20
1604.125
 10
2079.9679
 20
1605.9274
 10
2084.055
 20
1607.5388
 10
2088.2368
 20
1608.9538
 10
2092.5076
 20
1610.1666
 10
2096.8619
 20
1611.1715
 10
2101.2939
 20
1611.963
 10
2105.798
 20
1612.5353
 10
2110.3686
 20
1612.8829
 10
2115.0
 20
1613.0
 10
2119.6314
 20
1612.8829
 10
2124.202
 20
1612.5353
 10
2128.7061
 20
1611.963
 10
2133.1381
 20
1611.1715
 10
2137.4924
 20
1610.1666
 10
2141.7632
 20
1608.9538
 10
2145.945
 20
1607.5388
 10
2150.0321
 20
1605.9274
 10
2154.0187
 20
1604.125
 10
2157.8993
 20
1602.1375
 10
2161.6683
 20
1599.9704
 10
2165.3199
 20
1597.6294
 10
2168.8484
 20
1595.1202
 10
2172.2484
 20
1592.4484
 10
2175.514
 20
1589.6196
 10
2178.6396
 20
1586.6396
 10
2181.6196
 20
1583.514
 10
2184.4484
 20
1580.2484
 10
2187.1202
 20
1576.8484
 10
2189.6294
 20
1573.3199
 10
2191.9704
 20
1569.6683
 10
2194.1375
 20
1565.8993
 10
2196.125
 20
1562.0187
 10
2197.9274
 20
1558.0321
 10
2199.5388
 20
1553.945
 10
2200.9538
 20
1549.7632
 10
2202.1666
 20
1545.4924
 10
2203.1715
 20
1541.1381
 10
2203.963
 20
1536.7061
 10
2204.5353
 20
1532.202
 10
2204.8829
 20
1527.6314
 10
2205.0
 20
1523.0
  0
TEXT
  5
C8
330
17
100
AcDbEntity
  8
ETCH
100
AcDbText
 10
2115.0
 20
1526.8594900522512
 30
0.0
 40
24.0
  1
P003
 72
1
 11
2115.0
 21
1526.8594900522512
 31
0.0
100
AcDbText
 73
2
  0
LWPOLYLINE
  5
C9
330
17
100
AcDbEntity
  8
CUT
100
AcDbPolyline
 90
129
 70
1
 10
1637.0
 20
1737.0
 10
1636.8048
 20
1729.281
 10
1636.2256
 20
1721.6634
 10
1635.2717
 20
1714.1565
 10
1633.9525
 20
1706.7698
 10
1632.2776
 20
1699.5127
 10
1630.2563
 20
1692.3946
 10
1627.898
 20
1685.425
 10
1625.2123
 20
1678.6132
 10
1622.2084
 20
1671.9688
 10
1618.8958
 20
1665.5011
 10
1615.284
 20
1659.2195
 10
1611.3824
 20
1653.1336
 10
1607.2003
 20
1647.2526
 10
1602.7473
 20
1641.5861
 10
1598.0327
 20
1636.1434
 10
1593.066
 20
1630.934
 10
1587.8566
 20
1625.9673
 10
1582.4139
 20
1621.2527
 10
1576.7474
 20
1616.7997
 10
1570.8664
 20
1612.6176
 10
1564.7805
 20
1608.716
 10
1558.4989
 20
1605.1042
 10
1552.0312
 20
1601.7916
 10
1545.3868
 20
1598.7877
 10
1538.575
 20
1596.102
 10
1531.6054
 20
1593.7437
 10
1524.4873
 20
1591.7224
 10
1517.2302
 20
1590.0475
 10
1509.8435
 20
1588.7283
 10
1502.3366
 20
1587.7744
 10
1494.719
 20
1587.1952
 10
1487.0
 20
1587.0
 10
1479.281
 20
1587.1952
 10
1471.6634
 20
1587.7744
 10
1464.1565
 20
1588.7283
 10
1456.7698
 20
1590.0475
 10
1449.5127
 20
1591.7224
 10
1442.3946
 20
1593.7437
 10
1435.425
 20
1596.102
 10
1428.6132
 20
1598.7877
 10
1421.9688
 20
1601.7916
 10
1415.5011
 20
1605.1042
 10
1409.2195
 20
1608.716
 10
1403.1336
 20
1612.6176
 10
1397.2526
 20
1616.7997
 10
1391.5861
 20
1621.2527
 10
1386.1434
 20
1625.9673
 10
1380.934
 20
1630.934
 10
1375.9673
 20
1636.1434
 10
1371.2527
 20
1641.5861
 10
1366.7997
 20
1647.2526
 10
1362.6176
 20
1653.1336
 10
1358.716
 20
1659.2195
 10
1355.1042
 20
1665.5011
 10
1351.7916
 20
1671.9688
 10
1348.7877
 20
1678.6132
 10
1346.102
 20
1685.425
 10
1343.7437
 20
1692.3946
 10
1341.7224
 20
1699.5127
 10
1340.0475
 20
1706.7698
 10
1338.7283
 20
1714.1565
 10
1337.7744
 20
1721.6634
 10
1337.1952
 20
1729.281
 10
1337.0
 20
1737.0
 10
1337.1952
 20
1744.719
 10
1337.7744
 20
1752.3366
 10
1338.7283
 20
1759.8435
 10
1340.0475
 20
1767.2302
 10
1341.7224
 20
1774.4873
 10
1343.7437
 20
1781.6054
 10
1346.102
 20
1788.575
 10
1348.7877
 20
1795.3868
 10
1351.7916
 20
1802.0312
 10
1355.1042
 20
1808.4989
 10
1358.716
 20
1814.7805
 10
1362.6176
 20
1820.8664
 10
1366.7997
 20
1826.7474
 10
1371.2527
 20
1832.4139
 10
1375.9673
 20
1837.8566
 10
1380.934
 20
1843.066
 10
1386.1434
 20
1848.0327
 10
1391.5861
 20
1852.7473
 10
1397.2526
 20
1857.2003
 10
1403.1336
 20
1861.3824
 10
1409.2195
 20
1865.284
 10
1415.5011
 20
1868.8958
 10
1421.9688
 20
1872.2084
 10
1428.6132
 20
1875.2123
 10
1435.425
 20
1877.898
 10
1442.3946
 20
1880.2563
 10
1449.5127
 20
1882.2776
 10
1456.7698
 20
1883.9525
 10
1464.1565
 20
1885.2717
 10
1471.6634
 20
1886.2256
 10
1479.281
 20
1886.8048
 10
1487.0
 20
1887.0
 10
1494.719
 20
1886.8048
 10
1502.3366
 20
1886.2256
 10
1509.8435
 20
1885.2717
 10
1517.2302
 20
1883.9525
 10
1524.4873
 20
1882.2776
 10
1531.6054
 20
1880.2563
 10
1538.575
 20
1877.898
 10
1545.3868
 20
1875.2123
 10
1552.0312
 20
1872.2084
 10
1558.4989
 20
1868.8958
 10
1564.7805
 20
1865.284
 10
1570.8664
 20
1861.3824
 10
1576.7474
 20
1857.2003
 10
1582.4139
 20
1852.7473
 10
1587.8566
 20
1848.0327
 10
1593.066
 20
1843.066
 10
1598.0327
 20
1837.8566
 10
1602.7473
 20
1832.4139
 10
1607.2003
 20
1826.7474
 10
1611.3824
 20
1820.8664
 10
1615.284
 20
1814.7805
 10
1618.8958
 20
1808.4989
 10
1622.2084
 20
1802.0312
 10
1625.2123
 20
1795.3868
 10
1627.898
 20
1788.575
 10
1630.2563
 20
1781.6054
 10
1632.2776
 20
1774.4873
 10
1633.9525
 20
1767.2302
 10
1635.2717
 20
1759.8435
 10
1636.2256
 20
1752.3366
 10
1636.8048
 20
1744.719
 10
1637.0
 20
1737.0
  0
LWPOLYLINE
  5
CA
330
17
100
AcDbEntity
  8
CUT
100
AcDbPolyline
 90
129
 70
1
 10
1577.0
 20
1737.0
 10
1576.8829
 20
1732.3686
 10
1576.5353
 20
1727.798
 10
1575.963
 20
1723.2939
 10
1575.1715
 20
1718.8619
 10
1574.1666
 20
1714.5076
 10
1572.9538
 20
1710.2368
 10
1571.5388
 20
1706.055
 10
1569.9274
 20
1701.9679
 10
1568.125
 20
1697.9813
 10
1566.1375
 20
1694.1007
 10
1563.9704
 20
1690.3317
 10
1561.6294
 20
1686.6801
 10
1559.1202
 20
1683.1516
 10
1556.4484
 20
1679.7516
 10
1553.6196
 20
1676.486
 10
1550.6396
 20
1673.3604
 10
1547.514
 20
1670.3804
 10
1544.2484
 20
1667.5516
 10
1540.8484
 20
1664.8798
 10
1537.3199
 20
1662.3706
 10
1533.6683
 20
1660.0296
 10
1529.8993
 20
1657.8625
 10
1526.0187
 20
1655.875
 10
1522.0321
 20
1654.0726
 10
1517.945
 20
1652.4612
 10
1513.7632
 20
1651.0462
 10
1509.4924
 20
1649.8334
 10
1505.1381
 20
1648.8285
 10
1500.7061
 20
1648.037
 10
1496.202
 20
1647.4647
 10
1491.6314
 20
1647.1171
 10
1487.0
 20
1647.0
 10
1482.3686
 20
1647.1171
 10
1477.798
 20
1647.4647
 10
1473.2939
 20
1648.037
 10
1468.8619
 20
1648.8285
 10
1464.5076
 20
1649.8334
 10
1460.2368
 20
1651.0462
 10
1456.055
 20
1652.4612
 10
1451.9679
 20
1654.0726
 10
1447.9813
 20
1655.875
 10
1444.1007
 20
1657.8625
 10
1440.3317
 20
1660.0296
 10
1436.6801
 20
1662.3706
 10
1433.1516
 20
1664.8798
 10
1429.7516
 20
1667.5516
 10
1426.486
 20
1670.3804
 10
1423.3604
 20
1673.3604
 10
1420.3804
 20
1676.486
 10
1417.5516
 20
1679.7516
 10
1414.8798
 20
1683.1516
 10
1412.3706
 20
1686.6801
 10
1410.0296
 20
1690.3317
 10
1407.8625
 20
1694.1007
 10
1405.875
 20
1697.9813
 10
1404.0726
 20
1701.9679
 10
1402.4612
 20
1706.055
 10
1401.0462
 20
1710.2368
 10
1399.8334
 20
1714.5076
 10
1398.8285
 20
1718.8619
 10
1398.037
 20
1723.2939
 10
1397.4647
 20
1727.798
 10
1397.1171
 20
1732.3686
 10
1397.0
 20
1737.0
 10
1397.1171
 20
1741.6314
 10
1397.4647
 20
1746.202
 10
1398.037
 20
1750.7061
 10
1398.8285
 20
1755.1381
 10
1399.8334
 20
1759.4924
 10
1401.0462
 20
1763.7632
 10
1402.4612
 20
1767.945
 10
1404.0726
 20
1772.0321
 10
1405.875
 20
1776.0187
 10
1407.8625
 20
1779.8993
 10
1410.0296
 20
1783.6683
 10
1412.3706
 20
1787.3199
 10
1414.8798
 20
1790.8484
 10
1417.5516
 20
1794.2484
 10
1420.3804
 20
1797.514
 10
1423.3604
 20
1800.6396
 10
1426.486
 20
1803.6196
 10
1429.7516
 20
1806.4484
 10
1433.1516
 20
1809.1202
 10
1436.6801
 20
1811.6294
 10
1440.3317
 20
1813.9704
 10
1444.1007
 20
1816.1375
 10
1447.9813
 20
1818.125
 10
1451.9679
 20
1819.9274
 10
1456.055
 20
1821.5388
 10
1460.2368
 20
1822.9538
 10
1464.5076
 20
1824.1666
 10
1468.8619
 20
1825.1715
 10
1473.2939
 20
1825.963
 10
1477.798
 20
1826.5353
 10
1482.3686
 20
1826.8829
 10
1487.0
 20
1827.0
 10
1491.6314
 20
1826.8829
 10
1496.202
 20
1826.5353
 10
1500.7061
 20
1825.963
 10
1505.1381
 20
1825.1715
 10
1509.4924
 20
1824.1666
 10
1513.7632
 20
1822.9538
 10
1517.945
 20
1821.5388
 10
1522.0321
 20
1819.9274
 10
1526.0187
 20
1818.125
 10
1529.8993
 20
1816.1375
 10
1533.6683
 20
1813.9704
 10
1537.3199
 20
1811.6294
 10
1540.8484
 20
1809.1202
 10
1544.2484
 20
1806.4484
 10
1547.514
 20
1803.6196
 10
1550.6396
 20
1800.6396
 10
1553.6196
 20
1797.514
 10
1556.4484
 20
1794.2484
 10
1559.1202
 20
1790.8484
 10
1561.6294
 20
1787.3199
 10
1563.9704
 20
1783.6683
 10
1566.1375
 20
1779.8993
 10
1568.125
 20
1776.0187
 10
1569.9274
 20
1772.0321
 10
1571.5388
 20
1767.945
 10
1572.9538
 20
1763.7632
 10
1574.1666
 20
1759.4924
 10
1575.1715
 20
1755.1381
 10
1575.963
 20
1750.7061
 10
1576.5353
 20
1746.202
 10
1576.8829
 20
1741.6314
 10
1577.0
 20
1737.0
  0
TEXT
  5
CB
330
17
100
AcDbEntity
  8
ETCH
100
AcDbText
 10
1487.0
 20
1740.8594900522512
 30
0.0
 40
24.0
  1
P003
 72
1
 11
1487.0
 21
1740.8594900522512
 31
0.0
100
AcDbText
 73
2
  0
LWPOLYLINE
  5
CC
330
17
100
AcDbEntity
  8
CUT
100
AcDbPolyline
 90
7
 70
1
 10
1651.0
 20
1587.0
 10
1951.0
 20
1587.0
 10
1951.0
 20
1627.0
 10
1691.0
 20
1627.0
 10
1691.0
 20
1887.0
 10
1651.0
 20
1887.0
 10
1651.0
 20
1587.0
  0
TEXT
  5
CD
330
17
100
AcDbEntity
  8
ETCH
100
AcDbText
 10
1671.0
 20
1757.0
 30
0.0
 40
24.0
  1
P001
 72
1
 11
1671.0
 21
1757.0
 31
0.0
100
AcDbText
 73
2
  0
LWPOLYLINE
  5
CE
330
17
100
AcDbEntity
  8
CUT
100
AcDbPolyline
 90
7
 70
1
 10
1965.0
 20
1687.0
 10
2265.0
 20
1687.0
 10
2265.0
 20
1727.0
 10
2005.0
 20
1727.0
 10
2005.0
 20
1987.0
 10
1965.0
 20
1987.0
 10
1965.0
 20
1687.0
  0
TEXT
  5
CF
330
17
100
AcDbEntity
  8
ETCH
100
AcDbText
 10
1985.0
 20
1857.0
 30
0.0
 40
24.0
  1
P001
 72
1
 11
1985.0
 21
1857.0
 31
0.0
100
AcDbText
 73
2
  0
LWPOLYLINE
  5
D0
330
17
100
AcDbEntity
  8
CUT
100
AcDbPolyline
 90
7
 70
1
 10
1337.0
 20
1901.0
 10
1637.0
 20
1901.0
 10
1637.0
 20
1941.0
 10
1377.0
 20
1941.0
 10
1377.0
 20
2201.0
 10
1337.0
 20
2201.0
 10
1337.0
 20
1901.0
  0
TEXT
  5
D1
330
17
100
AcDbEntity
  8
ETCH
100
AcDbText
 10
1357.0
 20
2071.0
 30
0.0
 40
24.0
  1
P001
 72
1
 11
1357.0
 21
2071.0
 31
0.0
100
AcDbText
 73
2
  0
LWPOLYLINE
  5
D2
330
17
100
AcDbEntity
  8
CUT
100
AcDbPolyline
 90
7
 70
1
 10
1651.0
 20
1901.0
 10
1951.0
 20
1901.0
 10
1951.0
 20
1941.0
 10
1691.0
 20
1941.0
 10
1691.0
 20
2201.0
 10
1651.0
 20
2201.0
 10
1651.0
 20
1901.0
  0
TEXT
  5
D3
330
17
100
AcDbEntity
  8
ETCH
100
AcDbText
 10
1671.0
 20
2071.0
 30
0.0
 40
24.0
  1
P001
 72
1
 11
1671.0
 21
2071.0
 31
0.0
100
AcDbText
 73
2
  0
LWPOLYLINE
  5
D4
330
17
100
AcDbEntity
  8
CUT
100
AcDbPolyline
 90
7
 70
1
 10
1965.0
 20
2001.0
 10
2265.0
 20
2001.0
 10
2265.0
 20
2041.0
 10
2005.0
 20
2041.0
 10
2005.0
 20
2301.0
 10
1965.0
 20
2301.0
 10
1965.0
 20
2001.0
  0
TEXT
  5
D5
330
17
100
AcDbEntity
  8
ETCH
100
AcDbText
 10
1985.0
 20
2171.0
 30
0.0
 40
24.0
  1
P001
 72
1
 11
1985.0
 21
2171.0
 31
0.0
100
AcDbText
 73
2
  0
LWPOLYLINE
  5
D6
330
17
100
AcDbEntity
  8
OFFCUT
100
AcDbPolyline
 90
5
 70
1
 10
1330.0
 20
10.0
 10
1330.0
 20
2430.0
 10
2530.0
 20
2430.0
 10
2530.0
 20
10.0
 10
1330.0
 20
10.0
  0
LWPOLYLINE
  5
D7
330
17
100
AcDbEntity
  8
OFFCUT
100
AcDbPolyline
 90
5
 70
1
 10
1737.0
 20
17.0
 10
1737.0
 20
317.0
 10
1337.0
 20
317.0
 10
1337.0
 20
17.0
 10
1737.0
 20
17.0
  0
LWPOLYLINE
  5
D8
330
17
100
AcDbEntity
  8
OFFCUT
100
AcDbPolyline
 90
5
 70
1
 10
1737.0
 20
331.0
 10
1737.0
 20
631.0
 10
1337.0
 20
631.0
 10
1337.0
 20
331.0
 10
1737.0
 20
331.0
  0
LWPOLYLINE
  5
D9
330
17
100
AcDbEntity
  8
OFFCUT
100
AcDbPolyline
 90
129
 70
1
 10
1635.2717
 20
772.1565
 10
1636.2256
 20
779.6634
 10
1636.8048
 20
787.281
 10
1637.0
 20
795.0
 10
1636.8048
 20
802.719
 10
1636.2256
 20
810.3366
 10
1635.2717
 20
817.8435
 10
1633.9525
 20
825.2302
 10
1632.2776
 20
832.4873
 10
1630.2563
 20
839.6054
 10
1627.898
 20
846.575
 10
1625.2123
 20
853.3868
 10
1622.2084
 20
860.0312
 10
1618.8958
 20
866.4989
 10
1615.284
 20
872.7805
 10
1611.3824
 20
878.8664
 10
1607.2003
 20
884.7474
 10
1602.7473
 20
890.4139
 10
1598.0327
 20
895.8566
 10
1593.066
 20
901.066
 10
1587.8566
 20
906.0327
 10
1582.4139
 20
910.7473
 10
1576.7474
 20
915.2003
 10
1570.8664
 20
919.3824
 10
1564.7805
 20
923.284
 10
1558.4989
 20
926.8958
 10
1552.0312
 20
930.2084
 10
1545.3868
 20
933.2123
 10
1538.575
 20
935.898
 10
1531.6054
 20
938.2563
 10
1524.4873
 20
940.2776
 10
1517.2302
 20
941.9525
 10
1509.8435
 20
943.2717
 10
1502.3366
 20
944.2256
 10
1494.719
 20
944.8048
 10
1487.0
 20
945.0
 10
1479.281
 20
944.8048
 10
1471.6634
 20
944.2256
 10
1464.1565
 20
943.2717
 10
1456.7698
 20
941.9525
 10
1449.5127
 20
940.2776
 10
1442.3946
 20
938.2563
 10
1435.425
 20
935.898
 10
1428.6132
 20
933.2123
 10
1421.9688
 20
930.2084
 10
1415.5011
 20
926.8958
 10
1409.2195
 20
923.284
 10
1403.1336
 20
919.3824
 10
1397.2526
 20
915.2003
 10
1391.5861
 20
910.7473
 10
1386.1434
 20
906.0327
 10
1380.934
 20
901.066
 10
1375.9673
 20
895.8566
 10
1371.2527
 20
890.4139
 10
1366.7997
 20
884.7474
 10
1362.6176
 20
878.8664
 10
1358.716
 20
872.7805
 10
1355.1042
 20
866.4989
 10
1351.7916
 20
860.0312
 10
1348.7877
 20
853.3868
 10
1346.102
 20
846.575
 10
1343.7437
 20
839.6054
 10
1341.7224
 20
832.4873
 10
1340.0475
 20
825.2302
 10
1338.7283
 20
817.8435
 10
1337.7744
 20
810.3366
 10
1337.1952
 20
802.719
 10
1337.0
 20
795.0
 10
1337.1952
 20
787.281
 10
1337.7744
 20
779.6634
 10
1338.7283
 20
772.1565
 10
1340.0475
 20
764.7698
 10
1341.7224
 20
757.5127
 10
1343.7437
 20
750.3946
 10
1346.102
 20
743.425
 10
1348.7877
 20
736.6132
 10
1351.7916
 20
729.9688
 10
1355.1042
 20
723.5011
 10
1358.716
 20
717.2195
 10
1362.6176
 20
711.1336
 10
1366.7997
 20
705.2526
 10
1371.2527
 20
699.5861
 10
1375.9673
 20
694.1434
 10
1380.934
 20
688.934
 10
1386.1434
 20
683.9673
 10
1391.5861
 20
679.2527
 10
1397.2526
 20
674.7997
 10
1403.1336
 20
670.6176
 10
1409.2195
 20
666.716
 10
1415.5011
 20
663.1042
 10
1421.9688
 20
659.7916
 10
1428.6132
 20
656.7877
 10
1435.425
 20
654.102
 10
1442.3946
 20
651.7437
 10
1449.5127
 20
649.7224
 10
1456.7698
 20
648.0475
 10
1464.1565
 20
646.7283
 10
1471.6634
 20
645.7744
 10
1479.281
 20
645.1952
 10
1487.0
 20
645.0
 10
1494.719
 20
645.1952
 10
1502.3366
 20
645.7744
 10
1509.8435
 20
646.7283
 10
1517.2302
 20
648.0475
 10
1524.4873
 20
649.7224
 10
1531.6054
 20
651.7437
 10
1538.575
 20
654.102
 10
1545.3868
 20
656.7877
 10
1552.0312
 20
659.7916
 10
1558.4989
 20
663.1042
 10
1564.7805
 20
666.716
 10
1570.8664
 20
670.6176
 10
1576.7474
 20
674.7997
 10
1582.4139
 20
679.2527
 10
1587.8566
 20
683.9673
 10
1593.066
 20
688.934
 10
1598.0327
 20
694.1434
 10
1602.7473
 20
699.5861
 10
1607.2003
 20
705.2526
 10
1611.3824
 20
711.1336
 10
1615.284
 20
717.2195
 10
1618.8958
 20
723.5011
 10
1622.2084
 20
729.9688
 10
1625.2123
 20
736.6132
 10
1627.898
 20
743.425
 10
1630.2563
 20
750.3946
 10
1632.2776
 20
757.5127
 10
1633.9525
 20
764.7698
 10
1635.2717
 20
772.1565
  0
LWPOLYLINE
  5
DA
330
17
100
AcDbEntity
  8
OFFCUT
100
AcDbPolyline
 90
129
 70
1
 10
1947.9525
 20
764.7698
 10
1949.2717
 20
772.1565
 10
1950.2256
 20
779.6634
 10
1950.8048
 20
787.281
 10
1951.0
 20
795.0
 10
1950.8048
 20
802.719
 10
1950.2256
 20
810.3366
 10
1949.2717
 20
817.8435
 10
1947.9525
 20
825.2302
 10
1946.2776
 20
832.4873
 10
1944.2563
 20
839.6054
 10
1941.898
 20
846.575
 10
1939.2123
 20
853.3868
 10
1936.2084
 20
860.0312
 10
1932.8958
 20
866.4989
 10
1929.284
 20
872.7805
 10
1925.3824
 20
878.8664
 10
1921.2003
 20
884.7474
 10
1916.7473
 20
890.4139
 10
1912.0327
 20
895.8566
 10
1907.066
 20
901.066
 10
1901.8566
 20
906.0327
 10
1896.4139
 20
910.7473
 10
1890.7474
 20
915.2003
 10
1884.8664
 20
919.3824
 10
1878.7805
 20
923.284
 10
1872.4989
 20
926.8958
 10
1866.0312
 20
930.2084
 10
1859.3868
 20
933.2123
 10
1852.575
 20
935.898
 10
1845.6054
 20
938.2563
 10
1838.4873
 20
940.2776
 10
1831.2302
 20
941.9525
 10
1823.8435
 20
943.2717
 10
1816.3366
 20
944.2256
 10
1808.719
 20
944.8048
 10
1801.0
 20
945.0
 10
1793.281
 20
944.8048
 10
1785.6634
 20
944.2256
 10
1778.1565
 20
943.2717
 10
1770.7698
 20
941.9525
 10
1763.5127
 20
940.2776
 10
1756.3946
 20
938.2563
 10
1749.425
 20
935.898
 10
1742.6132
 20
933.2123
 10
1735.9688
 20
930.2084
 10
1729.5011
 20
926.8958
 10
1723.2195
 20
923.284
 10
1717.1336
 20
919.3824
 10
1711.2526
 20
915.2003
 10
1705.5861
 20
910.7473
 10
1700.1434
 20
906.0327
 10
1694.934
 20
901.066
 10
1689.9673
 20
895.8566
 10
1685.2527
 20
890.4139
 10
1680.7997
 20
884.7474
 10
1676.6176
 20
878.8664
 10
1672.716
 20
872.7805
 10
1669.1042
 20
866.4989
 10
1665.7916
 20
860.0312
 10
1662.7877
 20
853.3868
 10
1660.102
 20
846.575
 10
1657.7437
 20
839.6054
 10
1655.7224
 20
832.4873
 10
1654.0475
 20
825.2302
 10
1652.7283
 20
817.8435
 10
1651.7744
 20
810.3366
 10
1651.1952
 20
802.719
 10
1651.0
 20
795.0
 10
1651.1952
 20
787.281
 10
1651.7744
 20
779.6634
 10
1652.7283
 20
772.1565
 10
1654.0475
 20
764.7698
 10
1655.7224
 20
757.5127
 10
1657.7437
 20
750.3946
 10
1660.102
 20
743.425
 10
1662.7877
 20
736.6132
 10
1665.7916
 20
729.9688
 10
1669.1042
 20
723.5011
 10
1672.716
 20
717.2195
 10
1676.6176
 20
711.1336
 10
1680.7997
 20
705.2526
 10
1685.2527
 20
699.5861
 10
1689.9673
 20
694.1434
 10
1694.934
 20
688.934
 10
1700.1434
 20
683.9673
 10
1705.5861
 20
679.2527
 10
1711.2526
 20
674.7997
 10
1717.1336
 20
670.6176
 10
1723.2195
 20
666.716
 10
1729.5011
 20
663.1042
 10
1735.9688
 20
659.7916
 10
1742.6132
 20
656.7877
 10
1749.425
 20
654.102
 10
1756.3946
 20
651.7437
 10
1763.5127
 20
649.7224
 10
1770.7698
 20
648.0475
 10
1778.1565
 20
646.7283
 10
1785.6634
 20
645.7744
 10
1793.281
 20
645.1952
 10
1801.0
 20
645.0
 10
1808.719
 20
645.1952
 10
1816.3366
 20
645.7744
 10
1823.8435
 20
646.7283
 10
1831.2302
 20
648.0475
 10
1838.4873
 20
649.7224
 10
1845.6054
 20
651.7437
 10
1852.575
 20
654.102
 10
1859.3868
 20
656.7877
 10
1866.0312
 20
659.7916
 10
1872.4989
 20
663.1042
 10
1878.7805
 20
666.716
 10
1884.8664
 20
670.6176
 10
1890.7474
 20
674.7997
 10
1896.4139
 20
679.2527
 10
1901.8566
 20
683.9673
 10
1907.066
 20
688.934
 10
1912.0327
 20
694.1434
 10
1916.7473
 20
699.5861
 10
1921.2003
 20
705.2526
 10
1925.3824
 20
711.1336
 10
1929.284
 20
717.2195
 10
1932.8958
 20
723.5011
 10
1936.2084
 20
729.9688
 10
1939.2123
 20
736.6132
 10
1941.898
 20
743.425
 10
1944.2563
 20
750.3946
 10
1946.2776
 20
757.5127
 10
1947.9525
 20
764.7698
  0
LWPOLYLINE
  5
DB
330
17
100
AcDbEntity
  8
OFFCUT
100
AcDbPolyline
 90
129
 70
1
 10
1633.9525
 20
1078.7698
 10
1635.2717
 20
1086.1565
 10
1636.2256
 20
1093.6634
 10
1636.8048
 20
1101.281
 10
1637.0
 20
1109.0
 10
1636.8048
 20
1116.719
 10
1636.2256
 20
1124.3366
 10
1635.2717
 20
1131.8435
 10
1633.9525
 20
1139.2302
 10
1632.2776
 20
1146.4873
 10
1630.2563
 20
1153.6054
 10
1627.898
 20
1160.575
 10
1625.2123
 20
1167.3868
 10
1622.2084
 20
1174.0312
 10
1618.8958
 20
1180.4989
 10
1615.284
 20
1186.7805
 10
1611.3824
 20
1192.8664
 10
1607.2003
 20
1198.7474
 10
1602.7473
 20
1204.4139
 10
1598.0327
 20
1209.8566
 10
1593.066
 20
1215.066
 10
1587.8566
 20
1220.0327
 10
1582.4139
 20
1224.7473
 10
1576.7474
 20
1229.2003
 10
1570.8664
 20
1233.3824
 10
1564.7805
 20
1237.284
 10
1558.4989
 20
1240.8958
 10
1552.0312
 20
1244.2084
 10
1545.3868
 20
1247.2123
 10
1538.575
 20
1249.898
 10
1531.6054
 20
1252.2563
 10
1524.4873
 20
1254.2776
 10
1517.2302
 20
1255.9525
 10
1509.8435
 20
1257.2717
 10
1502.3366
 20
1258.2256
 10
1494.719
 20
1258.8048
 10
1487.0
 20
1259.0
 10
1479.281
 20
1258.8048
 10
1471.6634
 20
1258.2256
 10
1464.1565
 20
1257.2717
 10
1456.7698
 20
1255.9525
 10
1449.5127
 20
1254.2776
 10
1442.3946
 20
1252.2563
 10
1435.425
 20
1249.898
 10
1428.6132
 20
1247.2123
 10
1421.9688
 20
1244.2084
 10
1415.5011
 20
1240.8958
 10
1409.2195
 20
1237.284
 10
1403.1336
 20
1233.3824
 10
1397.2526
 20
1229.2003
 10
1391.5861
 20
1224.7473
 10
1386.1434
 20
1220.0327
 10
1380.934
 20
1215.066
 10
1375.9673
 20
1209.8566
 10
1371.2527
 20
1204.4139
 10
1366.7997
 20
1198.7474
 10
1362.6176
 20
1192.8664
 10
1358.716
 20
1186.7805
 10
1355.1042
 20
1180.4989
 10
1351.7916
 20
1174.0312
 10
1348.7877
 20
1167.3868
 10
1346.102
 20
1160.575
 10
1343.7437
 20
1153.6054
 10
1341.7224
 20
1146.4873
 10
1340.0475
 20
1139.2302
 10
1338.7283
 20
1131.8435
 10
1337.7744
 20
1124.3366
 10
1337.1952
 20
1116.719
 10
1337.0
 20
1109.0
 10
1337.1952
 20
1101.281
 10
1337.7744
 20
1093.6634
 10
1338.7283
 20
1086.1565
 10
1340.0475
 20
1078.7698
 10
1341.7224
 20
1071.5127
 10
1343.7437
 20
1064.3946
 10
1346.102
 20
1057.425
 10
1348.7877
 20
1050.6132
 10
1351.7916
 20
1043.9688
 10
1355.1042
 20
1037.5011
 10
1358.716
 20
1031.2195
 10
1362.6176
 20
1025.1336
 10
1366.7997
 20
1019.2526
 10
1371.2527
 20
1013.5861
 10
1375.9673
 20
1008.1434
 10
1380.934
 20
1002.934
 10
1386.1434
 20
997.9673
 10
1391.5861
 20
993.2527
 10
1397.2526
 20
988.7997
 10
1403.1336
 20
984.6176
 10
1409.2195
 20
980.716
 10
1415.5011
 20
977.1042
 10
1421.9688
 20
973.7916
 10
1428.6132
 20
970.7877
 10
1435.425
 20
968.102
 10
1442.3946
 20
965.7437
 10
1449.5127
 20
963.7224
 10
1456.7698
 20
962.0475
 10
1464.1565
 20
960.7283
 10
1471.6634
 20
959.7744
 10
1479.281
 20
959.1952
 10
1487.0
 20
959.0
 10
1494.719
 20
959.1952
 10
1502.3366
 20
959.7744
 10
1509.8435
 20
960.7283
 10
1517.2302
 20
962.0475
 10
1524.4873
 20
963.7224
 10
1531.6054
 20
965.7437
 10
1538.575
 20
968.102
 10
1545.3868
 20
970.7877
 10
1552.0312
 20
973.7916
 10
1558.4989
 20
977.1042
 10
1564.7805
 20
980.716
 10
1570.8664
 20
984.6176
 10
1576.7474
 20
988.7997
 10
1582.4139
 20
993.2527
 10
1587.8566
 20
997.9673
 10
1593.066
 20
1002.934
 10
1598.0327
 20
1008.1434
 10
1602.7473
 20
1013.5861
 10
1607.2003
 20
1019.2526
 10
1611.3824
 20
1025.1336
 10
1615.284
 20
1031.2195
 10
1618.8958
 20
1037.5011
 10
1622.2084
 20
1043.9688
 10
1625.2123
 20
1050.6132
 10
1627.898
 20
1057.425
 10
1630.2563
 20
1064.3946
 10
1632.2776
 20
1071.5127
 10
1633.9525
 20
1078.7698
  0
LWPOLYLINE
  5
DC
330
17
100
AcDbEntity
  8
OFFCUT
100
AcDbPolyline
 90
129
 70
1
 10
1949.2717
 20
1086.1565
 10
1950.2256
 20
1093.6634
 10
1950.8048
 20
1101.281
 10
1951.0
 20
1109.0
 10
1950.8048
 20
1116.719
 10
1950.2256
 20
1124.3366
 10
1949.2717
 20
1131.8435
 10
1947.9525
 20
1139.2302
 10
1946.2776
 20
1146.4873
 10
1944.2563
 20
1153.6054
 10
1941.898
 20
1160.575
 10
1939.2123
 20
1167.3868
 10
1936.2084
 20
1174.0312
 10
1932.8958
 20
1180.4989
 10
1929.284
 20
1186.7805
 10
1925.3824
 20
1192.8664
 10
1921.2003
 20
1198.7474
 10
1916.7473
 20
1204.4139
 10
1912.0327
 20
1209.8566
 10
1907.066
 20
1215.066
 10
1901.8566
 20
1220.0327
 10
1896.4139
 20
1224.7473
 10
1890.7474
 20
1229.2003
 10
1884.8664
 20
1233.3824
 10
1878.7805
 20
1237.284
 10
1872.4989
 20
1240.8958
 10
1866.0312
 20
1244.2084
 10
1859.3868
 20
1247.2123
 10
1852.575
 20
1249.898
 10
1845.6054
 20
1252.2563
 10
1838.4873
 20
1254.2776
 10
1831.2302
 20
1255.9525
 10
1823.8435
 20
1257.2717
 10
1816.3366
 20
1258.2256
 10
1808.719
 20
1258.8048
 10
1801.0
 20
1259.0
 10
1793.281
 20
1258.8048
 10
1785.6634
 20
1258.2256
 10
1778.1565
 20
1257.2717
 10
1770.7698
 20
1255.9525
 10
1763.5127
 20
1254.2776
 10
1756.3946
 20
1252.2563
 10
1749.425
 20
1249.898
 10
1742.6132
 20
1247.2123
 10
1735.9688
 20
1244.2084
 10
1729.5011
 20
1240.8958
 10
1723.2195
 20
1237.284
 10
1717.1336
 20
1233.3824
 10
1711.2526
 20
1229.2003
 10
1705.5861
 20
1224.7473
 10
1700.1434
 20
1220.0327
 10
1694.934
 20
1215.066
 10
1689.9673
 20
1209.8566
 10
1685.2527
 20
1204.4139
 10
1680.7997
 20
1198.7474
 10
1676.6176
 20
1192.8664
 10
1672.716
 20
1186.7805
 10
1669.1042
 20
1180.4989
 10
1665.7916
 20
1174.0312
 10
1662.7877
 20
1167.3868
 10
1660.102
 20
1160.575
 10
1657.7437
 20
1153.6054
 10
1655.7224
 20
1146.4873
 10
1654.0475
 20
1139.2302
 10
1652.7283
 20
1131.8435
 10
1651.7744
 20
1124.3366
 10
1651.1952
 20
1116.719
 10
1651.0
 20
1109.0
 10
1651.1952
 20
1101.281
 10
1651.7744
 20
1093.6634
 10
1652.7283
 20
1086.1565
 10
1654.0475
 20
1078.7698
 10
1655.7224
 20
1071.5127
 10
1657.7437
 20
1064.3946
 10
1660.102
 20
1057.425
 10
1662.7877
 20
1050.6132
 10
1665.7916
 20
1043.9688
 10
1669.1042
 20
1037.5011
 10
1672.716
 20
1031.2195
 10
1676.6176
 20
1025.1336
 10
1680.7997
 20
1019.2526
 10
1685.2527
 20
1013.5861
 10
1689.9673
 20
1008.1434
 10
1694.934
 20
1002.934
 10
1700.1434
 20
997.9673
 10
1705.5861
 20
993.2527
 10
1711.2526
 20
988.7997
 10
1717.1336
 20
984.6176
 10
1723.2195
 20
980.716
 10
1729.5011
 20
977.1042
 10
1735.9688
 20
973.7916
 10
1742.6132
 20
970.7877
 10
1749.425
 20
968.102
 10
1756.3946
 20
965.7437
 10
1763.5127
 20
963.7224
 10
1770.7698
 20
962.0475
 10
1778.1565
 20
960.7283
 10
1785.6634
 20
959.7744
 10
1793.281
 20
959.1952
 10
1801.0
 20
959.0
 10
1808.719
 20
959.1952
 10
1816.3366
 20
959.7744
 10
1823.8435
 20
960.7283
 10
1831.2302
 20
962.0475
 10
1838.4873
 20
963.7224
 10
1845.6054
 20
965.7437
 10
1852.575
 20
968.102
 10
1859.3868
 20
970.7877
 10
1866.0312
 20
973.7916
 10
1872.4989
 20
977.1042
 10
1878.7805
 20
980.716
 10
1884.8664
 20
984.6176
 10
1890.7474
 20
988.7997
 10
1896.4139
 20
993.2527
 10
1901.8566
 20
997.9673
 10
1907.066
 20
1002.934
 10
1912.0327
 20
1008.1434
 10
1916.7473
 20
1013.5861
 10
1921.2003
 20
1019.2526
 10
1925.3824
 20
1025.1336
 10
1929.284
 20
1031.2195
 10
1932.8958
 20
1037.5011
 10
1936.2084
 20
1043.9688
 10
1939.2123
 20
1050.6132
 10
1941.898
 20
1057.425
 10
1944.2563
 20
1064.3946
 10
1946.2776
 20
1071.5127
 10
1947.9525
 20
1078.7698
 10
1949.2717
 20
1086.1565
  0
LWPOLYLINE
  5
DD
330
17
100
AcDbEntity
  8
OFFCUT
100
AcDbPolyline
 90
129
 70
1
 10
1635.2717
 20
1400.1565
 10
1636.2256
 20
1407.6634
 10
1636.8048
 20
1415.281
 10
1637.0
 20
1423.0
 10
1636.8048
 20
1430.719
 10
1636.2256
 20
1438.3366
 10
1635.2717
 20
1445.8435
 10
1633.9525
 20
1453.2302
 10
1632.2776
 20
1460.4873
 10
1630.2563
 20
1467.6054
 10
1627.898
 20
1474.575
 10
1625.2123
 20
1481.3868
 10
1622.2084
 20
1488.0312
 10
1618.8958
 20
1494.4989
 10
1615.284
 20
1500.7805
 10
1611.3824
 20
1506.8664
 10
1607.2003
 20
1512.7474
 10
1602.7473
 20
1518.4139
 10
1598.0327
 20
1523.8566
 10
1593.066
 20
1529.066
 10
1587.8566
 20
1534.0327
 10
1582.4139
 20
1538.7473
 10
1576.7474
 20
1543.2003
 10
1570.8664
 20
1547.3824
 10
1564.7805
 20
1551.284
 10
1558.4989
 20
1554.8958
 10
1552.0312
 20
1558.2084
 10
1545.3868
 20
1561.2123
 10
1538.575
 20
1563.898
 10
1531.6054
 20
1566.2563
 10
1524.4873
 20
1568.2776
 10
1517.2302
 20
1569.9525
 10
1509.8435
 20
1571.2717
 10
1502.3366
 20
1572.2256
 10
1494.719
 20
1572.8048
 10
1487.0
 20
1573.0
 10
1479.281
 20
1572.8048
 10
1471.6634
 20
1572.2256
 10
1464.1565
 20
1571.2717
 10
1456.7698
 20
1569.9525
 10
1449.5127
 20
1568.2776
 10
1442.3946
 20
1566.2563
 10
1435.425
 20
1563.898
 10
1428.6132
 20
1561.2123
 10
1421.9688
 20
1558.2084
 10
1415.5011
 20
1554.8958
 10
1409.2195
 20
1551.284
 10
1403.1336
 20
1547.3824
 10
1397.2526
 20
1543.2003
 10
1391.5861
 20
1538.7473
 10
1386.1434
 20
1534.0327
 10
1380.934
 20
1529.066
 10
1375.9673
 20
1523.8566
 10
1371.2527
 20
1518.4139
 10
1366.7997
 20
1512.7474
 10
1362.6176
 20
1506.8664
 10
1358.716
 20
1500.7805
 10
1355.1042
 20
1494.4989
 10
1351.7916
 20
1488.0312
 10
1348.7877
 20
1481.3868
 10
1346.102
 20
1474.575
 10
1343.7437
 20
1467.6054
 10
1341.7224
 20
1460.4873
 10
1340.0475
 20
1453.2302
 10
1338.7283
 20
1445.8435
 10
1337.7744
 20
1438.3366
 10
1337.1952
 20
1430.719
 10
1337.0
 20
1423.0
 10
1337.1952
 20
1415.281
 10
1337.7744
 20
1407.6634
 10
1338.7283
 20
1400.1565
 10
1340.0475
 20
1392.7698
 10
1341.7224
 20
1385.5127
 10
1343.7437
 20
1378.3946
 10
1346.102
 20
1371.425
 10
1348.7877
 20
1364.6132
 10
1351.7916
 20
1357.9688
 10
1355.1042
 20
1351.5011
 10
1358.716
 20
1345.2195
 10
1362.6176
 20
1339.1336
 10
1366.7997
 20
1333.2526
 10
1371.2527
 20
1327.5861
 10
1375.9673
 20
1322.1434
 10
1380.934
 20
1316.934
 10
1386.1434
 20
1311.9673
 10
1391.5861
 20
1307.2527
 10
1397.2526
 20
1302.7997
 10
1403.1336
 20
1298.6176
 10
1409.2195
 20
1294.716
 10
1415.5011
 20
1291.1042
 10
1421.9688
 20
1287.7916
 10
1428.6132
 20
1284.7877
 10
1435.425
 20
1282.102
 10
1442.3946
 20
1279.7437
 10
1449.5127
 20
1277.7224
 10
1456.7698
 20
1276.0475
 10
1464.1565
 20
1274.7283
 10
1471.6634
 20
1273.7744
 10
1479.281
 20
1273.1952
 10
1487.0
 20
1273.0
 10
1494.719
 20
1273.1952
 10
1502.3366
 20
1273.7744
 10
1509.8435
 20
1274.7283
 10
1517.2302
 20
1276.0475
 10
1524.4873
 20
1277.7224
 10
1531.6054
 20
1279.7437
 10
1538.575
 20
1282.102
 10
1545.3868
 20
1284.7877
 10
1552.0312
 20
1287.7916
 10
1558.4989
 20
1291.1042
 10
1564.7805
 20
1294.716
 10
1570.8664
 20
1298.6176
 10
1576.7474
 20
1302.7997
 10
1582.4139
 20
1307.2527
 10
1587.8566
 20
1311.9673
 10
1593.066
 20
1316.934
 10
1598.0327
 20
1322.1434
 10
1602.7473
 20
1327.5861
 10
1607.2003
 20
1333.2526
 10
1611.3824
 20
1339.1336
 10
1615.284
 20
1345.2195
 10
1618.8958
 20
1351.5011
 10
1622.2084
 20
1357.9688
 10
1625.2123
 20
1364.6132
 10
1627.898
 20
1371.425
 10
1630.2563
 20
1378.3946
 10
1632.2776
 20
1385.5127
 10
1633.9525
 20
1392.7698
 10
1635.2717
 20
1400.1565
  0
LWPOLYLINE
  5
DE
330
17
100
AcDbEntity
  8
OFFCUT
100
AcDbPolyline
 90
129
 70
1
 10
1635.2717
 20
1714.1565
 10
1636.2256
 20
1721.6634
 10
1636.8048
 20
1729.281
 10
1637.0
 20
1737.0
 10
1636.8048
 20
1744.719
 10
1636.2256
 20
1752.3366
 10
1635.2717
 20
1759.8435
 10
1633.9525
 20
1767.2302
 10
1632.2776
 20
1774.4873
 10
1630.2563
 20
1781.6054
 10
1627.898
 20
1788.575
 10
1625.2123
 20
1795.3868
 10
1622.2084
 20
1802.0312
 10
1618.8958
 20
1808.4989
 10
1615.284
 20
1814.7805
 10
1611.3824
 20
1820.8664
 10
1607.2003
 20
1826.7474
 10
1602.7473
 20
1832.4139
 10
1598.0327
 20
1837.8566
 10
1593.066
 20
1843.066
 10
1587.8566
 20
1848.0327
 10
1582.4139
 20
1852.7473
 10
1576.7474
 20
1857.2003
 10
1570.8664
 20
1861.3824
 10
1564.7805
 20
1865.284
 10
1558.4989
 20
1868.8958
 10
1552.0312
 20
1872.2084
 10
1545.3868
 20
1875.2123
 10
1538.575
 20
1877.898
 10
1531.6054
 20
1880.2563
 10
1524.4873
 20
1882.2776
 10
1517.2302
 20
1883.9525
 10
1509.8435
 20
1885.2717
 10
1502.3366
 20
1886.2256
 10
1494.719
 20
1886.8048
 10
1487.0
 20
1887.0
 10
1479.281
 20
1886.8048
 10
1471.6634
 20
1886.2256
 10
1464.1565
 20
1885.2717
 10
1456.7698
 20
1883.9525
 10
1449.5127
 20
1882.2776
 10
1442.3946
 20
1880.2563
 10
1435.425
 20
1877.898
 10
1428.6132
 20
1875.2123
 10
1421.9688
 20
1872.2084
 10
1415.5011
 20
1868.8958
 10
1409.2195
 20
1865.284
 10
1403.1336
 20
1861.3824
 10
1397.2526
 20
1857.2003
 10
1391.5861
 20
1852.7473
 10
1386.1434
 20
1848.0327
 10
1380.934
 20
1843.066
 10
1375.9673
 20
1837.8566
 10
1371.2527
 20
1832.4139
 10
1366.7997
 20
1826.7474
 10
1362.6176
 20
1820.8664
 10
1358.716
 20
1814.7805
 10
1355.1042
 20
1808.4989
 10
1351.7916
 20
1802.0312
 10
1348.7877
 20
1795.3868
 10
1346.102
 20
1788.575
 10
1343.7437
 20
1781.6054
 10
1341.7224
 20
1774.4873
 10
1340.0475
 20
1767.2302
 10
1338.7283
 20
1759.8435
 10
1337.7744
 20
1752.3366
 10
1337.1952
 20
1744.719
 10
1337.0
 20
1737.0
 10
1337.1952
 20
1729.281
 10
1337.7744
 20
1721.6634
 10
1338.7283
 20
1714.1565
 10
1340.0475
 20
1706.7698
 10
1341.7224
 20
1699.5127
 10
1343.7437
 20
1692.3946
 10
1346.102
 20
1685.425
 10
1348.7877
 20
1678.6132
 10
1351.7916
 20
1671.9688
 10
1355.1042
 20
1665.5011
 10
1358.716
 20
1659.2195
 10
1362.6176
 20
1653.1336
 10
1366.7997
 20
1647.2526
 10
1371.2527
 20
1641.5861
 10
1375.9673
 20
1636.1434
 10
1380.934
 20
1630.934
 10
1386.1434
 20
1625.9673
 10
1391.5861
 20
1621.2527
 10
1397.2526
 20
1616.7997
 10
1403.1336
 20
1612.6176
 10
1409.2195
 20
1608.716
 10
1415.5011
 20
1605.1042
 10
1421.9688
 20
1601.7916
 10
1428.6132
 20
1598.7877
 10
1435.425
 20
1596.102
 10
1442.3946
 20
1593.7437
 10
1449.5127
 20
1591.7224
 10
1456.7698
 20
1590.0475
 10
1464.1565
 20
1588.7283
 10
1471.6634
 20
1587.7744
 10
1479.281
 20
1587.1952
 10
1487.0
 20
1587.0
 10
1494.719
 20
1587.1952
 10
1502.3366
 20
1587.7744
 10
1509.8435
 20
1588.7283
 10
1517.2302
 20
1590.0475
 10
1524.4873
 20
1591.7224
 10
1531.6054
 20
1593.7437
 10
1538.575
 20
1596.102
 10
1545.3868
 20
1598.7877
 10
1552.0312
 20
1601.7916
 10
1558.4989
 20
1605.1042
 10
1564.7805
 20
1608.716
 10
1570.8664
 20
1612.6176
 10
1576.7474
 20
1616.7997
 10
1582.4139
 20
1621.2527
 10
1587.8566
 20
1625.9673
 10
1593.066
 20
1630.934
 10
1598.0327
 20
1636.1434
 10
1602.7473
 20
1641.5861
 10
1607.2003
 20
1647.2526
 10
1611.3824
 20
1653.1336
 10
1615.284
 20
1659.2195
 10
1618.8958
 20
1665.5011
 10
1622.2084
 20
1671.9688
 10
1625.2123
 20
1678.6132
 10
1627.898
 20
1685.425
 10
1630.2563
 20
1692.3946
 10
1632.2776
 20
1699.5127
 10
1633.9525
 20
1706.7698
 10
1635.2717
 20
1714.1565
  0
LWPOLYLINE
  5
DF
330
17
100
AcDbEntity
  8
OFFCUT
100
AcDbPolyline
 90
7
 70
1
 10
1951.0
 20
1627.0
 10
1691.0
 20
1627.0
 10
1691.0
 20
1887.0
 10
1651.0
 20
1887.0
 10
1651.0
 20
1587.0
 10
1951.0
 20
1587.0
 10
1951.0
 20
1627.0
  0
LWPOLYLINE
  5
E0
330
17
100
AcDbEntity
  8
OFFCUT
100
AcDbPolyline
 90
7
 70
1
 10
1637.0
 20
1941.0
 10
1377.0
 20
1941.0
 10
1377.0
 20
2201.0
 10
1337.0
 20
2201.0
 10
1337.0
 20
1901.0
 10
1637.0
 20
1901.0
 10
1637.0
 20
1941.0
  0
LWPOLYLINE
  5
E1
330
17
100
AcDbEntity
  8
OFFCUT
100
AcDbPolyline
 90
7
 70
1
 10
1691.0
 20
1941.0
 10
1691.0
 20
2201.0
 10
1651.0
 20
2201.0
 10
1651.0
 20
1901.0
 10
1951.0
 20
1901.0
 10
1951.0
 20
1941.0
 10
1691.0
 20
1941.0
  0
LWPOLYLINE
  5
E2
330
17
100
AcDbEntity
  8
OFFCUT
100
AcDbPolyline
 90
5
 70
1
 10
2151.0
 20
17.0
 10
2151.0
 20
317.0
 10
1751.0
 20
317.0
 10
1751.0
 20
17.0
 10
2151.0
 20
17.0
  0
LWPOLYLINE
  5
E3
330
17
100
AcDbEntity
  8
OFFCUT
100
AcDbPolyline
 90
5
 70
1
 10
2465.0
 20
417.0
 10
2165.0
 20
417.0
 10
2165.0
 20
17.0
 10
2465.0
 20
17.0
 10
2465.0
 20
417.0
  0
LWPOLYLINE
  5
E4
330
17
100
AcDbEntity
  8
OFFCUT
100
AcDbPolyline
 90
5
 70
1
 10
1751.0
 20
331.0
 10
2151.0
 20
331.0
 10
2151.0
 20
631.0
 10
1751.0
 20
631.0
 10
1751.0
 20
331.0
  0
LWPOLYLINE
  5
E5
330
17
100
AcDbEntity
  8
OFFCUT
100
AcDbPolyline
 90
129
 70
1
 10
2461.9525
 20
550.7698
 10
2463.2717
 20
558.1565
 10
2464.2256
 20
565.6634
 10
2464.8048
 20
573.281
 10
2465.0
 20
581.0
 10
2464.8048
 20
588.719
 10
2464.2256
 20
596.3366
 10
2463.2717
 20
603.8435
 10
2461.9525
 20
611.2302
 10
2460.2776
 20
618.4873
 10
2458.2563
 20
625.6054
 10
2455.898
 20
632.575
 10
2453.2123
 20
639.3868
 10
2450.2084
 20
646.0312
 10
2446.8958
 20
652.4989
 10
2443.284
 20
658.7805
 10
2439.3824
 20
664.8664
 10
2435.2003
 20
670.7474
 10
2430.7473
 20
676.4139
 10
2426.0327
 20
681.8566
 10
2421.066
 20
687.066
 10
2415.8566
 20
692.0327
 10
2410.4139
 20
696.7473
 10
2404.7474
 20
701.2003
 10
2398.8664
 20
705.3824
 10
2392.7805
 20
709.284
 10
2386.4989
 20
712.8958
 10
2380.0312
 20
716.2084
 10
2373.3868
 20
719.2123
 10
2366.575
 20
721.898
 10
2359.6054
 20
724.2563
 10
2352.4873
 20
726.2776
 10
2345.2302
 20
727.9525
 10
2337.8435
 20
729.2717
 10
2330.3366
 20
730.2256
 10
2322.719
 20
730.8048
 10
2315.0
 20
731.0
 10
2307.281
 20
730.8048
 10
2299.6634
 20
730.2256
 10
2292.1565
 20
729.2717
 10
2284.7698
 20
727.9525
 10
2277.5127
 20
726.2776
 10
2270.3946
 20
724.2563
 10
2263.425
 20
721.898
 10
2256.6132
 20
719.2123
 10
2249.9688
 20
716.2084
 10
2243.5011
 20
712.8958
 10
2237.2195
 20
709.284
 10
2231.1336
 20
705.3824
 10
2225.2526
 20
701.2003
 10
2219.5861
 20
696.7473
 10
2214.1434
 20
692.0327
 10
2208.934
 20
687.066
 10
2203.9673
 20
681.8566
 10
2199.2527
 20
676.4139
 10
2194.7997
 20
670.7474
 10
2190.6176
 20
664.8664
 10
2186.716
 20
658.7805
 10
2183.1042
 20
652.4989
 10
2179.7916
 20
646.0312
 10
2176.7877
 20
639.3868
 10
2174.102
 20
632.575
 10
2171.7437
 20
625.6054
 10
2169.7224
 20
618.4873
 10
2168.0475
 20
611.2302
 10
2166.7283
 20
603.8435
 10
2165.7744
 20
596.3366
 10
2165.1952
 20
588.719
 10
2165.0
 20
581.0
 10
2165.1952
 20
573.281
 10
2165.7744
 20
565.6634
 10
2166.7283
 20
558.1565
 10
2168.0475
 20
550.7698
 10
2169.7224
 20
543.5127
 10
2171.7437
 20
536.3946
 10
2174.102
 20
529.425
 10
2176.7877
 20
522.6132
 10
2179.7916
 20
515.9688
 10
2183.1042
 20
509.5011
 10
2186.716
 20
503.2195
 10
2190.6176
 20
497.1336
 10
2194.7997
 20
491.2526
 10
2199.2527
 20
485.5861
 10
2203.9673
 20
480.1434
 10
2208.934
 20
474.934
 10
2214.1434
 20
469.9673
 10
2219.5861
 20
465.2527
 10
2225.2526
 20
460.7997
 10
2231.1336
 20
456.6176
 10
2237.2195
 20
452.716
 10
2243.5011
 20
449.1042
 10
2249.9688
 20
445.7916
 10
2256.6132
 20
442.7877
 10
2263.425
 20
440.102
 10
2270.3946
 20
437.7437
 10
2277.5127
 20
435.7224
 10
2284.7698
 20
434.0475
 10
2292.1565
 20
432.7283
 10
2299.6634
 20
431.7744
 10
2307.281
 20
431.1952
 10
2315.0
 20
431.0
 10
2322.719
 20
431.1952
 10
2330.3366
 20
431.7744
 10
2337.8435
 20
432.7283
 10
2345.2302
 20
434.0475
 10
2352.4873
 20
435.7224
 10
2359.6054
 20
437.7437
 10
2366.575
 20
440.102
 10
2373.3868
 20
442.7877
 10
2380.0312
 20
445.7916
 10
2386.4989
 20
449.1042
 10
2392.7805
 20
452.716
 10
2398.8664
 20
456.6176
 10
2404.7474
 20
460.7997
 10
2410.4139
 20
465.2527
 10
2415.8566
 20
469.9673
 10
2421.066
 20
474.934
 10
2426.0327
 20
480.1434
 10
2430.7473
 20
485.5861
 10
2435.2003
 20
491.2526
 10
2439.3824
 20
497.1336
 10
2443.284
 20
503.2195
 10
2446.8958
 20
509.5011
 10
2450.2084
 20
515.9688
 10
2453.2123
 20
522.6132
 10
2455.898
 20
529.425
 10
2458.2563
 20
536.3946
 10
2460.2776
 20
543.5127
 10
2461.9525
 20
550.7698
  0
LWPOLYLINE
  5
E6
330
17
100
AcDbEntity
  8
OFFCUT
100
AcDbPolyline
 90
129
 70
1
 10
2263.2717
 20
872.1565
 10
2264.2256
 20
879.6634
 10
2264.8048
 20
887.281
 10
2265.0
 20
895.0
 10
2264.8048
 20
902.719
 10
2264.2256
 20
910.3366
 10
2263.2717
 20
917.8435
 10
2261.9525
 20
925.2302
 10
2260.2776
 20
932.4873
 10
2258.2563
 20
939.6054
 10
2255.898
 20
946.575
 10
2253.2123
 20
953.3868
 10
2250.2084
 20
960.0312
 10
2246.8958
 20
966.4989
 10
2243.284
 20
972.7805
 10
2239.3824
 20
978.8664
 10
2235.2003
 20
984.7474
 10
2230.7473
 20
990.4139
 10
2226.0327
 20
995.8566
 10
2221.066
 20
1001.066
 10
2215.8566
 20
1006.0327
 10
2210.4139
 20
1010.7473
 10
2204.7474
 20
1015.2003
 10
2198.8664
 20
1019.3824
 10
2192.7805
 20
1023.284
 10
2186.4989
 20
1026.8958
 10
2180.0312
 20
1030.2084
 10
2173.3868
 20
1033.2123
 10
2166.575
 20
1035.898
 10
2159.6054
 20
1038.2563
 10
2152.4873
 20
1040.2776
 10
2145.2302
 20
1041.9525
 10
2137.8435
 20
1043.2717
 10
2130.3366
 20
1044.2256
 10
2122.719
 20
1044.8048
 10
2115.0
 20
1045.0
 10
2107.281
 20
1044.8048
 10
2099.6634
 20
1044.2256
 10
2092.1565
 20
1043.2717
 10
2084.7698
 20
1041.9525
 10
2077.5127
 20
1040.2776
 10
2070.3946
 20
1038.2563
 10
2063.425
 20
1035.898
 10
2056.6132
 20
1033.2123
 10
2049.9688
 20
1030.2084
 10
2043.5011
 20
1026.8958
 10
2037.2195
 20
1023.284
 10
2031.1336
 20
1019.3824
 10
2025.2526
 20
1015.2003
 10
2019.5861
 20
1010.7473
 10
2014.1434
 20
1006.0327
 10
2008.934
 20
1001.066
 10
2003.9673
 20
995.8566
 10
1999.2527
 20
990.4139
 10
1994.7997
 20
984.7474
 10
1990.6176
 20
978.8664
 10
1986.716
 20
972.7805
 10
1983.1042
 20
966.4989
 10
1979.7916
 20
960.0312
 10
1976.7877
 20
953.3868
 10
1974.102
 20
946.575
 10
1971.7437
 20
939.6054
 10
1969.7224
 20
932.4873
 10
1968.0475
 20
925.2302
 10
1966.7283
 20
917.8435
 10
1965.7744
 20
910.3366
 10
1965.1952
 20
902.719
 10
1965.0
 20
895.0
 10
1965.1952
 20
887.281
 10
1965.7744
 20
879.6634
 10
1966.7283
 20
872.1565
 10
1968.0475
 20
864.7698
 10
1969.7224
 20
857.5127
 10
1971.7437
 20
850.3946
 10
1974.102
 20
843.425
 10
1976.7877
 20
836.6132
 10
1979.7916
 20
829.9688
 10
1983.1042
 20
823.5011
 10
1986.716
 20
817.2195
 10
1990.6176
 20
811.1336
 10
1994.7997
 20
805.2526
 10
1999.2527
 20
799.5861
 10
2003.9673
 20
794.1434
 10
2008.934
 20
788.934
 10
2014.1434
 20
783.9673
 10
2019.5861
 20
779.2527
 10
2025.2526
 20
774.7997
 10
2031.1336
 20
770.6176
 10
2037.2195
 20
766.716
 10
2043.5011
 20
763.1042
 10
2049.9688
 20
759.7916
 10
2056.6132
 20
756.7877
 10
2063.425
 20
754.102
 10
2070.3946
 20
751.7437
 10
2077.5127
 20
749.7224
 10
2084.7698
 20
748.0475
 10
2092.1565
 20
746.7283
 10
2099.6634
 20
745.7744
 10
2107.281
 20
745.1952
 10
2115.0
 20
745.0
 10
2122.719
 20
745.1952
 10
2130.3366
 20
745.7744
 10
2137.8435
 20
746.7283
 10
2145.2302
 20
748.0475
 10
2152.4873
 20
749.7224
 10
2159.6054
 20
751.7437
 10
2166.575
 20
754.102
 10
2173.3868
 20
756.7877
 10
2180.0312
 20
759.7916
 10
2186.4989
 20
763.1042
 10
2192.7805
 20
766.716
 10
2198.8664
 20
770.6176
 10
2204.7474
 20
774.7997
 10
2210.4139
 20
779.2527
 10
2215.8566
 20
783.9673
 10
2221.066
 20
788.934
 10
2226.0327
 20
794.1434
 10
2230.7473
 20
799.5861
 10
2235.2003
 20
805.2526
 10
2239.3824
 20
811.1336
 10
2243.284
 20
817.2195
 10
2246.8958
 20
823.5011
 10
2250.2084
 20
829.9688
 10
2253.2123
 20
836.6132
 10
2255.898
 20
843.425
 10
2258.2563
 20
850.3946
 10
2260.2776
 20
857.5127
 10
2261.9525
 20
864.7698
 10
2263.2717
 20
872.1565
  0
LWPOLYLINE
  5
E7
330
17
100
AcDbEntity
  8
OFFCUT
100
AcDbPolyline
 90
129
 70
1
 10
2261.9525
 20
1178.7698
 10
2263.2717
 20
1186.1565
 10
2264.2256
 20
1193.6634
 10
2264.8048
 20
1201.281
 10
2265.0
 20
1209.0
 10
2264.8048
 20
1216.719
 10
2264.2256
 20
1224.3366
 10
2263.2717
 20
1231.8435
 10
2261.9525
 20
1239.2302
 10
2260.2776
 20
1246.4873
 10
2258.2563
 20
1253.6054
 10
2255.898
 20
1260.575
 10
2253.2123
 20
1267.3868
 10
2250.2084
 20
1274.0312
 10
2246.8958
 20
1280.4989
 10
2243.284
 20
1286.7805
 10
2239.3824
 20
1292.8664
 10
2235.2003
 20
1298.7474
 10
2230.7473
 20
1304.4139
 10
2226.0327
 20
1309.8566
 10
2221.066
 20
1315.066
 10
2215.8566
 20
1320.0327
 10
2210.4139
 20
1324.7473
 10
2204.7474
 20
1329.2003
 10
2198.8664
 20
1333.3824
 10
2192.7805
 20
1337.284
 10
2186.4989
 20
1340.8958
 10
2180.0312
 20
1344.2084
 10
2173.3868
 20
1347.2123
 10
2166.575
 20
1349.898
 10
2159.6054
 20
1352.2563
 10
2152.4873
 20
1354.2776
 10
2145.2302
 20
1355.9525
 10
2137.8435
 20
1357.2717
 10
2130.3366
 20
1358.2256
 10
2122.719
 20
1358.8048
 10
2115.0
 20
1359.0
 10
2107.281
 20
1358.8048
 10
2099.6634
 20
1358.2256
 10
2092.1565
 20
1357.2717
 10
2084.7698
 20
1355.9525
 10
2077.5127
 20
1354.2776
 10
2070.3946
 20
1352.2563
 10
2063.425
 20
1349.898
 10
2056.6132
 20
1347.2123
 10
2049.9688
 20
1344.2084
 10
2043.5011
 20
1340.8958
 10
2037.2195
 20
1337.284
 10
2031.1336
 20
1333.3824
 10
2025.2526
 20
1329.2003
 10
2019.5861
 20
1324.7473
 10
2014.1434
 20
1320.0327
 10
2008.934
 20
1315.066
 10
2003.9673
 20
1309.8566
 10
1999.2527
 20
1304.4139
 10
1994.7997
 20
1298.7474
 10
1990.6176
 20
1292.8664
 10
1986.716
 20
1286.7805
 10
1983.1042
 20
1280.4989
 10
1979.7916
 20
1274.0312
 10
1976.7877
 20
1267.3868
 10
1974.102
 20
1260.575
 10
1971.7437
 20
1253.6054
 10
1969.7224
 20
1246.4873
 10
1968.0475
 20
1239.2302
 10
1966.7283
 20
1231.8435
 10
1965.7744
 20
1224.3366
 10
1965.1952
 20
1216.719
 10
1965.0
 20
1209.0
 10
1965.1952
 20
1201.281
 10
1965.7744
 20
1193.6634
 10
1966.7283
 20
1186.1565
 10
1968.0475
 20
1178.7698
 10
1969.7224
 20
1171.5127
 10
1971.7437
 20
1164.3946
 10
1974.102
 20
1157.425
 10
1976.7877
 20
1150.6132
 10
1979.7916
 20
1143.9688
 10
1983.1042
 20
1137.5011
 10
1986.716
 20
1131.2195
 10
1990.6176
 20
1125.1336
 10
1994.7997
 20
1119.2526
 10
1999.2527
 20
1113.5861
 10
2003.9673
 20
1108.1434
 10
2008.934
 20
1102.934
 10
2014.1434
 20
1097.9673
 10
2019.5861
 20
1093.2527
 10
2025.2526
 20
1088.7997
 10
2031.1336
 20
1084.6176
 10
2037.2195
 20
1080.716
 10
2043.5011
 20
1077.1042
 10
2049.9688
 20
1073.7916
 10
2056.6132
 20
1070.7877
 10
2063.425
 20
1068.102
 10
2070.3946
 20
1065.7437
 10
2077.5127
 20
1063.7224
 10
2084.7698
 20
1062.0475
 10
2092.1565
 20
1060.7283
 10
2099.6634
 20
1059.7744
 10
2107.281
 20
1059.1952
 10
2115.0
 20
1059.0
 10
2122.719
 20
1059.1952
 10
2130.3366
 20
1059.7744
 10
2137.8435
 20
1060.7283
 10
2145.2302
 20
1062.0475
 10
2152.4873
 20
1063.7224
 10
2159.6054
 20
1065.7437
 10
2166.575
 20
1068.102
 10
2173.3868
 20
1070.7877
 10
2180.0312
 20
1073.7916
 10
2186.4989
 20
1077.1042
 10
2192.7805
 20
1080.716
 10
2198.8664
 20
1084.6176
 10
2204.7474
 20
1088.7997
 10
2210.4139
 20
1093.2527
 10
2215.8566
 20
1097.9673
 10
2221.066
 20
1102.934
 10
2226.0327
 20
1108.1434
 10
2230.7473
 20
1113.5861
 10
2235.2003
 20
1119.2526
 10
2239.3824
 20
1125.1336
 10
2243.284
 20
1131.2195
 10
2246.8958
 20
1137.5011
 10
2250.2084
 20
1143.9688
 10
2253.2123
 20
1150.6132
 10
2255.898
 20
1157.425
 10
2258.2563
 20
1164.3946
 10
2260.2776
 20
1171.5127
 10
2261.9525
 20
1178.7698
  0
LWPOLYLINE
  5
E8
330
17
100
AcDbEntity
  8
OFFCUT
100
AcDbPolyline
 90
129
 70
1
 10
1947.9525
 20
1392.7698
 10
1949.2717
 20
1400.1565
 10
1950.2256
 20
1407.6634
 10
1950.8048
 20
1415.281
 10
1951.0
 20
1423.0
 10
1950.8048
 20
1430.719
 10
1950.2256
 20
1438.3366
 10
1949.2717
 20
1445.8435
 10
1947.9525
 20
1453.2302
 10
1946.2776
 20
1460.4873
 10
1944.2563
 20
1467.6054
 10
1941.898
 20
1474.575
 10
1939.2123
 20
1481.3868
 10
1936.2084
 20
1488.0312
 10
1932.8958
 20
1494.4989
 10
1929.284
 20
1500.7805
 10
1925.3824
 20
1506.8664
 10
1921.2003
 20
1512.7474
 10
1916.7473
 20
1518.4139
 10
1912.0327
 20
1523.8566
 10
1907.066
 20
1529.066
 10
1901.8566
 20
1534.0327
 10
1896.4139
 20
1538.7473
 10
1890.7474
 20
1543.2003
 10
1884.8664
 20
1547.3824
 10
1878.7805
 20
1551.284
 10
1872.4989
 20
1554.8958
 10
1866.0312
 20
1558.2084
 10
1859.3868
 20
1561.2123
 10
1852.575
 20
1563.898
 10
1845.6054
 20
1566.2563
 10
1838.4873
 20
1568.2776
 10
1831.2302
 20
1569.9525
 10
1823.8435
 20
1571.2717
 10
1816.3366
 20
1572.2256
 10
1808.719
 20
1572.8048
 10
1801.0
 20
1573.0
 10
1793.281
 20
1572.8048
 10
1785.6634
 20
1572.2256
 10
1778.1565
 20
1571.2717
 10
1770.7698
 20
1569.9525
 10
1763.5127
 20
1568.2776
 10
1756.3946
 20
1566.2563
 10
1749.425
 20
1563.898
 10
1742.6132
 20
1561.2123
 10
1735.9688
 20
1558.2084
 10
1729.5011
 20
1554.8958
 10
1723.2195
 20
1551.284
 10
1717.1336
 20
1547.3824
 10
1711.2526
 20
1543.2003
 10
1705.5861
 20
1538.7473
 10
1700.1434
 20
1534.0327
 10
1694.934
 20
1529.066
 10
1689.9673
 20
1523.8566
 10
1685.2527
 20
1518.4139
 10
1680.7997
 20
1512.7474
 10
1676.6176
 20
1506.8664
 10
1672.716
 20
1500.7805
 10
1669.1042
 20
1494.4989
 10
1665.7916
 20
1488.0312
 10
1662.7877
 20
1481.3868
 10
1660.102
 20
1474.575
 10
1657.7437
 20
1467.6054
 10
1655.7224
 20
1460.4873
 10
1654.0475
 20
1453.2302
 10
1652.7283
 20
1445.8435
 10
1651.7744
 20
1438.3366
 10
1651.1952
 20
1430.719
 10
1651.0
 20
1423.0
 10
1651.1952
 20
1415.281
 10
1651.7744
 20
1407.6634
 10
1652.7283
 20
1400.1565
 10
1654.0475
 20
1392.7698
 10
1655.7224
 20
1385.5127
 10
1657.7437
 20
1378.3946
 10
1660.102
 20
1371.425
 10
1662.7877
 20
1364.6132
 10
1665.7916
 20
1357.9688
 10
1669.1042
 20
1351.5011
 10
1672.716
 20
1345.2195
 10
1676.6176
 20
1339.1336
 10
1680.7997
 20
1333.2526
 10
1685.2527
 20
1327.5861
 10
1689.9673
 20
1322.1434
 10
1694.934
 20
1316.934
 10
1700.1434
 20
1311.9673
 10
1705.5861
 20
1307.2527
 10
1711.2526
 20
1302.7997
 10
1717.1336
 20
1298.6176
 10
1723.2195
 20
1294.716
 10
1729.5011
 20
1291.1042
 10
1735.9688
 20
1287.7916
 10
1742.6132
 20
1284.7877
 10
1749.425
 20
1282.102
 10
1756.3946
 20
1279.7437
 10
1763.5127
 20
1277.7224
 10
1770.7698
 20
1276.0475
 10
1778.1565
 20
1274.7283
 10
1785.6634
 20
1273.7744
 10
1793.281
 20
1273.1952
 10
1801.0
 20
1273.0
 10
1808.719
 20
1273.1952
 10
1816.3366
 20
1273.7744
 10
1823.8435
 20
1274.7283
 10
1831.2302
 20
1276.0475
 10
1838.4873
 20
1277.7224
 10
1845.6054
 20
1279.7437
 10
1852.575
 20
1282.102
 10
1859.3868
 20
1284.7877
 10
1866.0312
 20
1287.7916
 10
1872.4989
 20
1291.1042
 10
1878.7805
 20
1294.716
 10
1884.8664
 20
1298.6176
 10
1890.7474
 20
1302.7997
 10
1896.4139
 20
1307.2527
 10
1901.8566
 20
1311.9673
 10
1907.066
 20
1316.934
 10
1912.0327
 20
1322.1434
 10
1916.7473
 20
1327.5861
 10
1921.2003
 20
1333.2526
 10
1925.3824
 20
1339.1336
 10
1929.284
 20
1345.2195
 10
1932.8958
 20
1351.5011
 10
1936.2084
 20
1357.9688
 10
1939.2123
 20
1364.6132
 10
1941.898
 20
1371.425
 10
1944.2563
 20
1378.3946
 10
1946.2776
 20
1385.5127
 10
1947.9525
 20
1392.7698
  0
LWPOLYLINE
  5
E9
330
17
100
AcDbEntity
  8
OFFCUT
100
AcDbPolyline
 90
129
 70
1
 10
2263.2717
 20
1500.1565
 10
2264.2256
 20
1507.6634
 10
2264.8048
 20
1515.281
 10
2265.0
 20
1523.0
 10
2264.8048
 20
1530.719
 10
2264.2256
 20
1538.3366
 10
2263.2717
 20
1545.8435
 10
2261.9525
 20
1553.2302
 10
2260.2776
 20
1560.4873
 10
2258.2563
 20
1567.6054
 10
2255.898
 20
1574.575
 10
2253.2123
 20
1581.3868
 10
2250.2084
 20
1588.0312
 10
2246.8958
 20
1594.4989
 10
2243.284
 20
1600.7805
 10
2239.3824
 20
1606.8664
 10
2235.2003
 20
1612.7474
 10
2230.7473
 20
1618.4139
 10
2226.0327
 20
1623.8566
 10
2221.066
 20
1629.066
 10
2215.8566
 20
1634.0327
 10
2210.4139
 20
1638.7473
 10
2204.7474
 20
1643.2003
 10
2198.8664
 20
1647.3824
 10
2192.7805
 20
1651.284
 10
2186.4989
 20
1654.8958
 10
2180.0312
 20
1658.2084
 10
2173.3868
 20
1661.2123
 10
2166.575
 20
1663.898
 10
2159.6054
 20
1666.2563
 10
2152.4873
 20
1668.2776
 10
2145.2302
 20
1669.9525
 10
2137.8435
 20
1671.2717
 10
2130.3366
 20
1672.2256
 10
2122.719
 20
1672.8048
 10
2115.0
 20
1673.0
 10
2107.281
 20
1672.8048
 10
2099.6634
 20
1672.2256
 10
2092.1565
 20
1671.2717
 10
2084.7698
 20
1669.9525
 10
2077.5127
 20
1668.2776
 10
2070.3946
 20
1666.2563
 10
2063.425
 20
1663.898
 10
2056.6132
 20
1661.2123
 10
2049.9688
 20
1658.2084
 10
2043.5011
 20
1654.8958
 10
2037.2195
 20
1651.284
 10
2031.1336
 20
1647.3824
 10
2025.2526
 20
1643.2003
 10
2019.5861
 20
1638.7473
 10
2014.1434
 20
1634.0327
 10
2008.934
 20
1629.066
 10
2003.9673
 20
1623.8566
 10
1999.2527
 20
1618.4139
 10
1994.7997
 20
1612.7474
 10
1990.6176
 20
1606.8664
 10
1986.716
 20
1600.7805
 10
1983.1042
 20
1594.4989
 10
1979.7916
 20
1588.0312
 10
1976.7877
 20
1581.3868
 10
1974.102
 20
1574.575
 10
1971.7437
 20
1567.6054
 10
1969.7224
 20
1560.4873
 10
1968.0475
 20
1553.2302
 10
1966.7283
 20
1545.8435
 10
1965.7744
 20
1538.3366
 10
1965.1952
 20
1530.719
 10
1965.0
 20
1523.0
 10
1965.1952
 20
1515.281
 10
1965.7744
 20
1507.6634
 10
1966.7283
 20
1500.1565
 10
1968.0475
 20
1492.7698
 10
1969.7224
 20
1485.5127
 10
1971.7437
 20
1478.3946
 10
1974.102
 20
1471.425
 10
1976.7877
 20
1464.6132
 10
1979.7916
 20
1457.9688
 10
1983.1042
 20
1451.5011
 10
1986.716
 20
1445.2195
 10
1990.6176
 20
1439.1336
 10
1994.7997
 20
1433.2526
 10
1999.2527
 20
1427.5861
 10
2003.9673
 20
1422.1434
 10
2008.934
 20
1416.934
 10
2014.1434
 20
1411.9673
 10
2019.5861
 20
1407.2527
 10
2025.2526
 20
1402.7997
 10
2031.1336
 20
1398.6176
 10
2037.2195
 20
1394.716
 10
2043.5011
 20
1391.1042
 10
2049.9688
 20
1387.7916
 10
2056.6132
 20
1384.7877
 10
2063.425
 20
1382.102
 10
2070.3946
 20
1379.7437
 10
2077.5127
 20
1377.7224
 10
2084.7698
 20
1376.0475
 10
2092.1565
 20
1374.7283
 10
2099.6634
 20
1373.7744
 10
2107.281
 20
1373.1952
 10
2115.0
 20
1373.0
 10
2122.719
 20
1373.1952
 10
2130.3366
 20
1373.7744
 10
2137.8435
 20
1374.7283
 10
2145.2302
 20
1376.0475
 10
2152.4873
 20
1377.7224
 10
2159.6054
 20
1379.7437
 10
2166.575
 20
1382.102
 10
2173.3868
 20
1384.7877
 10
2180.0312
 20
1387.7916
 10
2186.4989
 20
1391.1042
 10
2192.7805
 20
1394.716
 10
2198.8664
 20
1398.6176
 10
2204.7474
 20
1402.7997
 10
2210.4139
 20
1407.2527
 10
2215.8566
 20
1411.9673
 10
2221.066
 20
1416.934
 10
2226.0327
 20
1422.1434
 10
2230.7473
 20
1427.5861
 10
2235.2003
 20
1433.2526
 10
2239.3824
 20
1439.1336
 10
2243.284
 20
1445.2195
 10
2246.8958
 20
1451.5011
 10
2250.2084
 20
1457.9688
 10
2253.2123
 20
1464.6132
 10
2255.898
 20
1471.425
 10
2258.2563
 20
1478.3946
 10
2260.2776
 20
1485.5127
 10
2261.9525
 20
1492.7698
 10
2263.2717
 20
1500.1565
  0
LWPOLYLINE
  5
EA
330
17
100
AcDbEntity
  8
OFFCUT
100
AcDbPolyline
 90
7
 70
1
 10
2265.0
 20
1727.0
 10
2005.0
 20
1727.0
 10
2005.0
 20
1987.0
 10
1965.0
 20
1987.0
 10
1965.0
 20
1687.0
 10
2265.0
 20
1687.0
 10
2265.0
 20
1727.0
  0
LWPOLYLINE
  5
EB
330
17
100
AcDbEntity
  8
OFFCUT
100
AcDbPolyline
 90
7
 70
1
 10
2265.0
 20
2041.0
 10
2005.0
 20
2041.0
 10
2005.0
 20
2301.0
 10
1965.0
 20
2301.0
 10
1965.0
 20
2001.0
 10
2265.0
 20
2001.0
 10
2265.0
 20
2041.0
  0
LWPOLYLINE
  5
EC
330
17
100
AcDbEntity
  8
OFFCUT
100
AcDbPolyline
 90
5
 70
1
 10
417.0
 20
17.0
 10
417.0
 20
317.0
 10
17.0
 20
317.0
 10
17.0
 20
17.0
 10
417.0
 20
17.0
  0
LWPOLYLINE
  5
ED
330
17
100
AcDbEntity
  8
OFFCUT
100
AcDbPolyline
 90
5
 70
1
 10
417.0
 20
331.0
 10
417.0
 20
631.0
 10
17.0
 20
631.0
 10
17.0
 20
331.0
 10
417.0
 20
331.0
  0
LWPOLYLINE
  5
EE
330
17
100
AcDbEntity
  8
OFFCUT
100
AcDbPolyline
 90
129
 70
1
 10
315.2717
 20
772.1565
 10
316.2256
 20
779.6634
 10
316.8048
 20
787.281
 10
317.0
 20
795.0
 10
316.8048
 20
802.719
 10
316.2256
 20
810.3366
 10
315.2717
 20
817.8435
 10
313.9525
 20
825.2302
 10
312.2776
 20
832.4873
 10
310.2563
 20
839.6054
 10
307.898
 20
846.575
 10
305.2123
 20
853.3868
 10
302.2084
 20
860.0312
 10
298.8958
 20
866.4989
 10
295.284
 20
872.7805
 10
291.3824
 20
878.8664
 10
287.2003
 20
884.7474
 10
282.7473
 20
890.4139
 10
278.0327
 20
895.8566
 10
273.066
 20
901.066
 10
267.8566
 20
906.0327
 10
262.4139
 20
910.7473
 10
256.7474
 20
915.2003
 10
250.8664
 20
919.3824
 10
244.7805
 20
923.284
 10
238.4989
 20
926.8958
 10
232.0312
 20
930.2084
 10
225.3868
 20
933.2123
 10
218.575
 20
935.898
 10
211.6054
 20
938.2563
 10
204.4873
 20
940.2776
 10
197.2302
 20
941.9525
 10
189.8435
 20
943.2717
 10
182.3366
 20
944.2256
 10
174.719
 20
944.8048
 10
167.0
 20
945.0
 10
159.281
 20
944.8048
 10
151.6634
 20
944.2256
 10
144.1565
 20
943.2717
 10
136.7698
 20
941.9525
 10
129.5127
 20
940.2776
 10
122.3946
 20
938.2563
 10
115.425
 20
935.898
 10
108.6132
 20
933.2123
 10
101.9688
 20
930.2084
 10
95.5011
 20
926.8958
 10
89.2195
 20
923.284
 10
83.1336
 20
919.3824
 10
77.2526
 20
915.2003
 10
71.5861
 20
910.7473
 10
66.1434
 20
906.0327
 10
60.934
 20
901.066
 10
55.9673
 20
895.8566
 10
51.2527
 20
890.4139
 10
46.7997
 20
884.7474
 10
42.6176
 20
878.8664
 10
38.716
 20
872.7805
 10
35.1042
 20
866.4989
 10
31.7916
 20
860.0312
 10
28.7877
 20
853.3868
 10
26.102
 20
846.575
 10
23.7437
 20
839.6054
 10
21.7224
 20
832.4873
 10
20.0475
 20
825.2302
 10
18.7283
 20
817.8435
 10
17.7744
 20
810.3366
 10
17.1952
 20
802.719
 10
17.0
 20
795.0
 10
17.1952
 20
787.281
 10
17.7744
 20
779.6634
 10
18.7283
 20
772.1565
 10
20.0475
 20
764.7698
 10
21.7224
 20
757.5127
 10
23.7437
 20
750.3946
 10
26.102
 20
743.425
 10
28.7877
 20
736.6132
 10
31.7916
 20
729.9688
 10
35.1042
 20
723.5011
 10
38.716
 20
717.2195
 10
42.6176
 20
711.1336
 10
46.7997
 20
705.2526
 10
51.2527
 20
699.5861
 10
55.9673
 20
694.1434
 10
60.934
 20
688.934
 10
66.1434
 20
683.9673
 10
71.5861
 20
679.2527
 10
77.2526
 20
674.7997
 10
83.1336
 20
670.6176
 10
89.2195
 20
666.716
 10
95.5011
 20
663.1042
 10
101.9688
 20
659.7916
 10
108.6132
 20
656.7877
 10
115.425
 20
654.102
 10
122.3946
 20
651.7437
 10
129.5127
 20
649.7224
 10
136.7698
 20
648.0475
 10
144.1565
 20
646.7283
 10
151.6634
 20
645.7744
 10
159.281
 20
645.1952
 10
167.0
 20
645.0
 10
174.719
 20
645.1952
 10
182.3366
 20
645.7744
 10
189.8435
 20
646.7283
 10
197.2302
 20
648.0475
 10
204.4873
 20
649.7224
 10
211.6054
 20
651.7437
 10
218.575
 20
654.102
 10
225.3868
 20
656.7877
 10
232.0312
 20
659.7916
 10
238.4989
 20
663.1042
 10
244.7805
 20
666.716
 10
250.8664
 20
670.6176
 10
256.7474
 20
674.7997
 10
262.4139
 20
679.2527
 10
267.8566
 20
683.9673
 10
273.066
 20
688.934
 10
278.0327
 20
694.1434
 10
282.7473
 20
699.5861
 10
287.2003
 20
705.2526
 10
291.3824
 20
711.1336
 10
295.284
 20
717.2195
 10
298.8958
 20
723.5011
 10
302.2084
 20
729.9688
 10
305.2123
 20
736.6132
 10
307.898
 20
743.425
 10
310.2563
 20
750.3946
 10
312.2776
 20
757.5127
 10
313.9525
 20
764.7698
 10
315.2717
 20
772.1565
  0
LWPOLYLINE
  5
EF
330
17
100
AcDbEntity
  8
OFFCUT
100
AcDbPolyline
 90
129
 70
1
 10
627.9525
 20
764.7698
 10
629.2717
 20
772.1565
 10
630.2256
 20
779.6634
 10
630.8048
 20
787.281
 10
631.0
 20
795.0
 10
630.8048
 20
802.719
 10
630.2256
 20
810.3366
 10
629.2717
 20
817.8435
 10
627.9525
 20
825.2302
 10
626.2776
 20
832.4873
 10
624.2563
 20
839.6054
 10
621.898
 20
846.575
 10
619.2123
 20
853.3868
 10
616.2084
 20
860.0312
 10
612.8958
 20
866.4989
 10
609.284
 20
872.7805
 10
605.3824
 20
878.8664
 10
601.2003
 20
884.7474
 10
596.7473
 20
890.4139
 10
592.0327
 20
895.8566
 10
587.066
 20
901.066
 10
581.8566
 20
906.0327
 10
576.4139
 20
910.7473
 10
570.7474
 20
915.2003
 10
564.8664
 20
919.3824
 10
558.7805
 20
923.284
 10
552.4989
 20
926.8958
 10
546.0312
 20
930.2084
 10
539.3868
 20
933.2123
 10
532.575
 20
935.898
 10
525.6054
 20
938.2563
 10
518.4873
 20
940.2776
 10
511.2302
 20
941.9525
 10
503.8435
 20
943.2717
 10
496.3366
 20
944.2256
 10
488.719
 20
944.8048
 10
481.0
 20
945.0
 10
473.281
 20
944.8048
 10
465.6634
 20
944.2256
 10
458.1565
 20
943.2717
 10
450.7698
 20
941.9525
 10
443.5127
 20
940.2776
 10
436.3946
 20
938.2563
 10
429.425
 20
935.898
 10
422.6132
 20
933.2123
 10
415.9688
 20
930.2084
 10
409.5011
 20
926.8958
 10
403.2195
 20
923.284
 10
397.1336
 20
919.3824
 10
391.2526
 20
915.2003
 10
385.5861
 20
910.7473
 10
380.1434
 20
906.0327
 10
374.934
 20
901.066
 10
369.9673
 20
895.8566
 10
365.2527
 20
890.4139
 10
360.7997
 20
884.7474
 10
356.6176
 20
878.8664
 10
352.716
 20
872.7805
 10
349.1042
 20
866.4989
 10
345.7916
 20
860.0312
 10
342.7877
 20
853.3868
 10
340.102
 20
846.575
 10
337.7437
 20
839.6054
 10
335.7224
 20
832.4873
 10
334.0475
 20
825.2302
 10
332.7283
 20
817.8435
 10
331.7744
 20
810.3366
 10
331.1952
 20
802.719
 10
331.0
 20
795.0
 10
331.1952
 20
787.281
 10
331.7744
 20
779.6634
 10
332.7283
 20
772.1565
 10
334.0475
 20
764.7698
 10
335.7224
 20
757.5127
 10
337.7437
 20
750.3946
 10
340.102
 20
743.425
 10
342.7877
 20
736.6132
 10
345.7916
 20
729.9688
 10
349.1042
 20
723.5011
 10
352.716
 20
717.2195
 10
356.6176
 20
711.1336
 10
360.7997
 20
705.2526
 10
365.2527
 20
699.5861
 10
369.9673
 20
694.1434
 10
374.934
 20
688.934
 10
380.1434
 20
683.9673
 10
385.5861
 20
679.2527
 10
391.2526
 20
674.7997
 10
397.1336
 20
670.6176
 10
403.2195
 20
666.716
 10
409.5011
 20
663.1042
 10
415.9688
 20
659.7916
 10
422.6132
 20
656.7877
 10
429.425
 20
654.102
 10
436.3946
 20
651.7437
 10
443.5127
 20
649.7224
 10
450.7698
 20
648.0475
 10
458.1565
 20
646.7283
 10
465.6634
 20
645.7744
 10
473.281
 20
645.1952
 10
481.0
 20
645.0
 10
488.719
 20
645.1952
 10
496.3366
 20
645.7744
 10
503.8435
 20
646.7283
 10
511.2302
 20
648.0475
 10
518.4873
 20
649.7224
 10
525.6054
 20
651.7437
 10
532.575
 20
654.102
 10
539.3868
 20
656.7877
 10
546.0312
 20
659.7916
 10
552.4989
 20
663.1042
 10
558.7805
 20
666.716
 10
564.8664
 20
670.6176
 10
570.7474
 20
674.7997
 10
576.4139
 20
679.2527
 10
581.8566
 20
683.9673
 10
587.066
 20
688.934
 10
592.0327
 20
694.1434
 10
596.7473
 20
699.5861
 10
601.2003
 20
705.2526
 10
605.3824
 20
711.1336
 10
609.284
 20
717.2195
 10
612.8958
 20
723.5011
 10
616.2084
 20
729.9688
 10
619.2123
 20
736.6132
 10
621.898
 20
743.425
 10
624.2563
 20
750.3946
 10
626.2776
 20
757.5127
 10
627.9525
 20
764.7698
  0
LWPOLYLINE
  5
F0
330
17
100
AcDbEntity
  8
OFFCUT
100
AcDbPolyline
 90
129
 70
1
 10
313.9525
 20
1078.7698
 10
315.2717
 20
1086.1565
 10
316.2256
 20
1093.6634
 10
316.8048
 20
1101.281
 10
317.0
 20
1109.0
 10
316.8048
 20
1116.719
 10
316.2256
 20
1124.3366
 10
315.2717
 20
1131.8435
 10
313.9525
 20
1139.2302
 10
312.2776
 20
1146.4873
 10
310.2563
 20
1153.6054
 10
307.898
 20
1160.575
 10
305.2123
 20
1167.3868
 10
302.2084
 20
1174.0312
 10
298.8958
 20
1180.4989
 10
295.284
 20
1186.7805
 10
291.3824
 20
1192.8664
 10
287.2003
 20
1198.7474
 10
282.7473
 20
1204.4139
 10
278.0327
 20
1209.8566
 10
273.066
 20
1215.066
 10
267.8566
 20
1220.0327
 10
262.4139
 20
1224.7473
 10
256.7474
 20
1229.2003
 10
250.8664
 20
1233.3824
 10
244.7805
 20
1237.284
 10
238.4989
 20
1240.8958
 10
232.0312
 20
1244.2084
 10
225.3868
 20
1247.2123
 10
218.575
 20
1249.898
 10
211.6054
 20
1252.2563
 10
204.4873
 20
1254.2776
 10
197.2302
 20
1255.9525
 10
189.8435
 20
1257.2717
 10
182.3366
 20
1258.2256
 10
174.719
 20
1258.8048
 10
167.0
 20
1259.0
 10
159.281
 20
1258.8048
 10
151.6634
 20
1258.2256
 10
144.1565
 20
1257.2717
 10
136.7698
 20
1255.9525
 10
129.5127
 20
1254.2776
 10
122.3946
 20
1252.2563
 10
115.425
 20
1249.898
 10
108.6132
 20
1247.2123
 10
101.9688
 20
1244.2084
 10
95.5011
 20
1240.8958
 10
89.2195
 20
1237.284
 10
83.1336
 20
1233.3824
 10
77.2526
 20
1229.2003
 10
71.5861
 20
1224.7473
 10
66.1434
 20
1220.0327
 10
60.934
 20
1215.066
 10
55.9673
 20
1209.8566
 10
51.2527
 20
1204.4139
 10
46.7997
 20
1198.7474
 10
42.6176
 20
1192.8664
 10
38.716
 20
1186.7805
 10
35.1042
 20
1180.4989
 10
31.7916
 20
1174.0312
 10
28.7877
 20
1167.3868
 10
26.102
 20
1160.575
 10
23.7437
 20
1153.6054
 10
21.7224
 20
1146.4873
 10
20.0475
 20
1139.2302
 10
18.7283
 20
1131.8435
 10
17.7744
 20
1124.3366
 10
17.1952
 20
1116.719
 10
17.0
 20
1109.0
 10
17.1952
 20
1101.281
 10
17.7744
 20
1093.6634
 10
18.7283
 20
1086.1565
 10
20.0475
 20
1078.7698
 10
21.7224
 20
1071.5127
 10
23.7437
 20
1064.3946
 10
26.102
 20
1057.425
 10
28.7877
 20
1050.6132
 10
31.7916
 20
1043.9688
 10
35.1042
 20
1037.5011
 10
38.716
 20
1031.2195
 10
42.6176
 20
1025.1336
 10
46.7997
 20
1019.2526
 10
51.2527
 20
1013.5861
 10
55.9673
 20
1008.1434
 10
60.934
 20
1002.934
 10
66.1434
 20
997.9673
 10
71.5861
 20
993.2527
 10
77.2526
 20
988.7997
 10
83.1336
 20
984.6176
 10
89.2195
 20
980.716
 10
95.5011
 20
977.1042
 10
101.9688
 20
973.7916
 10
108.6132
 20
970.7877
 10
115.425
 20
968.102
 10
122.3946
 20
965.7437
 10
129.5127
 20
963.7224
 10
136.7698
 20
962.0475
 10
144.1565
 20
960.7283
 10
151.6634
 20
959.7744
 10
159.281
 20
959.1952
 10
167.0
 20
959.0
 10
174.719
 20
959.1952
 10
182.3366
 20
959.7744
 10
189.8435
 20
960.7283
 10
197.2302
 20
962.0475
 10
204.4873
 20
963.7224
 10
211.6054
 20
965.7437
 10
218.575
 20
968.102
 10
225.3868
 20
970.7877
 10
232.0312
 20
973.7916
 10
238.4989
 20
977.1042
 10
244.7805
 20
980.716
 10
250.8664
 20
984.6176
 10
256.7474
 20
988.7997
 10
262.4139
 20
993.2527
 10
267.8566
 20
997.9673
 10
273.066
 20
1002.934
 10
278.0327
 20
1008.1434
 10
282.7473
 20
1013.5861
 10
287.2003
 20
1019.2526
 10
291.3824
 20
1025.1336
 10
295.284
 20
1031.2195
 10
298.8958
 20
1037.5011
 10
302.2084
 20
1043.9688
 10
305.2123
 20
1050.6132
 10
307.898
 20
1057.425
 10
310.2563
 20
1064.3946
 10
312.2776
 20
1071.5127
 10
313.9525
 20
1078.7698
  0
LWPOLYLINE
  5
F1
330
17
100
AcDbEntity
  8
OFFCUT
100
AcDbPolyline
 90
129
 70
1
 10
629.2717
 20
1086.1565
 10
630.2256
 20
1093.6634
 10
630.8048
 20
1101.281
 10
631.0
 20
1109.0
 10
630.8048
 20
1116.719
 10
630.2256
 20
1124.3366
 10
629.2717
 20
1131.8435
 10
627.9525
 20
1139.2302
 10
626.2776
 20
1146.4873
 10
624.2563
 20
1153.6054
 10
621.898
 20
1160.575
 10
619.2123
 20
1167.3868
 10
616.2084
 20
1174.0312
 10
612.8958
 20
1180.4989
 10
609.284
 20
1186.7805
 10
605.3824
 20
1192.8664
 10
601.2003
 20
1198.7474
 10
596.7473
 20
1204.4139
 10
592.0327
 20
1209.8566
 10
587.066
 20
1215.066
 10
581.8566
 20
1220.0327
 10
576.4139
 20
1224.7473
 10
570.7474
 20
1229.2003
 10
564.8664
 20
1233.3824
 10
558.7805
 20
1237.284
 10
552.4989
 20
1240.8958
 10
546.0312
 20
1244.2084
 10
539.3868
 20
1247.2123
 10
532.575
 20
1249.898
 10
525.6054
 20
1252.2563
 10
518.4873
 20
1254.2776
 10
511.2302
 20
1255.9525
 10
503.8435
 20
1257.2717
 10
496.3366
 20
1258.2256
 10
488.719
 20
1258.8048
 10
481.0
 20
1259.0
 10
473.281
 20
1258.8048
 10
465.6634
 20
1258.2256
 10
458.1565
 20
1257.2717
 10
450.7698
 20
1255.9525
 10
443.5127
 20
1254.2776
 10
436.3946
 20
1252.2563
 10
429.425
 20
1249.898
 10
422.6132
 20
1247.2123
 10
415.9688
 20
1244.2084
 10
409.5011
 20
1240.8958
 10
403.2195
 20
1237.284
 10
397.1336
 20
1233.3824
 10
391.2526
 20
1229.2003
 10
385.5861
 20
1224.7473
 10
380.1434
 20
1220.0327
 10
374.934
 20
1215.066
 10
369.9673
 20
1209.8566
 10
365.2527
 20
1204.4139
 10
360.7997
 20
1198.7474
 10
356.6176
 20
1192.8664
 10
352.716
 20
1186.7805
 10
349.1042
 20
1180.4989
 10
345.7916
 20
1174.0312
 10
342.7877
 20
1167.3868
 10
340.102
 20
1160.575
 10
337.7437
 20
1153.6054
 10
335.7224
 20
1146.4873
 10
334.0475
 20
1139.2302
 10
332.7283
 20
1131.8435
 10
331.7744
 20
1124.3366
 10
331.1952
 20
1116.719
 10
331.0
 20
1109.0
 10
331.1952
 20
1101.281
 10
331.7744
 20
1093.6634
 10
332.7283
 20
1086.1565
 10
334.0475
 20
1078.7698
 10
335.7224
 20
1071.5127
 10
337.7437
 20
1064.3946
 10
340.102
 20
1057.425
 10
342.7877
 20
1050.6132
 10
345.7916
 20
1043.9688
 10
349.1042
 20
1037.5011
 10
352.716
 20
1031.2195
 10
356.6176
 20
1025.1336
 10
360.7997
 20
1019.2526
 10
365.2527
 20
1013.5861
 10
369.9673
 20
1008.1434
 10
374.934
 20
1002.934
 10
380.1434
 20
997.9673
 10
385.5861
 20
993.2527
 10
391.2526
 20
988.7997
 10
397.1336
 20
984.6176
 10
403.2195
 20
980.716
 10
409.5011
 20
977.1042
 10
415.9688
 20
973.7916
 10
422.6132
 20
970.7877
 10
429.425
 20
968.102
 10
436.3946
 20
965.7437
 10
443.5127
 20
963.7224
 10
450.7698
 20
962.0475
 10
458.1565
 20
960.7283
 10
465.6634
 20
959.7744
 10
473.281
 20
959.1952
 10
481.0
 20
959.0
 10
488.719
 20
959.1952
 10
496.3366
 20
959.7744
 10
503.8435
 20
960.7283
 10
511.2302
 20
962.0475
 10
518.4873
 20
963.7224
 10
525.6054
 20
965.7437
 10
532.575
 20
968.102
 10
539.3868
 20
970.7877
 10
546.0312
 20
973.7916
 10
552.4989
 20
977.1042
 10
558.7805
 20
980.716
 10
564.8664
 20
984.6176
 10
570.7474
 20
988.7997
 10
576.4139
 20
993.2527
 10
581.8566
 20
997.9673
 10
587.066
 20
1002.934
 10
592.0327
 20
1008.1434
 10
596.7473
 20
1013.5861
 10
601.2003
 20
1019.2526
 10
605.3824
 20
1025.1336
 10
609.284
 20
1031.2195
 10
612.8958
 20
1037.5011
 10
616.2084
 20
1043.9688
 10
619.2123
 20
1050.6132
 10
621.898
 20
1057.425
 10
624.2563
 20
1064.3946
 10
626.2776
 20
1071.5127
 10
627.9525
 20
1078.7698
 10
629.2717
 20
1086.1565
  0
LWPOLYLINE
  5
F2
330
17
100
AcDbEntity
  8
OFFCUT
100
AcDbPolyline
 90
129
 70
1
 10
315.2717
 20
1400.1565
 10
316.2256
 20
1407.6634
 10
316.8048
 20
1415.281
 10
317.0
 20
1423.0
 10
316.8048
 20
1430.719
 10
316.2256
 20
1438.3366
 10
315.2717
 20
1445.8435
 10
313.9525
 20
1453.2302
 10
312.2776
 20
1460.4873
 10
310.2563
 20
1467.6054
 10
307.898
 20
1474.575
 10
305.2123
 20
1481.3868
 10
302.2084
 20
1488.0312
 10
298.8958
 20
1494.4989
 10
295.284
 20
1500.7805
 10
291.3824
 20
1506.8664
 10
287.2003
 20
1512.7474
 10
282.7473
 20
1518.4139
 10
278.0327
 20
1523.8566
 10
273.066
 20
1529.066
 10
267.8566
 20
1534.0327
 10
262.4139
 20
1538.7473
 10
256.7474
 20
1543.2003
 10
250.8664
 20
1547.3824
 10
244.7805
 20
1551.284
 10
238.4989
 20
1554.8958
 10
232.0312
 20
1558.2084
 10
225.3868
 20
1561.2123
 10
218.575
 20
1563.898
 10
211.6054
 20
1566.2563
 10
204.4873
 20
1568.2776
 10
197.2302
 20
1569.9525
 10
189.8435
 20
1571.2717
 10
182.3366
 20
1572.2256
 10
174.719
 20
1572.8048
 10
167.0
 20
1573.0
 10
159.281
 20
1572.8048
 10
151.6634
 20
1572.2256
 10
144.1565
 20
1571.2717
 10
136.7698
 20
1569.9525
 10
129.5127
 20
1568.2776
 10
122.3946
 20
1566.2563
 10
115.425
 20
1563.898
 10
108.6132
 20
1561.2123
 10
101.9688
 20
1558.2084
 10
95.5011
 20
1554.8958
 10
89.2195
 20
1551.284
 10
83.1336
 20
1547.3824
 10
77.2526
 20
1543.2003
 10
71.5861
 20
1538.7473
 10
66.1434
 20
1534.0327
 10
60.934
 20
1529.066
 10
55.9673
 20
1523.8566
 10
51.2527
 20
1518.4139
 10
46.7997
 20
1512.7474
 10
42.6176
 20
1506.8664
 10
38.716
 20
1500.7805
 10
35.1042
 20
1494.4989
 10
31.7916
 20
1488.0312
 10
28.7877
 20
1481.3868
 10
26.102
 20
1474.575
 10
23.7437
 20
1467.6054
 10
21.7224
 20
1460.4873
 10
20.0475
 20
1453.2302
 10
18.7283
 20
1445.8435
 10
17.7744
 20
1438.3366
 10
17.1952
 20
1430.719
 10
17.0
 20
1423.0
 10
17.1952
 20
1415.281
 10
17.7744
 20
1407.6634
 10
18.7283
 20
1400.1565
 10
20.0475
 20
1392.7698
 10
21.7224
 20
1385.5127
 10
23.7437
 20
1378.3946
 10
26.102
 20
1371.425
 10
28.7877
 20
1364.6132
 10
31.7916
 20
1357.9688
 10
35.1042
 20
1351.5011
 10
38.716
 20
1345.2195
 10
42.6176
 20
1339.1336
 10
46.7997
 20
1333.2526
 10
51.2527
 20
1327.5861
 10
55.9673
 20
1322.1434
 10
60.934
 20
1316.934
 10
66.1434
 20
1311.9673
 10
71.5861
 20
1307.2527
 10
77.2526
 20
1302.7997
 10
83.1336
 20
1298.6176
 10
89.2195
 20
1294.716
 10
95.5011
 20
1291.1042
 10
101.9688
 20
1287.7916
 10
108.6132
 20
1284.7877
 10
115.425
 20
1282.102
 10
122.3946
 20
1279.7437
 10
129.5127
 20
1277.7224
 10
136.7698
 20
1276.0475
 10
144.1565
 20
1274.7283
 10
151.6634
 20
1273.7744
 10
159.281
 20
1273.1952
 10
167.0
 20
1273.0
 10
174.719
 20
1273.1952
 10
182.3366
 20
1273.7744
 10
189.8435
 20
1274.7283
 10
197.2302
 20
1276.0475
 10
204.4873
 20
1277.7224
 10
211.6054
 20
1279.7437
 10
218.575
 20
1282.102
 10
225.3868
 20
1284.7877
 10
232.0312
 20
1287.7916
 10
238.4989
 20
1291.1042
 10
244.7805
 20
1294.716
 10
250.8664
 20
1298.6176
 10
256.7474
 20
1302.7997
 10
262.4139
 20
1307.2527
 10
267.8566
 20
1311.9673
 10
273.066
 20
1316.934
 10
278.0327
 20
1322.1434
 10
282.7473
 20
1327.5861
 10
287.2003
 20
1333.2526
 10
291.3824
 20
1339.1336
 10
295.284
 20
1345.2195
 10
298.8958
 20
1351.5011
 10
302.2084
 20
1357.9688
 10
305.2123
 20
1364.6132
 10
307.898
 20
1371.425
 10
310.2563
 20
1378.3946
 10
312.2776
 20
1385.5127
 10
313.9525
 20
1392.7698
 10
315.2717
 20
1400.1565
  0
LWPOLYLINE
  5
F3
330
17
100
AcDbEntity
  8
OFFCUT
100
AcDbPolyline
 90
129
 70
1
 10
315.2717
 20
1714.1565
 10
316.2256
 20
1721.6634
 10
316.8048
 20
1729.281
 10
317.0
 20
1737.0
 10
316.8048
 20
1744.719
 10
316.2256
 20
1752.3366
 10
315.2717
 20
1759.8435
 10
313.9525
 20
1767.2302
 10
312.2776
 20
1774.4873
 10
310.2563
 20
1781.6054
 10
307.898
 20
1788.575
 10
305.2123
 20
1795.3868
 10
302.2084
 20
1802.0312
 10
298.8958
 20
1808.4989
 10
295.284
 20
1814.7805
 10
291.3824
 20
1820.8664
 10
287.2003
 20
1826.7474
 10
282.7473
 20
1832.4139
 10
278.0327
 20
1837.8566
 10
273.066
 20
1843.066
 10
267.8566
 20
1848.0327
 10
262.4139
 20
1852.7473
 10
256.7474
 20
1857.2003
 10
250.8664
 20
1861.3824
 10
244.7805
 20
1865.284
 10
238.4989
 20
1868.8958
 10
232.0312
 20
1872.2084
 10
225.3868
 20
1875.2123
 10
218.575
 20
1877.898
 10
211.6054
 20
1880.2563
 10
204.4873
 20
1882.2776
 10
197.2302
 20
1883.9525
 10
189.8435
 20
1885.2717
 10
182.3366
 20
1886.2256
 10
174.719
 20
1886.8048
 10
167.0
 20
1887.0
 10
159.281
 20
1886.8048
 10
151.6634
 20
1886.2256
 10
144.1565
 20
1885.2717
 10
136.7698
 20
1883.9525
 10
129.5127
 20
1882.2776
 10
122.3946
 20
1880.2563
 10
115.425
 20
1877.898
 10
108.6132
 20
1875.2123
 10
101.9688
 20
1872.2084
 10
95.5011
 20
1868.8958
 10
89.2195
 20
1865.284
 10
83.1336
 20
1861.3824
 10
77.2526
 20
1857.2003
 10
71.5861
 20
1852.7473
 10
66.1434
 20
1848.0327
 10
60.934
 20
1843.066
 10
55.9673
 20
1837.8566
 10
51.2527
 20
1832.4139
 10
46.7997
 20
1826.7474
 10
42.6176
 20
1820.8664
 10
38.716
 20
1814.7805
 10
35.1042
 20
1808.4989
 10
31.7916
 20
1802.0312
 10
28.7877
 20
1795.3868
 10
26.102
 20
1788.575
 10
23.7437
 20
1781.6054
 10
21.7224
 20
1774.4873
 10
20.0475
 20
1767.2302
 10
18.7283
 20
1759.8435
 10
17.7744
 20
1752.3366
 10
17.1952
 20
1744.719
 10
17.0
 20
1737.0
 10
17.1952
 20
1729.281
 10
17.7744
 20
1721.6634
 10
18.7283
 20
1714.1565
 10
20.0475
 20
1706.7698
 10
21.7224
 20
1699.5127
 10
23.7437
 20
1692.3946
 10
26.102
 20
1685.425
 10
28.7877
 20
1678.6132
 10
31.7916
 20
1671.9688
 10
35.1042
 20
1665.5011
 10
38.716
 20
1659.2195
 10
42.6176
 20
1653.1336
 10
46.7997
 20
1647.2526
 10
51.2527
 20
1641.5861
 10
55.9673
 20
1636.1434
 10
60.934
 20
1630.934
 10
66.1434
 20
1625.9673
 10
71.5861
 20
1621.2527
 10
77.2526
 20
1616.7997
 10
83.1336
 20
1612.6176
 10
89.2195
 20
1608.716
 10
95.5011
 20
1605.1042
 10
101.9688
 20
1601.7916
 10
108.6132
 20
1598.7877
 10
115.425
 20
1596.102
 10
122.3946
 20
1593.7437
 10
129.5127
 20
1591.7224
 10
136.7698
 20
1590.0475
 10
144.1565
 20
1588.7283
 10
151.6634
 20
1587.7744
 10
159.281
 20
1587.1952
 10
167.0
 20
1587.0
 10
174.719
 20
1587.1952
 10
182.3366
 20
1587.7744
 10
189.8435
 20
1588.7283
 10
197.2302
 20
1590.0475
 10
204.4873
 20
1591.7224
 10
211.6054
 20
1593.7437
 10
218.575
 20
1596.102
 10
225.3868
 20
1598.7877
 10
232.0312
 20
1601.7916
 10
238.4989
 20
1605.1042
 10
244.7805
 20
1608.716
 10
250.8664
 20
1612.6176
 10
256.7474
 20
1616.7997
 10
262.4139
 20
1621.2527
 10
267.8566
 20
1625.9673
 10
273.066
 20
1630.934
 10
278.0327
 20
1636.1434
 10
282.7473
 20
1641.5861
 10
287.2003
 20
1647.2526
 10
291.3824
 20
1653.1336
 10
295.284
 20
1659.2195
 10
298.8958
 20
1665.5011
 10
302.2084
 20
1671.9688
 10
305.2123
 20
1678.6132
 10
307.898
 20
1685.425
 10
310.2563
 20
1692.3946
 10
312.2776
 20
1699.5127
 10
313.9525
 20
1706.7698
 10
315.2717
 20
1714.1565
  0
LWPOLYLINE
  5
F4
330
17
100
AcDbEntity
  8
OFFCUT
100
AcDbPolyline
 90
7
 70
1
 10
631.0
 20
1627.0
 10
371.0
 20
1627.0
 10
371.0
 20
1887.0
 10
331.0
 20
1887.0
 10
331.0
 20
1587.0
 10
631.0
 20
1587.0
 10
631.0
 20
1627.0
  0
LWPOLYLINE
  5
F5
330
17
100
AcDbEntity
  8
OFFCUT
100
AcDbPolyline
 90
7
 70
1
 10
317.0
 20
1941.0
 10
57.0
 20
1941.0
 10
57.0
 20
2201.0
 10
17.0
 20
2201.0
 10
17.0
 20
1901.0
 10
317.0
 20
1901.0
 10
317.0
 20
1941.0
  0
LWPOLYLINE
  5
F6
330
17
100
AcDbEntity
  8
OFFCUT
100
AcDbPolyline
 90
7
 70
1
 10
371.0
 20
1941.0
 10
371.0
 20
2201.0
 10
331.0
 20
2201.0
 10
331.0
 20
1901.0
 10
631.0
 20
1901.0
 10
631.0
 20
1941.0
 10
371.0
 20
1941.0
  0
LWPOLYLINE
  5
F7
330
17
100
AcDbEntity
  8
OFFCUT
100
AcDbPolyline
 90
5
 70
1
 10
831.0
 20
17.0
 10
831.0
 20
317.0
 10
431.0
 20
317.0
 10
431.0
 20
17.0
 10
831.0
 20
17.0
  0
LWPOLYLINE
  5
F8
330
17
100
AcDbEntity
  8
OFFCUT
100
AcDbPolyline
 90
5
 70
1
 10
1145.0
 20
417.0
 10
845.0
 20
417.0
 10
845.0
 20
17.0
 10
1145.0
 20
17.0
 10
1145.0
 20
417.0
  0
LWPOLYLINE
  5
F9
330
17
100
AcDbEntity
  8
OFFCUT
100
AcDbPolyline
 90
5
 70
1
 10
431.0
 20
331.0
 10
831.0
 20
331.0
 10
831.0
 20
631.0
 10
431.0
 20
631.0
 10
431.0
 20
331.0
  0
LWPOLYLINE
  5
FA
330
17
100
AcDbEntity
  8
OFFCUT
100
AcDbPolyline
 90
129
 70
1
 10
1141.9525
 20
550.7698
 10
1143.2717
 20
558.1565
 10
1144.2256
 20
565.6634
 10
1144.8048
 20
573.281
 10
1145.0
 20
581.0
 10
1144.8048
 20
588.719
 10
1144.2256
 20
596.3366
 10
1143.2717
 20
603.8435
 10
1141.9525
 20
611.2302
 10
1140.2776
 20
618.4873
 10
1138.2563
 20
625.6054
 10
1135.898
 20
632.575
 10
1133.2123
 20
639.3868
 10
1130.2084
 20
646.0312
 10
1126.8958
 20
652.4989
 10
1123.284
 20
658.7805
 10
1119.3824
 20
664.8664
 10
1115.2003
 20
670.7474
 10
1110.7473
 20
676.4139
 10
1106.0327
 20
681.8566
 10
1101.066
 20
687.066
 10
1095.8566
 20
692.0327
 10
1090.4139
 20
696.7473
 10
1084.7474
 20
701.2003
 10
1078.8664
 20
705.3824
 10
1072.7805
 20
709.284
 10
1066.4989
 20
712.8958
 10
1060.0312
 20
716.2084
 10
1053.3868
 20
719.2123
 10
1046.575
 20
721.898
 10
1039.6054
 20
724.2563
 10
1032.4873
 20
726.2776
 10
1025.2302
 20
727.9525
 10
1017.8435
 20
729.2717
 10
1010.3366
 20
730.2256
 10
1002.719
 20
730.8048
 10
995.0
 20
731.0
 10
987.281
 20
730.8048
 10
979.6634
 20
730.2256
 10
972.1565
 20
729.2717
 10
964.7698
 20
727.9525
 10
957.5127
 20
726.2776
 10
950.3946
 20
724.2563
 10
943.425
 20
721.898
 10
936.6132
 20
719.2123
 10
929.9688
 20
716.2084
 10
923.5011
 20
712.8958
 10
917.2195
 20
709.284
 10
911.1336
 20
705.3824
 10
905.2526
 20
701.2003
 10
899.5861
 20
696.7473
 10
894.1434
 20
692.0327
 10
888.934
 20
687.066
 10
883.9673
 20
681.8566
 10
879.2527
 20
676.4139
 10
874.7997
 20
670.7474
 10
870.6176
 20
664.8664
 10
866.716
 20
658.7805
 10
863.1042
 20
652.4989
 10
859.7916
 20
646.0312
 10
856.7877
 20
639.3868
 10
854.102
 20
632.575
 10
851.7437
 20
625.6054
 10
849.7224
 20
618.4873
 10
848.0475
 20
611.2302
 10
846.7283
 20
603.8435
 10
845.7744
 20
596.3366
 10
845.1952
 20
588.719
 10
845.0
 20
581.0
 10
845.1952
 20
573.281
 10
845.7744
 20
565.6634
 10
846.7283
 20
558.1565
 10
848.0475
 20
550.7698
 10
849.7224
 20
543.5127
 10
851.7437
 20
536.3946
 10
854.102
 20
529.425
 10
856.7877
 20
522.6132
 10
859.7916
 20
515.9688
 10
863.1042
 20
509.5011
 10
866.716
 20
503.2195
 10
870.6176
 20
497.1336
 10
874.7997
 20
491.2526
 10
879.2527
 20
485.5861
 10
883.9673
 20
480.1434
 10
888.934
 20
474.934
 10
894.1434
 20
469.9673
 10
899.5861
 20
465.2527
 10
905.2526
 20
460.7997
 10
911.1336
 20
456.6176
 10
917.2195
 20
452.716
 10
923.5011
 20
449.1042
 10
929.9688
 20
445.7916
 10
936.6132
 20
442.7877
 10
943.425
 20
440.102
 10
950.3946
 20
437.7437
 10
957.5127
 20
435.7224
 10
964.7698
 20
434.0475
 10
972.1565
 20
432.7283
 10
979.6634
 20
431.7744
 10
987.281
 20
431.1952
 10
995.0
 20
431.0
 10
1002.719
 20
431.1952
 10
1010.3366
 20
431.7744
 10
1017.8435
 20
432.7283
 10
1025.2302
 20
434.0475
 10
1032.4873
 20
435.7224
 10
1039.6054
 20
437.7437
 10
1046.575
 20
440.102
 10
1053.3868
 20
442.7877
 10
1060.0312
 20
445.7916
 10
1066.4989
 20
449.1042
 10
1072.7805
 20
452.716
 10
1078.8664
 20
456.6176
 10
1084.7474
 20
460.7997
 10
1090.4139
 20
465.2527
 10
1095.8566
 20
469.9673
 10
1101.066
 20
474.934
 10
1106.0327
 20
480.1434
 10
1110.7473
 20
485.5861
 10
1115.2003
 20
491.2526
 10
1119.3824
 20
497.1336
 10
1123.284
 20
503.2195
 10
1126.8958
 20
509.5011
 10
1130.2084
 20
515.9688
 10
1133.2123
 20
522.6132
 10
1135.898
 20
529.425
 10
1138.2563
 20
536.3946
 10
1140.2776
 20
543.5127
 10
1141.9525
 20
550.7698
  0
LWPOLYLINE
  5
FB
330
17
100
AcDbEntity
  8
OFFCUT
100
AcDbPolyline
 90
129
 70
1
 10
943.2717
 20
872.1565
 10
944.2256
 20
879.6634
 10
944.8048
 20
887.281
 10
945.0
 20
895.0
 10
944.8048
 20
902.719
 10
944.2256
 20
910.3366
 10
943.2717
 20
917.8435
 10
941.9525
 20
925.2302
 10
940.2776
 20
932.4873
 10
938.2563
 20
939.6054
 10
935.898
 20
946.575
 10
933.2123
 20
953.3868
 10
930.2084
 20
960.0312
 10
926.8958
 20
966.4989
 10
923.284
 20
972.7805
 10
919.3824
 20
978.8664
 10
915.2003
 20
984.7474
 10
910.7473
 20
990.4139
 10
906.0327
 20
995.8566
 10
901.066
 20
1001.066
 10
895.8566
 20
1006.0327
 10
890.4139
 20
1010.7473
 10
884.7474
 20
1015.2003
 10
878.8664
 20
1019.3824
 10
872.7805
 20
1023.284
 10
866.4989
 20
1026.8958
 10
860.0312
 20
1030.2084
 10
853.3868
 20
1033.2123
 10
846.575
 20
1035.898
 10
839.6054
 20
1038.2563
 10
832.4873
 20
1040.2776
 10
825.2302
 20
1041.9525
 10
817.8435
 20
1043.2717
 10
810.3366
 20
1044.2256
 10
802.719
 20
1044.8048
 10
795.0
 20
1045.0
 10
787.281
 20
1044.8048
 10
779.6634
 20
1044.2256
 10
772.1565
 20
1043.2717
 10
764.7698
 20
1041.9525
 10
757.5127
 20
1040.2776
 10
750.3946
 20
1038.2563
 10
743.425
 20
1035.898
 10
736.6132
 20
1033.2123
 10
729.9688
 20
1030.2084
 10
723.5011
 20
1026.8958
 10
717.2195
 20
1023.284
 10
711.1336
 20
1019.3824
 10
705.2526
 20
1015.2003
 10
699.5861
 20
1010.7473
 10
694.1434
 20
1006.0327
 10
688.934
 20
1001.066
 10
683.9673
 20
995.8566
 10
679.2527
 20
990.4139
 10
674.7997
 20
984.7474
 10
670.6176
 20
978.8664
 10
666.716
 20
972.7805
 10
663.1042
 20
966.4989
 10
659.7916
 20
960.0312
 10
656.7877
 20
953.3868
 10
654.102
 20
946.575
 10
651.7437
 20
939.6054
 10
649.7224
 20
932.4873
 10
648.0475
 20
925.2302
 10
646.7283
 20
917.8435
 10
645.7744
 20
910.3366
 10
645.1952
 20
902.719
 10
645.0
 20
895.0
 10
645.1952
 20
887.281
 10
645.7744
 20
879.6634
 10
646.7283
 20
872.1565
 10
648.0475
 20
864.7698
 10
649.7224
 20
857.5127
 10
651.7437
 20
850.3946
 10
654.102
 20
843.425
 10
656.7877
 20
836.6132
 10
659.7916
 20
829.9688
 10
663.1042
 20
823.5011
 10
666.716
 20
817.2195
 10
670.6176
 20
811.1336
 10
674.7997
 20
805.2526
 10
679.2527
 20
799.5861
 10
683.9673
 20
794.1434
 10
688.934
 20
788.934
 10
694.1434
 20
783.9673
 10
699.5861
 20
779.2527
 10
705.2526
 20
774.7997
 10
711.1336
 20
770.6176
 10
717.2195
 20
766.716
 10
723.5011
 20
763.1042
 10
729.9688
 20
759.7916
 10
736.6132
 20
756.7877
 10
743.425
 20
754.102
 10
750.3946
 20
751.7437
 10
757.5127
 20
749.7224
 10
764.7698
 20
748.0475
 10
772.1565
 20
746.7283
 10
779.6634
 20
745.7744
 10
787.281
 20
745.1952
 10
795.0
 20
745.0
 10
802.719
 20
745.1952
 10
810.3366
 20
745.7744
 10
817.8435
 20
746.7283
 10
825.2302
 20
748.0475
 10
832.4873
 20
749.7224
 10
839.6054
 20
751.7437
 10
846.575
 20
754.102
 10
853.3868
 20
756.7877
 10
860.0312
 20
759.7916
 10
866.4989
 20
763.1042
 10
872.7805
 20
766.716
 10
878.8664
 20
770.6176
 10
884.7474
 20
774.7997
 10
890.4139
 20
779.2527
 10
895.8566
 20
783.9673
 10
901.066
 20
788.934
 10
906.0327
 20
794.1434
 10
910.7473
 20
799.5861
 10
915.2003
 20
805.2526
 10
919.3824
 20
811.1336
 10
923.284
 20
817.2195
 10
926.8958
 20
823.5011
 10
930.2084
 20
829.9688
 10
933.2123
 20
836.6132
 10
935.898
 20
843.425
 10
938.2563
 20
850.3946
 10
940.2776
 20
857.5127
 10
941.9525
 20
864.7698
 10
943.2717
 20
872.1565
  0
LWPOLYLINE
  5
FC
330
17
100
AcDbEntity
  8
OFFCUT
100
AcDbPolyline
 90
129
 70
1
 10
941.9525
 20
1178.7698
 10
943.2717
 20
1186.1565
 10
944.2256
 20
1193.6634
 10
944.8048
 20
1201.281
 10
945.0
 20
1209.0
 10
944.8048
 20
1216.719
 10
944.2256
 20
1224.3366
 10
943.2717
 20
1231.8435
 10
941.9525
 20
1239.2302
 10
940.2776
 20
1246.4873
 10
938.2563
 20
1253.6054
 10
935.898
 20
1260.575
 10
933.2123
 20
1267.3868
 10
930.2084
 20
1274.0312
 10
926.8958
 20
1280.4989
 10
923.284
 20
1286.7805
 10
919.3824
 20
1292.8664
 10
915.2003
 20
1298.7474
 10
910.7473
 20
1304.4139
 10
906.0327
 20
1309.8566
 10
901.066
 20
1315.066
 10
895.8566
 20
1320.0327
 10
890.4139
 20
1324.7473
 10
884.7474
 20
1329.2003
 10
878.8664
 20
1333.3824
 10
872.7805
 20
1337.284
 10
866.4989
 20
1340.8958
 10
860.0312
 20
1344.2084
 10
853.3868
 20
1347.2123
 10
846.575
 20
1349.898
 10
839.6054
 20
1352.2563
 10
832.4873
 20
1354.2776
 10
825.2302
 20
1355.9525
 10
817.8435
 20
1357.2717
 10
810.3366
 20
1358.2256
 10
802.719
 20
1358.8048
 10
795.0
 20
1359.0
 10
787.281
 20
1358.8048
 10
779.6634
 20
1358.2256
 10
772.1565
 20
1357.2717
 10
764.7698
 20
1355.9525
 10
757.5127
 20
1354.2776
 10
750.3946
 20
1352.2563
 10
743.425
 20
1349.898
 10
736.6132
 20
1347.2123
 10
729.9688
 20
1344.2084
 10
723.5011
 20
1340.8958
 10
717.2195
 20
1337.284
 10
711.1336
 20
1333.3824
 10
705.2526
 20
1329.2003
 10
699.5861
 20
1324.7473
 10
694.1434
 20
1320.0327
 10
688.934
 20
1315.066
 10
683.9673
 20
1309.8566
 10
679.2527
 20
1304.4139
 10
674.7997
 20
1298.7474
 10
670.6176
 20
1292.8664
 10
666.716
 20
1286.7805
 10
663.1042
 20
1280.4989
 10
659.7916
 20
1274.0312
 10
656.7877
 20
1267.3868
 10
654.102
 20
1260.575
 10
651.7437
 20
1253.6054
 10
649.7224
 20
1246.4873
 10
648.0475
 20
1239.2302
 10
646.7283
 20
1231.8435
 10
645.7744
 20
1224.3366
 10
645.1952
 20
1216.719
 10
645.0
 20
1209.0
 10
645.1952
 20
1201.281
 10
645.7744
 20
1193.6634
 10
646.7283
 20
1186.1565
 10
648.0475
 20
1178.7698
 10
649.7224
 20
1171.5127
 10
651.7437
 20
1164.3946
 10
654.102
 20
1157.425
 10
656.7877
 20
1150.6132
 10
659.7916
 20
1143.9688
 10
663.1042
 20
1137.5011
 10
666.716
 20
1131.2195
 10
670.6176
 20
1125.1336
 10
674.7997
 20
1119.2526
 10
679.2527
 20
1113.5861
 10
683.9673
 20
1108.1434
 10
688.934
 20
1102.934
 10
694.1434
 20
1097.9673
 10
699.5861
 20
1093.2527
 10
705.2526
 20
1088.7997
 10
711.1336
 20
1084.6176
 10
717.2195
 20
1080.716
 10
723.5011
 20
1077.1042
 10
729.9688
 20
1073.7916
 10
736.6132
 20
1070.7877
 10
743.425
 20
1068.102
 10
750.3946
 20
1065.7437
 10
757.5127
 20
1063.7224
 10
764.7698
 20
1062.0475
 10
772.1565
 20
1060.7283
 10
779.6634
 20
1059.7744
 10
787.281
 20
1059.1952
 10
795.0
 20
1059.0
 10
802.719
 20
1059.1952
 10
810.3366
 20
1059.7744
 10
817.8435
 20
1060.7283
 10
825.2302
 20
1062.0475
 10
832.4873
 20
1063.7224
 10
839.6054
 20
1065.7437
 10
846.575
 20
1068.102
 10
853.3868
 20
1070.7877
 10
860.0312
 20
1073.7916
 10
866.4989
 20
1077.1042
 10
872.7805
 20
1080.716
 10
878.8664
 20
1084.6176
 10
884.7474
 20
1088.7997
 10
890.4139
 20
1093.2527
 10
895.8566
 20
1097.9673
 10
901.066
 20
1102.934
 10
906.0327
 20
1108.1434
 10
910.7473
 20
1113.5861
 10
915.2003
 20
1119.2526
 10
919.3824
 20
1125.1336
 10
923.284
 20
1131.2195
 10
926.8958
 20
1137.5011
 10
930.2084
 20
1143.9688
 10
933.2123
 20
1150.6132
 10
935.898
 20
1157.425
 10
938.2563
 20
1164.3946
 10
940.2776
 20
1171.5127
 10
941.9525
 20
1178.7698
  0
LWPOLYLINE
  5
FD
330
17
100
AcDbEntity
  8
OFFCUT
100
AcDbPolyline
 90
129
 70
1
 10
627.9525
 20
1392.7698
 10
629.2717
 20
1400.1565
 10
630.2256
 20
1407.6634
 10
630.8048
 20
1415.281
 10
631.0
 20
1423.0
 10
630.8048
 20
1430.719
 10
630.2256
 20
1438.3366
 10
629.2717
 20
1445.8435
 10
627.9525
 20
1453.2302
 10
626.2776
 20
1460.4873
 10
624.2563
 20
1467.6054
 10
621.898
 20
1474.575
 10
619.2123
 20
1481.3868
 10
616.2084
 20
1488.0312
 10
612.8958
 20
1494.4989
 10
609.284
 20
1500.7805
 10
605.3824
 20
1506.8664
 10
601.2003
 20
1512.7474
 10
596.7473
 20
1518.4139
 10
592.0327
 20
1523.8566
 10
587.066
 20
1529.066
 10
581.8566
 20
1534.0327
 10
576.4139
 20
1538.7473
 10
570.7474
 20
1543.2003
 10
564.8664
 20
1547.3824
 10
558.7805
 20
1551.284
 10
552.4989
 20
1554.8958
 10
546.0312
 20
1558.2084
 10
539.3868
 20
1561.2123
 10
532.575
 20
1563.898
 10
525.6054
 20
1566.2563
 10
518.4873
 20
1568.2776
 10
511.2302
 20
1569.9525
 10
503.8435
 20
1571.2717
 10
496.3366
 20
1572.2256
 10
488.719
 20
1572.8048
 10
481.0
 20
1573.0
 10
473.281
 20
1572.8048
 10
465.6634
 20
1572.2256
 10
458.1565
 20
1571.2717
 10
450.7698
 20
1569.9525
 10
443.5127
 20
1568.2776
 10
436.3946
 20
1566.2563
 10
429.425
 20
1563.898
 10
422.6132
 20
1561.2123
 10
415.9688
 20
1558.2084
 10
409.5011
 20
1554.8958
 10
403.2195
 20
1551.284
 10
397.1336
 20
1547.3824
 10
391.2526
 20
1543.2003
 10
385.5861
 20
1538.7473
 10
380.1434
 20
1534.0327
 10
374.934
 20
1529.066
 10
369.9673
 20
1523.8566
 10
365.2527
 20
1518.4139
 10
360.7997
 20
1512.7474
 10
356.6176
 20
1506.8664
 10
352.716
 20
1500.7805
 10
349.1042
 20
1494.4989
 10
345.7916
 20
1488.0312
 10
342.7877
 20
1481.3868
 10
340.102
 20
1474.575
 10
337.7437
 20
1467.6054
 10
335.7224
 20
1460.4873
 10
334.0475
 20
1453.2302
 10
332.7283
 20
1445.8435
 10
331.7744
 20
1438.3366
 10
331.1952
 20
1430.719
 10
331.0
 20
1423.0
 10
331.1952
 20
1415.281
 10
331.7744
 20
1407.6634
 10
332.7283
 20
1400.1565
 10
334.0475
 20
1392.7698
 10
335.7224
 20
1385.5127
 10
337.7437
 20
1378.3946
 10
340.102
 20
1371.425
 10
342.7877
 20
1364.6132
 10
345.7916
 20
1357.9688
 10
349.1042
 20
1351.5011
 10
352.716
 20
1345.2195
 10
356.6176
 20
1339.1336
 10
360.7997
 20
1333.2526
 10
365.2527
 20
1327.5861
 10
369.9673
 20
1322.1434
 10
374.934
 20
1316.934
 10
380.1434
 20
1311.9673
 10
385.5861
 20
1307.2527
 10
391.2526
 20
1302.7997
 10
397.1336
 20
1298.6176
 10
403.2195
 20
1294.716
 10
409.5011
 20
1291.1042
 10
415.9688
 20
1287.7916
 10
422.6132
 20
1284.7877
 10
429.425
 20
1282.102
 10
436.3946
 20
1279.7437
 10
443.5127
 20
1277.7224
 10
450.7698
 20
1276.0475
 10
458.1565
 20
1274.7283
 10
465.6634
 20
1273.7744
 10
473.281
 20
1273.1952
 10
481.0
 20
1273.0
 10
488.719
 20
1273.1952
 10
496.3366
 20
1273.7744
 10
503.8435
 20
1274.7283
 10
511.2302
 20
1276.0475
 10
518.4873
 20
1277.7224
 10
525.6054
 20
1279.7437
 10
532.575
 20
1282.102
 10
539.3868
 20
1284.7877
 10
546.0312
 20
1287.7916
 10
552.4989
 20
1291.1042
 10
558.7805
 20
1294.716
 10
564.8664
 20
1298.6176
 10
570.7474
 20
1302.7997
 10
576.4139
 20
1307.2527
 10
581.8566
 20
1311.9673
 10
587.066
 20
1316.934
 10
592.0327
 20
1322.1434
 10
596.7473
 20
1327.5861
 10
601.2003
 20
1333.2526
 10
605.3824
 20
1339.1336
 10
609.284
 20
1345.2195
 10
612.8958
 20
1351.5011
 10
616.2084
 20
1357.9688
 10
619.2123
 20
1364.6132
 10
621.898
 20
1371.425
 10
624.2563
 20
1378.3946
 10
626.2776
 20
1385.5127
 10
627.9525
 20
1392.7698
  0
LWPOLYLINE
  5
FE
330
17
100
AcDbEntity
  8
OFFCUT
100
AcDbPolyline
 90
129
 70
1
 10
943.2717
 20
1500.1565
 10
944.2256
 20
1507.6634
 10
944.8048
 20
1515.281
 10
945.0
 20
1523.0
 10
944.8048
 20
1530.719
 10
944.2256
 20
1538.3366
 10
943.2717
 20
1545.8435
 10
941.9525
 20
1553.2302
 10
940.2776
 20
1560.4873
 10
938.2563
 20
1567.6054
 10
935.898
 20
1574.575
 10
933.2123
 20
1581.3868
 10
930.2084
 20
1588.0312
 10
926.8958
 20
1594.4989
 10
923.284
 20
1600.7805
 10
919.3824
 20
1606.8664
 10
915.2003
 20
1612.7474
 10
910.7473
 20
1618.4139
 10
906.0327
 20
1623.8566
 10
901.066
 20
1629.066
 10
895.8566
 20
1634.0327
 10
890.4139
 20
1638.7473
 10
884.7474
 20
1643.2003
 10
878.8664
 20
1647.3824
 10
872.7805
 20
1651.284
 10
866.4989
 20
1654.8958
 10
860.0312
 20
1658.2084
 10
853.3868
 20
1661.2123
 10
846.575
 20
1663.898
 10
839.6054
 20
1666.2563
 10
832.4873
 20
1668.2776
 10
825.2302
 20
1669.9525
 10
817.8435
 20
1671.2717
 10
810.3366
 20
1672.2256
 10
802.719
 20
1672.8048
 10
795.0
 20
1673.0
 10
787.281
 20
1672.8048
 10
779.6634
 20
1672.2256
 10
772.1565
 20
1671.2717
 10
764.7698
 20
1669.9525
 10
757.5127
 20
1668.2776
 10
750.3946
 20
1666.2563
 10
743.425
 20
1663.898
 10
736.6132
 20
1661.2123
 10
729.9688
 20
1658.2084
 10
723.5011
 20
1654.8958
 10
717.2195
 20
1651.284
 10
711.1336
 20
1647.3824
 10
705.2526
 20
1643.2003
 10
699.5861
 20
1638.7473
 10
694.1434
 20
1634.0327
 10
688.934
 20
1629.066
 10
683.9673
 20
1623.8566
 10
679.2527
 20
1618.4139
 10
674.7997
 20
1612.7474
 10
670.6176
 20
1606.8664
 10
666.716
 20
1600.7805
 10
663.1042
 20
1594.4989
 10
659.7916
 20
1588.0312
 10
656.7877
 20
1581.3868
 10
654.102
 20
1574.575
 10
651.7437
 20
1567.6054
 10
649.7224
 20
1560.4873
 10
648.0475
 20
1553.2302
 10
646.7283
 20
1545.8435
 10
645.7744
 20
1538.3366
 10
645.1952
 20
1530.719
 10
645.0
 20
1523.0
 10
645.1952
 20
1515.281
 10
645.7744
 20
1507.6634
 10
646.7283
 20
1500.1565
 10
648.0475
 20
1492.7698
 10
649.7224
 20
1485.5127
 10
651.7437
 20
1478.3946
 10
654.102
 20
1471.425
 10
656.7877
 20
1464.6132
 10
659.7916
 20
1457.9688
 10
663.1042
 20
1451.5011
 10
666.716
 20
1445.2195
 10
670.6176
 20
1439.1336
 10
674.7997
 20
1433.2526
 10
679.2527
 20
1427.5861
 10
683.9673
 20
1422.1434
 10
688.934
 20
1416.934
 10
694.1434
 20
1411.9673
 10
699.5861
 20
1407.2527
 10
705.2526
 20
1402.7997
 10
711.1336
 20
1398.6176
 10
717.2195
 20
1394.716
 10
723.5011
 20
1391.1042
 10
729.9688
 20
1387.7916
 10
736.6132
 20
1384.7877
 10
743.425
 20
1382.102
 10
750.3946
 20
1379.7437
 10
757.5127
 20
1377.7224
 10
764.7698
 20
1376.0475
 10
772.1565
 20
1374.7283
 10
779.6634
 20
1373.7744
 10
787.281
 20
1373.1952
 10
795.0
 20
1373.0
 10
802.719
 20
1373.1952
 10
810.3366
 20
1373.7744
 10
817.8435
 20
1374.7283
 10
825.2302
 20
1376.0475
 10
832.4873
 20
1377.7224
 10
839.6054
 20
1379.7437
 10
846.575
 20
1382.102
 10
853.3868
 20
1384.7877
 10
860.0312
 20
1387.7916
 10
866.4989
 20
1391.1042
 10
872.7805
 20
1394.716
 10
878.8664
 20
1398.6176
 10
884.7474
 20
1402.7997
 10
890.4139
 20
1407.2527
 10
895.8566
 20
1411.9673
 10
901.066
 20
1416.934
 10
906.0327
 20
1422.1434
 10
910.7473
 20
1427.5861
 10
915.2003
 20
1433.2526
 10
919.3824
 20
1439.1336
 10
923.284
 20
1445.2195
 10
926.8958
 20
1451.5011
 10
930.2084
 20
1457.9688
 10
933.2123
 20
1464.6132
 10
935.898
 20
1471.425
 10
938.2563
 20
1478.3946
 10
940.2776
 20
1485.5127
 10
941.9525
 20
1492.7698
 10
943.2717
 20
1500.1565
  0
LWPOLYLINE
  5
FF
330
17
100
AcDbEntity
  8
OFFCUT
100
AcDbPolyline
 90
7
 70
1
 10
945.0
 20
1727.0
 10
685.0
 20
1727.0
 10
685.0
 20
1987.0
 10
645.0
 20
1987.0
 10
645.0
 20
1687.0
 10
945.0
 20
1687.0
 10
945.0
 20
1727.0
  0
LWPOLYLINE
  5
100
330
17
100
AcDbEntity
  8
OFFCUT
100
AcDbPolyline
 90
7
 70
1
 10
945.0
 20
2041.0
 10
685.0
 20
2041.0
 10
685.0
 20
2301.0
 10
645.0
 20
2301.0
 10
645.0
 20
2001.0
 10
945.0
 20
2001.0
 10
945.0
 20
2041.0
  0
TEXT
  5
101
330
17
100
AcDbEntity
  8
INFO
100
AcDbText
 10
1320.0
 20
2480.0
 30
0.0
 40
25.0
  1
WASTE-FIRST - SHEET 2 - repeating_batch.dxf
 11
1320.0
 21
2480.0
 31
0.0
100
AcDbText
  0
LWPOLYLINE
  5
102
330
17
100
AcDbEntity
  8
CNC_BOUNDARY
100
AcDbPolyline
 90
4
 70
1
 10
2640.0
 20
0.0
 10
3860.0
 20
0.0
 10
3860.0
 20
2440.0
 10
2640.0
 20
2440.0
  0
LWPOLYLINE
  5
103
330
17
100
AcDbEntity
  8
CUT
100
AcDbPolyline
 90
7
 70
1
 10
2657.0
 20
17.0
 10
2957.0
 20
17.0
 10
2957.0
 20
57.0
 10
2697.0
 20
57.0
 10
2697.0
 20
317.0
 10
2657.0
 20
317.0
 10
2657.0
 20
17.0
  0
TEXT
  5
104
330
17
100
AcDbEntity
  8
ETCH
100
AcDbText
 10
2677.0
 20
187.0
 30
0.0
 40
24.0
  1
P001
 72
1
 11
2677.0
 21
187.0
 31
0.0
100
AcDbText
 73
2
  0
LWPOLYLINE
  5
105
330
17
100
AcDbEntity
  8
CUT
100
AcDbPolyline
 90
7
 70
1
 10
2971.0
 20
17.0
 10
3271.0
 20
17.0
 10
3271.0
 20
57.0
 10
3011.0
 20
57.0
 10
3011.0
 20
317.0
 10
2971.0
 20
317.0
 10
2971.0
 20
17.0
  0
TEXT
  5
106
330
17
100
AcDbEntity
  8
ETCH
100
AcDbText
 10
2991.0
 20
187.0
 30
0.0
 40
24.0
  1
P001
 72
1
 11
2991.0
 21
187.0
 31
0.0
100
AcDbText
 73
2
  0
LWPOLYLINE
  5
107
330
17
100
AcDbEntity
  8
CUT
100
AcDbPolyline
 90
7
 70
1
 10
3285.0
 20
17.0
 10
3585.0
 20
17.0
 10
3585.0
 20
57.0
 10
3325.0
 20
57.0
 10
3325.0
 20
317.0
 10
3285.0
 20
317.0
 10
3285.0
 20
17.0
  0
TEXT
  5
108
330
17
100
AcDbEntity
  8
ETCH
100
AcDbText
 10
3305.0
 20
187.0
 30
0.0
 40
24.0
  1
P001
 72
1
 11
3305.0
 21
187.0
 31
0.0
100
AcDbText
 73
2
  0
LWPOLYLINE
  5
109
330
17
100
AcDbEntity
  8
CUT
100
AcDbPolyline
 90
7
 70
1
 10
2657.0
 20
331.0
 10
2957.0
 20
331.0
 10
2957.0
 20
371.0
 10
2697.0
 20
371.0
 10
2697.0
 20
631.0
 10
2657.0
 20
631.0
 10
2657.0
 20
331.0
  0
TEXT
  5
10A
330
17
100
AcDbEntity
  8
ETCH
100
AcDbText
 10
2677.0
 20
501.0
 30
0.0
 40
24.0
  1
P001
 72
1
 11
2677.0
 21
501.0
 31
0.0
100
AcDbText
 73
2
  0
LWPOLYLINE
  5
10B
330
17
100
AcDbEntity
  8
CUT
100
AcDbPolyline
 90
7
 70
1
 10
2971.0
 20
331.0
 10
3271.0
 20
331.0
 10
3271.0
 20
371.0
 10
3011.0
 20
371.0
 10
3011.0
 20
631.0
 10
2971.0
 20
631.0
 10
2971.0
 20
331.0
  0
TEXT
  5
10C
330
17
100
AcDbEntity
  8
ETCH
100
AcDbText
 10
2991.0
 20
501.0
 30
0.0
 40
24.0
  1
P001
 72
1
 11
2991.0
 21
501.0
 31
0.0
100
AcDbText
 73
2
  0
LWPOLYLINE
  5
10D
330
17
100
AcDbEntity
  8
CUT
100
AcDbPolyline
 90
7
 70
1
 10
3285.0
 20
331.0
 10
3585.0
 20
331.0
 10
3585.0
 20
371.0
 10
3325.0
 20
371.0
 10
3325.0
 20
631.0
 10
3285.0
 20
631.0
 10
3285.0
 20
331.0
  0
TEXT
  5
10E
330
17
100
AcDbEntity
  8
ETCH
100
AcDbText
 10
3305.0
 20
501.0
 30
0.0
 40
24.0
  1
P001
 72
1
 11
3305.0
 21
501.0
 31
0.0
100
AcDbText
 73
2
  0
LWPOLYLINE
  5
10F
330
17
100
AcDbEntity
  8
CUT
100
AcDbPolyline
 90
7
 70
1
 10
2657.0
 20
645.0
 10
2957.0
 20
645.0
 10
2957.0
 20
685.0
 10
2697.0
 20
685.0
 10
2697.0
 20
945.0
 10
2657.0
 20
945.0
 10
2657.0
 20
645.0
  0
TEXT
  5
110
330
17
100
AcDbEntity
  8
ETCH
100
AcDbText
 10
2677.0
 20
815.0
 30
0.0
 40
24.0
  1
P001
 72
1
 11
2677.0
 21
815.0
 31
0.0
100
AcDbText
 73
2
  0
LWPOLYLINE
  5
111
330
17
100
AcDbEntity
  8
CUT
100
AcDbPolyline
 90
7
 70
1
 10
2971.0
 20
645.0
 10
3271.0
 20
645.0
 10
3271.0
 20
685.0
 10
3011.0
 20
685.0
 10
3011.0
 20
945.0
 10
2971.0
 20
945.0
 10
2971.0
 20
645.0
  0
TEXT
  5
112
330
17
100
AcDbEntity
  8
ETCH
100
AcDbText
 10
2991.0
 20
815.0
 30
0.0
 40
24.0
  1
P001
 72
1
 11
2991.0
 21
815.0
 31
0.0
100
AcDbText
 73
2
  0
LWPOLYLINE
  5
113
330
17
100
AcDbEntity
  8
CUT
100
AcDbPolyline
 90
7
 70
1
 10
3285.0
 20
645.0
 10
3585.0
 20
645.0
 10
3585.0
 20
685.0
 10
3325.0
 20
685.0
 10
3325.0
 20
945.0
 10
3285.0
 20
945.0
 10
3285.0
 20
645.0
  0
TEXT
  5
114
330
17
100
AcDbEntity
  8
ETCH
100
AcDbText
 10
3305.0
 20
815.0
 30
0.0
 40
24.0
  1
P001
 72
1
 11
3305.0
 21
815.0
 31
0.0
100
AcDbText
 73
2
  0
LWPOLYLINE
  5
115
330
17
100
AcDbEntity
  8
CUT
100
AcDbPolyline
 90
7
 70
1
 10
2657.0
 20
959.0
 10
2957.0
 20
959.0
 10
2957.0
 20
999.0
 10
2697.0
 20
999.0
 10
2697.0
 20
1259.0
 10
2657.0
 20
1259.0
 10
2657.0
 20
959.0
  0
TEXT
  5
116
330
17
100
AcDbEntity
  8
ETCH
100
AcDbText
 10
2677.0
 20
1129.0
 30
0.0
 40
24.0
  1
P001
 72
1
 11
2677.0
 21
1129.0
 31
0.0
100
AcDbText
 73
2
  0
LWPOLYLINE
  5
117
330
17
100
AcDbEntity
  8
CUT
100
AcDbPolyline
 90
7
 70
1
 10
2971.0
 20
959.0
 10
3271.0
 20
959.0
 10
3271.0
 20
999.0
 10
3011.0
 20
999.0
 10
3011.0
 20
1259.0
 10
2971.0
 20
1259.0
 10
2971.0
 20
959.0
  0
TEXT
  5
118
330
17
100
AcDbEntity
  8
ETCH
100
AcDbText
 10
2991.0
 20
1129.0
 30
0.0
 40
24.0
  1
P001
 72
1
 11
2991.0
 21
1129.0
 31
0.0
100
AcDbText
 73
2
  0
LWPOLYLINE
  5
119
330
17
100
AcDbEntity
  8
CUT
100
AcDbPolyline
 90
7
 70
1
 10
3285.0
 20
959.0
 10
3585.0
 20
959.0
 10
3585.0
 20
999.0
 10
3325.0
 20
999.0
 10
3325.0
 20
1259.0
 10
3285.0
 20
1259.0
 10
3285.0
 20
959.0
  0
TEXT
  5
11A
330
17
100
AcDbEntity
  8
ETCH
100
AcDbText
 10
3305.0
 20
1129.0
 30
0.0
 40
24.0
  1
P001
 72
1
 11
3305.0
 21
1129.0
 31
0.0
100
AcDbText
 73
2
  0
LWPOLYLINE
  5
11B
330
17
100
AcDbEntity
  8
CUT
100
AcDbPolyline
 90
7
 70
1
 10
2657.0
 20
1273.0
 10
2957.0
 20
1273.0
 10
2957.0
 20
1313.0
 10
2697.0
 20
1313.0
 10
2697.0
 20
1573.0
 10
2657.0
 20
1573.0
 10
2657.0
 20
1273.0
  0
TEXT
  5
11C
330
17
100
AcDbEntity
  8
ETCH
100
AcDbText
 10
2677.0
 20
1443.0
 30
0.0
 40
24.0
  1
P001
 72
1
 11
2677.0
 21
1443.0
 31
0.0
100
AcDbText
 73
2
  0
LWPOLYLINE
  5
11D
330
17
100
AcDbEntity
  8
CUT
100
AcDbPolyline
 90
7
 70
1
 10
2657.0
 20
1587.0
 10
2957.0
 20
1587.0
 10
2957.0
 20
1627.0
 10
2697.0
 20
1627.0
 10
2697.0
 20
1887.0
 10
2657.0
 20
1887.0
 10
2657.0
 20
1587.0
  0
TEXT
  5
11E
330
17
100
AcDbEntity
  8
ETCH
100
AcDbText
 10
2677.0
 20
1757.0
 30
0.0
 40
24.0
  1
P001
 72
1
 11
2677.0
 21
1757.0
 31
0.0
100
AcDbText
 73
2
  0
LWPOLYLINE
  5
11F
330
17
100
AcDbEntity
  8
CUT
100
AcDbPolyline
 90
7
 70
1
 10
2657.0
 20
1901.0
 10
2957.0
 20
1901.0
 10
2957.0
 20
1941.0
 10
2697.0
 20
1941.0
 10
2697.0
 20
2201.0
 10
2657.0
 20
2201.0
 10
2657.0
 20
1901.0
  0
TEXT
  5
120
330
17
100
AcDbEntity
  8
ETCH
100
AcDbText
 10
2677.0
 20
2071.0
 30
0.0
 40
24.0
  1
P001
 72
1
 11
2677.0
 21
2071.0
 31
0.0
100
AcDbText
 73
2
  0
LWPOLYLINE
  5
121
330
17
100
AcDbEntity
  8
CUT
100
AcDbPolyline
 90
7
 70
1
 10
2971.0
 20
1273.0
 10
3271.0
 20
1273.0
 10
3271.0
 20
1313.0
 10
3011.0
 20
1313.0
 10
3011.0
 20
1573.0
 10
2971.0
 20
1573.0
 10
2971.0
 20
1273.0
  0
TEXT
  5
122
330
17
100
AcDbEntity
  8
ETCH
100
AcDbText
 10
2991.0
 20
1443.0
 30
0.0
 40
24.0
  1
P001
 72
1
 11
2991.0
 21
1443.0
 31
0.0
100
AcDbText
 73
2
  0
LWPOLYLINE
  5
123
330
17
100
AcDbEntity
  8
CUT
100
AcDbPolyline
 90
7
 70
1
 10
3285.0
 20
1273.0
 10
3585.0
 20
1273.0
 10
3585.0
 20
1313.0
 10
3325.0
 20
1313.0
 10
3325.0
 20
1573.0
 10
3285.0
 20
1573.0
 10
3285.0
 20
1273.0
  0
TEXT
  5
124
330
17
100
AcDbEntity
  8
ETCH
100
AcDbText
 10
3305.0
 20
1443.0
 30
0.0
 40
24.0
  1
P001
 72
1
 11
3305.0
 21
1443.0
 31
0.0
100
AcDbText
 73
2
  0
LWPOLYLINE
  5
125
330
17
100
AcDbEntity
  8
CUT
100
AcDbPolyline
 90
7
 70
1
 10
2971.0
 20
1587.0
 10
3271.0
 20
1587.0
 10
3271.0
 20
1627.0
 10
3011.0
 20
1627.0
 10
3011.0
 20
1887.0
 10
2971.0
 20
1887.0
 10
2971.0
 20
1587.0
  0
TEXT
  5
126
330
17
100
AcDbEntity
  8
ETCH
100
AcDbText
 10
2991.0
 20
1757.0
 30
0.0
 40
24.0
  1
P001
 72
1
 11
2991.0
 21
1757.0
 31
0.0
100
AcDbText
 73
2
  0
LWPOLYLINE
  5
127
330
17
100
AcDbEntity
  8
CUT
100
AcDbPolyline
 90
7
 70
1
 10
2971.0
 20
1901.0
 10
3271.0
 20
1901.0
 10
3271.0
 20
1941.0
 10
3011.0
 20
1941.0
 10
3011.0
 20
2201.0
 10
2971.0
 20
2201.0
 10
2971.0
 20
1901.0
  0
TEXT
  5
128
330
17
100
AcDbEntity
  8
ETCH
100
AcDbText
 10
2991.0
 20
2071.0
 30
0.0
 40
24.0
  1
P001
 72
1
 11
2991.0
 21
2071.0
 31
0.0
100
AcDbText
 73
2
  0
LWPOLYLINE
  5
129
330
17
100
AcDbEntity
  8
CUT
100
AcDbPolyline
 90
7
 70
1
 10
3285.0
 20
1587.0
 10
3585.0
 20
1587.0
 10
3585.0
 20
1627.0
 10
3325.0
 20
1627.0
 10
3325.0
 20
1887.0
 10
3285.0
 20
1887.0
 10
3285.0
 20
1587.0
  0
TEXT
  5
12A
330
17
100
AcDbEntity
  8
ETCH
100
AcDbText
 10
3305.0
 20
1757.0
 30
0.0
 40
24.0
  1
P001
 72
1
 11
3305.0
 21
1757.0
 31
0.0
100
AcDbText
 73
2
  0
LWPOLYLINE
  5
12B
330
17
100
AcDbEntity
  8
CUT
100
AcDbPolyline
 90
7
 70
1
 10
3285.0
 20
1901.0
 10
3585.0
 20
1901.0
 10
3585.0
 20
1941.0
 10
3325.0
 20
1941.0
 10
3325.0
 20
2201.0
 10
3285.0
 20
2201.0
 10
3285.0
 20
1901.0
  0
TEXT
  5
12C
330
17
100
AcDbEntity
  8
ETCH
100
AcDbText
 10
3305.0
 20
2071.0
 30
0.0
 40
24.0
  1
P001
 72
1
 11
3305.0
 21
2071.0
 31
0.0
100
AcDbText
 73
2
  0
LWPOLYLINE
  5
12D
330
17
100
AcDbEntity
  8
OFFCUT
100
AcDbPolyline
 90
5
 70
1
 10
2650.0
 20
10.0
 10
2650.0
 20
2430.0
 10
3850.0
 20
2430.0
 10
3850.0
 20
10.0
 10
2650.0
 20
10.0
  0
LWPOLYLINE
  5
12E
330
17
100
AcDbEntity
  8
OFFCUT
100
AcDbPolyline
 90
7
 70
1
 10
2697.0
 20
57.0
 10
2697.0
 20
317.0
 10
2657.0
 20
317.0
 10
2657.0
 20
17.0
 10
2957.0
 20
17.0
 10
2957.0
 20
57.0
 10
2697.0
 20
57.0
  0
LWPOLYLINE
  5
12F
330
17
100
AcDbEntity
  8
OFFCUT
100
AcDbPolyline
 90
7
 70
1
 10
3011.0
 20
57.0
 10
3011.0
 20
317.0
 10
2971.0
 20
317.0
 10
2971.0
 20
17.0
 10
3271.0
 20
17.0
 10
3271.0
 20
57.0
 10
3011.0
 20
57.0
  0
LWPOLYLINE
  5
130
330
17
100
AcDbEntity
  8
OFFCUT
100
AcDbPolyline
 90
7
 70
1
 10
2697.0
 20
371.0
 10
2697.0
 20
631.0
 10
2657.0
 20
631.0
 10
2657.0
 20
331.0
 10
2957.0
 20
331.0
 10
2957.0
 20
371.0
 10
2697.0
 20
371.0
  0
LWPOLYLINE
  5
131
330
17
100
AcDbEntity
  8
OFFCUT
100
AcDbPolyline
 90
7
 70
1
 10
2957.0
 20
685.0
 10
2697.0
 20
685.0
 10
2697.0
 20
945.0
 10
2657.0
 20
945.0
 10
2657.0
 20
645.0
 10
2957.0
 20
645.0
 10
2957.0
 20
685.0
  0
LWPOLYLINE
  5
132
330
17
100
AcDbEntity
  8
OFFCUT
100
AcDbPolyline
 90
7
 70
1
 10
2957.0
 20
999.0
 10
2697.0
 20
999.0
 10
2697.0
 20
1259.0
 10
2657.0
 20
1259.0
 10
2657.0
 20
959.0
 10
2957.0
 20
959.0
 10
2957.0
 20
999.0
  0
LWPOLYLINE
  5
133
330
17
100
AcDbEntity
  8
OFFCUT
100
AcDbPolyline
 90
7
 70
1
 10
2697.0
 20
1313.0
 10
2697.0
 20
1573.0
 10
2657.0
 20
1573.0
 10
2657.0
 20
1273.0
 10
2957.0
 20
1273.0
 10
2957.0
 20
1313.0
 10
2697.0
 20
1313.0
  0
LWPOLYLINE
  5
134
330
17
100
AcDbEntity
  8
OFFCUT
100
AcDbPolyline
 90
7
 70
1
 10
3011.0
 20
1313.0
 10
3011.0
 20
1573.0
 10
2971.0
 20
1573.0
 10
2971.0
 20
1273.0
 10
3271.0
 20
1273.0
 10
3271.0
 20
1313.0
 10
3011.0
 20
1313.0
  0
LWPOLYLINE
  5
135
330
17
100
AcDbEntity
  8
OFFCUT
100
AcDbPolyline
 90
7
 70
1
 10
2697.0
 20
1627.0
 10
2697.0
 20
1887.0
 10
2657.0
 20
1887.0
 10
2657.0
 20
1587.0
 10
2957.0
 20
1587.0
 10
2957.0
 20
1627.0
 10
2697.0
 20
1627.0
  0
LWPOLYLINE
  5
136
330
17
100
AcDbEntity
  8
OFFCUT
100
AcDbPolyline
 90
7
 70
1
 10
3271.0
 20
1627.0
 10
3011.0
 20
1627.0
 10
3011.0
 20
1887.0
 10
2971.0
 20
1887.0
 10
2971.0
 20
1587.0
 10
3271.0
 20
1587.0
 10
3271.0
 20
1627.0
  0
LWPOLYLINE
  5
137
330
17
100
AcDbEntity
  8
OFFCUT
100
AcDbPolyline
 90
7
 70
1
 10
2957.0
 20
1941.0
 10
2697.0
 20
1941.0
 10
2697.0
 20
2201.0
 10
2657.0
 20
2201.0
 10
2657.0
 20
1901.0
 10
2957.0
 20
1901.0
 10
2957.0
 20
1941.0
  0
LWPOLYLINE
  5
138
330
17
100
AcDbEntity
  8
OFFCUT
100
AcDbPolyline
 90
7
 70
1
 10
3011.0
 20
1941.0
 10
3011.0
 20
2201.0
 10
2971.0
 20
2201.0
 10
2971.0
 20
1901.0
 10
3271.0
 20
1901.0
 10
3271.0
 20
1941.0
 10
3011.0
 20
1941.0
  0
LWPOLYLINE
  5
139
330
17
100
AcDbEntity
  8
OFFCUT
100
AcDbPolyline
 90
7
 70
1
 10
3325.0
 20
57.0
 10
3325.0
 20
317.0
 10
3285.0
 20
317.0
 10
3285.0
 20
17.0
 10
3585.0
 20
17.0
 10
3585.0
 20
57.0
 10
3325.0
 20
57.0
  0
LWPOLYLINE
  5
13A
330
17
100
AcDbEntity
  8
OFFCUT
100
AcDbPolyline
 90
7
 70
1
 10
3011.0
 20
371.0
 10
3011.0
 20
631.0
 10
2971.0
 20
631.0
 10
2971.0
 20
331.0
 10
3271.0
 20
331.0
 10
3271.0
 20
371.0
 10
3011.0
 20
371.0
  0
LWPOLYLINE
  5
13B
330
17
100
AcDbEntity
  8
OFFCUT
100
AcDbPolyline
 90
7
 70
1
 10
3585.0
 20
371.0
 10
3325.0
 20
371.0
 10
3325.0
 20
631.0
 10
3285.0
 20
631.0
 10
3285.0
 20
331.0
 10
3585.0
 20
331.0
 10
3585.0
 20
371.0
  0
LWPOLYLINE
  5
13C
330
17
100
AcDbEntity
  8
OFFCUT
100
AcDbPolyline
 90
7
 70
1
 10
3271.0
 20
685.0
 10
3011.0
 20
685.0
 10
3011.0
 20
945.0
 10
2971.0
 20
945.0
 10
2971.0
 20
645.0
 10
3271.0
 20
645.0
 10
3271.0
 20
685.0
  0
LWPOLYLINE
  5
13D
330
17
100
AcDbEntity
  8
OFFCUT
100
AcDbPolyline
 90
7
 70
1
 10
3325.0
 20
685.0
 10
3325.0
 20
945.0
 10
3285.0
 20
945.0
 10
3285.0
 20
645.0
 10
3585.0
 20
645.0
 10
3585.0
 20
685.0
 10
3325.0
 20
685.0
  0
LWPOLYLINE
  5
13E
330
17
100
AcDbEntity
  8
OFFCUT
100
AcDbPolyline
 90
7
 70
1
 10
3271.0
 20
999.0
 10
3011.0
 20
999.0
 10
3011.0
 20
1259.0
 10
2971.0
 20
1259.0
 10
2971.0
 20
959.0
 10
3271.0
 20
959.0
 10
3271.0
 20
999.0
  0
LWPOLYLINE
  5
13F
330
17
100
AcDbEntity
  8
OFFCUT
100
AcDbPolyline
 90
7
 70
1
 10
3585.0
 20
999.0
 10
3325.0
 20
999.0
 10
3325.0
 20
1259.0
 10
3285.0
 20
1259.0
 10
3285.0
 20
959.0
 10
3585.0
 20
959.0
 10
3585.0
 20
999.0
  0
LWPOLYLINE
  5
140
330
17
100
AcDbEntity
  8
OFFCUT
100
AcDbPolyline
 90
7
 70
1
 10
3325.0
 20
1313.0
 10
3325.0
 20
1573.0
 10
3285.0
 20
1573.0
 10
3285.0
 20
1273.0
 10
3585.0
 20
1273.0
 10
3585.0
 20
1313.0
 10
3325.0
 20
1313.0
  0
LWPOLYLINE
  5
141
330
17
100
AcDbEntity
  8
OFFCUT
100
AcDbPolyline
 90
7
 70
1
 10
3585.0
 20
1627.0
 10
3325.0
 20
1627.0
 10
3325.0
 20
1887.0
 10
3285.0
 20
1887.0
 10
3285.0
 20
1587.0
 10
3585.0
 20
1587.0
 10
3585.0
 20
1627.0
  0
LWPOLYLINE
  5
142
330
17
100
AcDbEntity
  8
OFFCUT
100
AcDbPolyline
 90
7
 70
1
 10
3585.0
 20
1941.0
 10
3325.0
 20
1941.0
 10
3325.0
 20
2201.0
 10
3285.0
 20
2201.0
 10
3285.0
 20
1901.0
 10
3585.0
 20
1901.0
 10
3585.0
 20
1941.0
  0
LWPOLYLINE
  5
143
330
17
100
AcDbEntity
  8
OFFCUT
100
AcDbPolyline
 90
7
 70
1
 10
57.0
 20
57.0
 10
57.0
 20
317.0
 10
17.0
 20
317.0
 10
17.0
 20
17.0
 10
317.0
 20
17.0
 10
317.0
 20
57.0
 10
57.0
 20
57.0
  0
LWPOLYLINE
  5
144
330
17
100
AcDbEntity
  8
OFFCUT
100
AcDbPolyline
 90
7
 70
1
 10
371.0
 20
57.0
 10
371.0
 20
317.0
 10
331.0
 20
317.0
 10
331.0
 20
17.0
 10
631.0
 20
17.0
 10
631.0
 20
57.0
 10
371.0
 20
57.0
  0
LWPOLYLINE
  5
145
330
17
100
AcDbEntity
  8
OFFCUT
100
AcDbPolyline
 90
7
 70
1
 10
57.0
 20
371.0
 10
57.0
 20
631.0
 10
17.0
 20
631.0
 10
17.0
 20
331.0
 10
317.0
 20
331.0
 10
317.0
 20
371.0
 10
57.0
 20
371.0
  0
LWPOLYLINE
  5
146
330
17
100
AcDbEntity
  8
OFFCUT
100
AcDbPolyline
 90
7
 70
1
 10
317.0
 20
685.0
 10
57.0
 20
685.0
 10
57.0
 20
945.0
 10
17.0
 20
945.0
 10
17.0
 20
645.0
 10
317.0
 20
645.0
 10
317.0
 20
685.0
  0
LWPOLYLINE
  5
147
330
17
100
AcDbEntity
  8
OFFCUT
100
AcDbPolyline
 90
7
 70
1
 10
317.0
 20
999.0
 10
57.0
 20
999.0
 10
57.0
 20
1259.0
 10
17.0
 20
1259.0
 10
17.0
 20
959.0
 10
317.0
 20
959.0
 10
317.0
 20
999.0
  0
LWPOLYLINE
  5
148
330
17
100
AcDbEntity
  8
OFFCUT
100
AcDbPolyline
 90
7
 70
1
 10
57.0
 20
1313.0
 10
57.0
 20
1573.0
 10
17.0
 20
1573.0
 10
17.0
 20
1273.0
 10
317.0
 20
1273.0
 10
317.0
 20
1313.0
 10
57.0
 20
1313.0
  0
LWPOLYLINE
  5
149
330
17
100
AcDbEntity
  8
OFFCUT
100
AcDbPolyline
 90
7
 70
1
 10
371.0
 20
1313.0
 10
371.0
 20
1573.0
 10
331.0
 20
1573.0
 10
331.0
 20
1273.0
 10
631.0
 20
1273.0
 10
631.0
 20
1313.0
 10
371.0
 20
1313.0
  0
LWPOLYLINE
  5
14A
330
17
100
AcDbEntity
  8
OFFCUT
100
AcDbPolyline
 90
7
 70
1
 10
57.0
 20
1627.0
 10
57.0
 20
1887.0
 10
17.0
 20
1887.0
 10
17.0
 20
1587.0
 10
317.0
 20
1587.0
 10
317.0
 20
1627.0
 10
57.0
 20
1627.0
  0
LWPOLYLINE
  5
14B
330
17
100
AcDbEntity
  8
OFFCUT
100
AcDbPolyline
 90
7
 70
1
 10
631.0
 20
1627.0
 10
371.0
 20
1627.0
 10
371.0
 20
1887.0
 10
331.0
 20
1887.0
 10
331.0
 20
1587.0
 10
631.0
 20
1587.0
 10
631.0
 20
1627.0
  0
LWPOLYLINE
  5
14C
330
17
100
AcDbEntity
  8
OFFCUT
100
AcDbPolyline
 90
7
 70
1
 10
317.0
 20
1941.0
 10
57.0
 20
1941.0
 10
57.0
 20
2201.0
 10
17.0
 20
2201.0
 10
17.0
 20
1901.0
 10
317.0
 20
1901.0
 10
317.0
 20
1941.0
  0
LWPOLYLINE
  5
14D
330
17
100
AcDbEntity
  8
OFFCUT
100
AcDbPolyline
 90
7
 70
1
 10
371.0
 20
1941.0
 10
371.0
 20
2201.0
 10
331.0
 20
2201.0
 10
331.0
 20
1901.0
 10
631.0
 20
1901.0
 10
631.0
 20
1941.0
 10
371.0
 20
1941.0
  0
LWPOLYLINE
  5
14E
330
17
100
AcDbEntity
  8
OFFCUT
100
AcDbPolyline
 90
7
 70
1
 10
685.0
 20
57.0
 10
685.0
 20
317.0
 10
645.0
 20
317.0
 10
645.0
 20
17.0
 10
945.0
 20
17.0
 10
945.0
 20
57.0
 10
685.0
 20
57.0
  0
LWPOLYLINE
  5
14F
330
17
100
AcDbEntity
  8
OFFCUT
100
AcDbPolyline
 90
7
 70
1
 10
371.0
 20
371.0
 10
371.0
 20
631.0
 10
331.0
 20
631.0
 10
331.0
 20
331.0
 10
631.0
 20
331.0
 10
631.0
 20
371.0
 10
371.0
 20
371.0
  0
LWPOLYLINE
  5
150
330
17
100
AcDbEntity
  8
OFFCUT
100
AcDbPolyline
 90
7
 70
1
 10
945.0
 20
371.0
 10
685.0
 20
371.0
 10
685.0
 20
631.0
 10
645.0
 20
631.0
 10
645.0
 20
331.0
 10
945.0
 20
331.0
 10
945.0
 20
371.0
  0
LWPOLYLINE
  5
151
330
17
100
AcDbEntity
  8
OFFCUT
100
AcDbPolyline
 90
7
 70
1
 10
631.0
 20
685.0
 10
371.0
 20
685.0
 10
371.0
 20
945.0
 10
331.0
 20
945.0
 10
331.0
 20
645.0
 10
631.0
 20
645.0
 10
631.0
 20
685.0
  0
LWPOLYLINE
  5
152
330
17
100
AcDbEntity
  8
OFFCUT
100
AcDbPolyline
 90
7
 70
1
 10
685.0
 20
685.0
 10
685.0
 20
945.0
 10
645.0
 20
945.0
 10
645.0
 20
645.0
 10
945.0
 20
645.0
 10
945.0
 20
685.0
 10
685.0
 20
685.0
  0
LWPOLYLINE
  5
153
330
17
100
AcDbEntity
  8
OFFCUT
100
AcDbPolyline
 90
7
 70
1
 10
631.0
 20
999.0
 10
371.0
 20
999.0
 10
371.0
 20
1259.0
 10
331.0
 20
1259.0
 10
331.0
 20
959.0
 10
631.0
 20
959.0
 10
631.0
 20
999.0
  0
LWPOLYLINE
  5
154
330
17
100
AcDbEntity
  8
OFFCUT
100
AcDbPolyline
 90
7
 70
1
 10
945.0
 20
999.0
 10
685.0
 20
999.0
 10
685.0
 20
1259.0
 10
645.0
 20
1259.0
 10
645.0
 20
959.0
 10
945.0
 20
959.0
 10
945.0
 20
999.0
  0
LWPOLYLINE
  5
155
330
17
100
AcDbEntity
  8
OFFCUT
100
AcDbPolyline
 90
7
 70
1
 10
685.0
 20
1313.0
 10
685.0
 20
1573.0
 10
645.0
 20
1573.0
 10
645.0
 20
1273.0
 10
945.0
 20
1273.0
 10
945.0
 20
1313.0
 10
685.0
 20
1313.0
  0
LWPOLYLINE
  5
156
330
17
100
AcDbEntity
  8
OFFCUT
100
AcDbPolyline
 90
7
 70
1
 10
945.0
 20
1627.0
 10
685.0
 20
1627.0
 10
685.0
 20
1887.0
 10
645.0
 20
1887.0
 10
645.0
 20
1587.0
 10
945.0
 20
1587.0
 10
945.0
 20
1627.0
  0
LWPOLYLINE
  5
157
330
17
100
AcDbEntity
  8
OFFCUT
100
AcDbPolyline
 90
7
 70
1
 10
945.0
 20
1941.0
 10
685.0
 20
1941.0
 10
685.0
 20
2201.0
 10
645.0
 20
2201.0
 10
645.0
 20
1901.0
 10
945.0
 20
1901.0
 10
945.0
 20
1941.0
  0
TEXT
  5
158
330
17
100
AcDbEntity
  8
INFO
100
AcDbText
 10
2640.0
 20
2480.0
 30
0.0
 40
25.0
  1
WASTE-FIRST - SHEET 3 - repeating_batch.dxf
 11
2640.0
 21
2480.0
 31
0.0
100
AcDbText
  0
LWPOLYLINE
  5
159
330
17
100
AcDbEntity
  8
CNC_BOUNDARY
100
AcDbPolyline
 90
4
 70
1
 10
3960.0
 20
0.0
 10
5180.0
 20
0.0
 10
5180.0
 20
2440.0
 10
3960.0
 20
2440.0
  0
LWPOLYLINE
  5
15A
330
17
100
AcDbEntity
  8
CUT
100
AcDbPolyline
 90
7
 70
1
 10
3977.0
 20
17.0
 10
4277.0
 20
17.0
 10
4277.0
 20
57.0
 10
4017.0
 20
57.0
 10
4017.0
 20
317.0
 10
3977.0
 20
317.0
 10
3977.0
 20
17.0
  0
TEXT
  5
15B
330
17
100
AcDbEntity
  8
ETCH
100
AcDbText
 10
3997.0
 20
187.0
 30
0.0
 40
24.0
  1
P001
 72
1
 11
3997.0
 21
187.0
 31
0.0
100
AcDbText
 73
2
  0
LWPOLYLINE
  5
15C
330
17
100
AcDbEntity
  8
CUT
100
AcDbPolyline
 90
7
 70
1
 10
4291.0
 20
17.0
 10
4591.0
 20
17.0
 10
4591.0
 20
57.0
 10
4331.0
 20
57.0
 10
4331.0
 20
317.0
 10
4291.0
 20
317.0
 10
4291.0
 20
17.0
  0
TEXT
  5
15D
330
17
100
AcDbEntity
  8
ETCH
100
AcDbText
 10
4311.0
 20
187.0
 30
0.0
 40
24.0
  1
P001
 72
1
 11
4311.0
 21
187.0
 31
0.0
100
AcDbText
 73
2
  0
LWPOLYLINE
  5
15E
330
17
100
AcDbEntity
  8
CUT
100
AcDbPolyline
 90
7
 70
1
 10
4605.0
 20
17.0
 10
4905.0
 20
17.0
 10
4905.0
 20
57.0
 10
4645.0
 20
57.0
 10
4645.0
 20
317.0
 10
4605.0
 20
317.0
 10
4605.0
 20
17.0
  0
TEXT
  5
15F
330
17
100
AcDbEntity
  8
ETCH
100
AcDbText
 10
4625.0
 20
187.0
 30
0.0
 40
24.0
  1
P001
 72
1
 11
4625.0
 21
187.0
 31
0.0
100
AcDbText
 73
2
  0
LWPOLYLINE
  5
160
330
17
100
AcDbEntity
  8
CUT
100
AcDbPolyline
 90
7
 70
1
 10
3977.0
 20
331.0
 10
4277.0
 20
331.0
 10
4277.0
 20
371.0
 10
4017.0
 20
371.0
 10
4017.0
 20
631.0
 10
3977.0
 20
631.0
 10
3977.0
 20
331.0
  0
TEXT
  5
161
330
17
100
AcDbEntity
  8
ETCH
100
AcDbText
 10
3997.0
 20
501.0
 30
0.0
 40
24.0
  1
P001
 72
1
 11
3997.0
 21
501.0
 31
0.0
100
AcDbText
 73
2
  0
LWPOLYLINE
  5
162
330
17
100
AcDbEntity
  8
CUT
100
AcDbPolyline
 90
7
 70
1
 10
4291.0
 20
331.0
 10
4591.0
 20
331.0
 10
4591.0
 20
371.0
 10
4331.0
 20
371.0
 10
4331.0
 20
631.0
 10
4291.0
 20
631.0
 10
4291.0
 20
331.0
  0
TEXT
  5
163
330
17
100
AcDbEntity
  8
ETCH
100
AcDbText
 10
4311.0
 20
501.0
 30
0.0
 40
24.0
  1
P001
 72
1
 11
4311.0
 21
501.0
 31
0.0
100
AcDbText
 73
2
  0
LWPOLYLINE
  5
164
330
17
100
AcDbEntity
  8
CUT
100
AcDbPolyline
 90
7
 70
1
 10
4605.0
 20
331.0
 10
4905.0
 20
331.0
 10
4905.0
 20
371.0
 10
4645.0
 20
371.0
 10
4645.0
 20
631.0
 10
4605.0
 20
631.0
 10
4605.0
 20
331.0
  0
TEXT
  5
165
330
17
100
AcDbEntity
  8
ETCH
100
AcDbText
 10
4625.0
 20
501.0
 30
0.0
 40
24.0
  1
P001
 72
1
 11
4625.0
 21
501.0
 31
0.0
100
AcDbText
 73
2
  0
LWPOLYLINE
  5
166
330
17
100
AcDbEntity
  8
CUT
100
AcDbPolyline
 90
7
 70
1
 10
3977.0
 20
645.0
 10
4277.0
 20
645.0
 10
4277.0
 20
685.0
 10
4017.0
 20
685.0
 10
4017.0
 20
945.0
 10
3977.0
 20
945.0
 10
3977.0
 20
645.0
  0
TEXT
  5
167
330
17
100
AcDbEntity
  8
ETCH
100
AcDbText
 10
3997.0
 20
815.0
 30
0.0
 40
24.0
  1
P001
 72
1
 11
3997.0
 21
815.0
 31
0.0
100
AcDbText
 73
2
  0
LWPOLYLINE
  5
168
330
17
100
AcDbEntity
  8
CUT
100
AcDbPolyline
 90
7
 70
1
 10
4291.0
 20
645.0
 10
4591.0
 20
645.0
 10
4591.0
 20
685.0
 10
4331.0
 20
685.0
 10
4331.0
 20
945.0
 10
4291.0
 20
945.0
 10
4291.0
 20
645.0
  0
TEXT
  5
169
330
17
100
AcDbEntity
  8
ETCH
100
AcDbText
 10
4311.0
 20
815.0
 30
0.0
 40
24.0
  1
P001
 72
1
 11
4311.0
 21
815.0
 31
0.0
100
AcDbText
 73
2
  0
LWPOLYLINE
  5
16A
330
17
100
AcDbEntity
  8
CUT
100
AcDbPolyline
 90
7
 70
1
 10
4605.0
 20
645.0
 10
4905.0
 20
645.0
 10
4905.0
 20
685.0
 10
4645.0
 20
685.0
 10
4645.0
 20
945.0
 10
4605.0
 20
945.0
 10
4605.0
 20
645.0
  0
TEXT
  5
16B
330
17
100
AcDbEntity
  8
ETCH
100
AcDbText
 10
4625.0
 20
815.0
 30
0.0
 40
24.0
  1
P001
 72
1
 11
4625.0
 21
815.0
 31
0.0
100
AcDbText
 73
2
  0
LWPOLYLINE
  5
16C
330
17
100
AcDbEntity
  8
CUT
100
AcDbPolyline
 90
7
 70
1
 10
3977.0
 20
959.0
 10
4277.0
 20
959.0
 10
4277.0
 20
999.0
 10
4017.0
 20
999.0
 10
4017.0
 20
1259.0
 10
3977.0
 20
1259.0
 10
3977.0
 20
959.0
  0
TEXT
  5
16D
330
17
100
AcDbEntity
  8
ETCH
100
AcDbText
 10
3997.0
 20
1129.0
 30
0.0
 40
24.0
  1
P001
 72
1
 11
3997.0
 21
1129.0
 31
0.0
100
AcDbText
 73
2
  0
LWPOLYLINE
  5
16E
330
17
100
AcDbEntity
  8
CUT
100
AcDbPolyline
 90
7
 70
1
 10
4291.0
 20
959.0
 10
4591.0
 20
959.0
 10
4591.0
 20
999.0
 10
4331.0
 20
999.0
 10
4331.0
 20
1259.0
 10
4291.0
 20
1259.0
 10
4291.0
 20
959.0
  0
TEXT
  5
16F
330
17
100
AcDbEntity
  8
ETCH
100
AcDbText
 10
4311.0
 20
1129.0
 30
0.0
 40
24.0
  1
P001
 72
1
 11
4311.0
 21
1129.0
 31
0.0
100
AcDbText
 73
2
  0
LWPOLYLINE
  5
170
330
17
100
AcDbEntity
  8
CUT
100
AcDbPolyline
 90
7
 70
1
 10
4605.0
 20
959.0
 10
4905.0
 20
959.0
 10
4905.0
 20
999.0
 10
4645.0
 20
999.0
 10
4645.0
 20
1259.0
 10
4605.0
 20
1259.0
 10
4605.0
 20
959.0
  0
TEXT
  5
171
330
17
100
AcDbEntity
  8
ETCH
100
AcDbText
 10
4625.0
 20
1129.0
 30
0.0
 40
24.0
  1
P001
 72
1
 11
4625.0
 21
1129.0
 31
0.0
100
AcDbText
 73
2
  0
LWPOLYLINE
  5
172
330
17
100
AcDbEntity
  8
CUT
100
AcDbPolyline
 90
7
 70
1
 10
3977.0
 20
1273.0
 10
4277.0
 20
1273.0
 10
4277.0
 20
1313.0
 10
4017.0
 20
1313.0
 10
4017.0
 20
1573.0
 10
3977.0
 20
1573.0
 10
3977.0
 20
1273.0
  0
TEXT
  5
173
330
17
100
AcDbEntity
  8
ETCH
100
AcDbText
 10
3997.0
 20
1443.0
 30
0.0
 40
24.0
  1
P001
 72
1
 11
3997.0
 21
1443.0
 31
0.0
100
AcDbText
 73
2
  0
LWPOLYLINE
  5
174
330
17
100
AcDbEntity
  8
CUT
100
AcDbPolyline
 90
7
 70
1
 10
3977.0
 20
1587.0
 10
4277.0
 20
1587.0
 10
4277.0
 20
1627.0
 10
4017.0
 20
1627.0
 10
4017.0
 20
1887.0
 10
3977.0
 20
1887.0
 10
3977.0
 20
1587.0
  0
TEXT
  5
175
330
17
100
AcDbEntity
  8
ETCH
100
AcDbText
 10
3997.0
 20
1757.0
 30
0.0
 40
24.0
  1
P001
 72
1
 11
3997.0
 21
1757.0
 31
0.0
100
AcDbText
 73
2
  0
LWPOLYLINE
  5
176
330
17
100
AcDbEntity
  8
OFFCUT
100
AcDbPolyline
 90
5
 70
1
 10
3970.0
 20
10.0
 10
3970.0
 20
2430.0
 10
5170.0
 20
2430.0
 10
5170.0
 20
10.0
 10
3970.0
 20
10.0
  0
LWPOLYLINE
  5
177
330
17
100
AcDbEntity
  8
OFFCUT
100
AcDbPolyline
 90
7
 70
1
 10
4017.0
 20
317.0
 10
3977.0
 20
317.0
 10
3977.0
 20
17.0
 10
4277.0
 20
17.0
 10
4277.0
 20
57.0
 10
4017.0
 20
57.0
 10
4017.0
 20
317.0
  0
LWPOLYLINE
  5
178
330
17
100
AcDbEntity
  8
OFFCUT
100
AcDbPolyline
 90
7
 70
1
 10
4331.0
 20
57.0
 10
4331.0
 20
317.0
 10
4291.0
 20
317.0
 10
4291.0
 20
17.0
 10
4591.0
 20
17.0
 10
4591.0
 20
57.0
 10
4331.0
 20
57.0
  0
LWPOLYLINE
  5
179
330
17
100
AcDbEntity
  8
OFFCUT
100
AcDbPolyline
 90
7
 70
1
 10
4017.0
 20
371.0
 10
4017.0
 20
631.0
 10
3977.0
 20
631.0
 10
3977.0
 20
331.0
 10
4277.0
 20
331.0
 10
4277.0
 20
371.0
 10
4017.0
 20
371.0
  0
LWPOLYLINE
  5
17A
330
17
100
AcDbEntity
  8
OFFCUT
100
AcDbPolyline
 90
7
 70
1
 10
4017.0
 20
685.0
 10
4017.0
 20
945.0
 10
3977.0
 20
945.0
 10
3977.0
 20
645.0
 10
4277.0
 20
645.0
 10
4277.0
 20
685.0
 10
4017.0
 20
685.0
  0
LWPOLYLINE
  5
17B
330
17
100
AcDbEntity
  8
OFFCUT
100
AcDbPolyline
 90
7
 70
1
 10
4017.0
 20
999.0
 10
4017.0
 20
1259.0
 10
3977.0
 20
1259.0
 10
3977.0
 20
959.0
 10
4277.0
 20
959.0
 10
4277.0
 20
999.0
 10
4017.0
 20
999.0
  0
LWPOLYLINE
  5
17C
330
17
100
AcDbEntity
  8
OFFCUT
100
AcDbPolyline
 90
7
 70
1
 10
4017.0
 20
1313.0
 10
4017.0
 20
1573.0
 10
3977.0
 20
1573.0
 10
3977.0
 20
1273.0
 10
4277.0
 20
1273.0
 10
4277.0
 20
1313.0
 10
4017.0
 20
1313.0
  0
LWPOLYLINE
  5
17D
330
17
100
AcDbEntity
  8
OFFCUT
100
AcDbPolyline
 90
7
 70
1
 10
4017.0
 20
1627.0
 10
4017.0
 20
1887.0
 10
3977.0
 20
1887.0
 10
3977.0
 20
1587.0
 10
4277.0
 20
1587.0
 10
4277.0
 20
1627.0
 10
4017.0
 20
1627.0
  0
LWPOLYLINE
  5
17E
330
17
100
AcDbEntity
  8
OFFCUT
100
AcDbPolyline
 90
7
 70
1
 10
4645.0
 20
317.0
 10
4605.0
 20
317.0
 10
4605.0
 20
17.0
 10
4905.0
 20
17.0
 10
4905.0
 20
57.0
 10
4645.0
 20
57.0
 10
4645.0
 20
317.0
  0
LWPOLYLINE
  5
17F
330
17
100
AcDbEntity
  8
OFFCUT
100
AcDbPolyline
 90
7
 70
1
 10
4331.0
 20
371.0
 10
4331.0
 20
631.0
 10
4291.0
 20
631.0
 10
4291.0
 20
331.0
 10
4591.0
 20
331.0
 10
4591.0
 20
371.0
 10
4331.0
 20
371.0
  0
LWPOLYLINE
  5
180
330
17
100
AcDbEntity
  8
OFFCUT
100
AcDbPolyline
 90
7
 70
1
 10
4645.0
 20
371.0
 10
4645.0
 20
631.0
 10
4605.0
 20
631.0
 10
4605.0
 20
331.0
 10
4905.0
 20
331.0
 10
4905.0
 20
371.0
 10
4645.0
 20
371.0
  0
LWPOLYLINE
  5
181
330
17
100
AcDbEntity
  8
OFFCUT
100
AcDbPolyline
 90
7
 70
1
 10
4331.0
 20
685.0
 10
4331.0
 20
945.0
 10
4291.0
 20
945.0
 10
4291.0
 20
645.0
 10
4591.0
 20
645.0
 10
4591.0
 20
685.0
 10
4331.0
 20
685.0
  0
LWPOLYLINE
  5
182
330
17
100
AcDbEntity
  8
OFFCUT
100
AcDbPolyline
 90
7
 70
1
 10
4645.0
 20
685.0
 10
4645.0
 20
945.0
 10
4605.0
 20
945.0
 10
4605.0
 20
645.0
 10
4905.0
 20
645.0
 10
4905.0
 20
685.0
 10
4645.0
 20
685.0
  0
LWPOLYLINE
  5
183
330
17
100
AcDbEntity
  8
OFFCUT
100
AcDbPolyline
 90
7
 70
1
 10
4331.0
 20
999.0
 10
4331.0
 20
1259.0
 10
4291.0
 20
1259.0
 10
4291.0
 20
959.0
 10
4591.0
 20
959.0
 10
4591.0
 20
999.0
 10
4331.0
 20
999.0
  0
LWPOLYLINE
  5
184
330
17
100
AcDbEntity
  8
OFFCUT
100
AcDbPolyline
 90
7
 70
1
 10
4645.0
 20
999.0
 10
4645.0
 20
1259.0
 10
4605.0
 20
1259.0
 10
4605.0
 20
959.0
 10
4905.0
 20
959.0
 10
4905.0
 20
999.0
 10
4645.0
 20
999.0
  0
LWPOLYLINE
  5
185
330
17
100
AcDbEntity
  8
OFFCUT
100
AcDbPolyline
 90
7
 70
1
 10
57.0
 20
317.0
 10
17.0
 20
317.0
 10
17.0
 20
17.0
 10
317.0
 20
17.0
 10
317.0
 20
57.0
 10
57.0
 20
57.0
 10
57.0
 20
317.0
  0
LWPOLYLINE
  5
186
330
17
100
AcDbEntity
  8
OFFCUT
100
AcDbPolyline
 90
7
 70
1
 10
371.0
 20
57.0
 10
371.0
 20
317.0
 10
331.0
 20
317.0
 10
331.0
 20
17.0
 10
631.0
 20
17.0
 10
631.0
 20
57.0
 10
371.0
 20
57.0
  0
LWPOLYLINE
  5
187
330
17
100
AcDbEntity
  8
OFFCUT
100
AcDbPolyline
 90
7
 70
1
 10
57.0
 20
371.0
 10
57.0
 20
631.0
 10
17.0
 20
631.0
 10
17.0
 20
331.0
 10
317.0
 20
331.0
 10
317.0
 20
371.0
 10
57.0
 20
371.0
  0
LWPOLYLINE
  5
188
330
17
100
AcDbEntity
  8
OFFCUT
100
AcDbPolyline
 90
7
 70
1
 10
57.0
 20
685.0
 10
57.0
 20
945.0
 10
17.0
 20
945.0
 10
17.0
 20
645.0
 10
317.0
 20
645.0
 10
317.0
 20
685.0
 10
57.0
 20
685.0
  0
LWPOLYLINE
  5
189
330
17
100
AcDbEntity
  8
OFFCUT
100
AcDbPolyline
 90
7
 70
1
 10
57.0
 20
999.0
 10
57.0
 20
1259.0
 10
17.0
 20
1259.0
 10
17.0
 20
959.0
 10
317.0
 20
959.0
 10
317.0
 20
999.0
 10
57.0
 20
999.0
  0
LWPOLYLINE
  5
18A
330
17
100
AcDbEntity
  8
OFFCUT
100
AcDbPolyline
 90
7
 70
1
 10
57.0
 20
1313.0
 10
57.0
 20
1573.0
 10
17.0
 20
1573.0
 10
17.0
 20
1273.0
 10
317.0
 20
1273.0
 10
317.0
 20
1313.0
 10
57.0
 20
1313.0
  0
LWPOLYLINE
  5
18B
330
17
100
AcDbEntity
  8
OFFCUT
100
AcDbPolyline
 90
7
 70
1
 10
57.0
 20
1627.0
 10
57.0
 20
1887.0
 10
17.0
 20
1887.0
 10
17.0
 20
1587.0
 10
317.0
 20
1587.0
 10
317.0
 20
1627.0
 10
57.0
 20
1627.0
  0
LWPOLYLINE
  5
18C
330
17
100
AcDbEntity
  8
OFFCUT
100
AcDbPolyline
 90
7
 70
1
 10
685.0
 20
317.0
 10
645.0
 20
317.0
 10
645.0
 20
17.0
 10
945.0
 20
17.0
 10
945.0
 20
57.0
 10
685.0
 20
57.0
 10
685.0
 20
317.0
  0
LWPOLYLINE
  5
18D
330
17
100
AcDbEntity
  8
OFFCUT
100
AcDbPolyline
 90
7
 70
1
 10
371.0
 20
371.0
 10
371.0
 20
631.0
 10
331.0
 20
631.0
 10
331.0
 20
331.0
 10
631.0
 20
331.0
 10
631.0
 20
371.0
 10
371.0
 20
371.0
  0
LWPOLYLINE
  5
18E
330
17
100
AcDbEntity
  8
OFFCUT
100
AcDbPolyline
 90
7
 70
1
 10
685.0
 20
371.0
 10
685.0
 20
631.0
 10
645.0
 20
631.0
 10
645.0
 20
331.0
 10
945.0
 20
331.0
 10
945.0
 20
371.0
 10
685.0
 20
371.0
  0
LWPOLYLINE
  5
18F
330
17
100
AcDbEntity
  8
OFFCUT
100
AcDbPolyline
 90
7
 70
1
 10
371.0
 20
685.0
 10
371.0
 20
945.0
 10
331.0
 20
945.0
 10
331.0
 20
645.0
 10
631.0
 20
645.0
 10
631.0
 20
685.0
 10
371.0
 20
685.0
  0
LWPOLYLINE
  5
190
330
17
100
AcDbEntity
  8
OFFCUT
100
AcDbPolyline
 90
7
 70
1
 10
685.0
 20
685.0
 10
685.0
 20
945.0
 10
645.0
 20
945.0
 10
645.0
 20
645.0
 10
945.0
 20
645.0
 10
945.0
 20
685.0
 10
685.0
 20
685.0
  0
LWPOLYLINE
  5
191
330
17
100
AcDbEntity
  8
OFFCUT
100
AcDbPolyline
 90
7
 70
1
 10
371.0
 20
999.0
 10
371.0
 20
1259.0
 10
331.0
 20
1259.0
 10
331.0
 20
959.0
 10
631.0
 20
959.0
 10
631.0
 20
999.0
 10
371.0
 20
999.0
  0
LWPOLYLINE
  5
192
330
17
100
AcDbEntity
  8
OFFCUT
100
AcDbPolyline
 90
7
 70
1
 10
685.0
 20
999.0
 10
685.0
 20
1259.0
 10
645.0
 20
1259.0
 10
645.0
 20
959.0
 10
945.0
 20
959.0
 10
945.0
 20
999.0
 10
685.0
 20
999.0
  0
TEXT
  5
193
330
17
100
AcDbEntity
  8
INFO
100
AcDbText
 10
3960.0
 20
2480.0
 30
0.0
 40
25.0
  1
WASTE-FIRST - SHEET 4 - repeating_batch.dxf
 11
3960.0
 21
2480.0
 31
0.0
100
AcDbText
  0
ENDSEC
  0
SECTION
  2
OBJECTS
  0
DICTIONARY
  5
A
330
0
100
AcDbDictionary
281
1
  3
ACAD_COLOR
350
B
  3
ACAD_GROUP
350
C
  3
ACAD_LAYOUT
350
D
  3
ACAD_MATERIAL
350
E
  3
ACAD_MLEADERSTYLE
350
F
  3
ACAD_MLINESTYLE
350
10
  3
ACAD_PLOTSETTINGS
350
11
  3
ACAD_PLOTSTYLENAME
350
12
  3
ACAD_SCALELIST
350
14
  3
ACAD_TABLESTYLE
350
15
  3
ACAD_VISUALSTYLE
350
16
  3
EZDXF_META
350
2D
  0
DICTIONARY
  5
B
330
A
100
AcDbDictionary
281
1
  0
DICTIONARY
  5
C
330
A
100
AcDbDictionary
281
1
  0
DICTIONARY
  5
D
330
A
100
AcDbDictionary
281
1
  3
Model
350
1A
  3
Layout1
350
1E
  0
DICTIONARY
  5
E
330
A
100
AcDbDictionary
281
1
  3
ByBlock
350
1F
  3
ByLayer
350
20
  3
Global
350
21
  0
DICTIONARY
  5
F
330
A
100
AcDbDictionary
281
1
  3
Standard
350
2C
  0
DICTIONARY
  5
10
330
A
100
AcDbDictionary
281
1
  3
Standard
350
22
  0
DICTIONARY
  5
11
330
A
100
AcDbDictionary
281
1
  0
ACDBDICTIONARYWDFLT
  5
12
330
A
100
AcDbDictionary
281
1
  3
Normal
350
13
100
AcDbDictionaryWithDefault
340
13
  0
ACDBPLACEHOLDER
  5
13
330
12
  0
DICTIONARY
  5
14
330
A
100
AcDbDictionary
281
1
  0
DICTIONARY
  5
15
330
A
100
AcDbDictionary
281
1
  0
DICTIONARY
  5
16
330
A
100
AcDbDictionary
281
1
  0
LAYOUT
  5
1A
330
D
100
AcDbPlotSettings
  1

  4
A3
  6

 40
7.5
 41
20.0
 42
7.5
 43
20.0
 44
420.0
 45
297.0
 46
0.0
 47
0.0
 48
0.0
 49
0.0
140
0.0
141
0.0
142
1.0
143
1.0
 70
1024
 72
1
 73
0
 74
5
  7

 75
16
 76
0
 77
2
 78
300
147
1.0
148
0.0
149
0.0
100
AcDbLayout
  1
Model
 70
1
 71
0
 10
0.0
 20
0.0
 11
420.0
 21
297.0
 12
0.0
 22
0.0
 32
0.0
 14
1e+20
 24
1e+20
 34
1e+20
 15
-1e+20
 25
-1e+20
 35
-1e+20
146
0.0
 13
0.0
 23
0.0
 33
0.0
 16
1.0
 26
0.0
 36
0.0
 17
0.0
 27
1.0
 37
0.0
 76
1
330
17
  0
LAYOUT
  5
1E
330
D
100
AcDbPlotSettings
  1

  4
A3
  6

 40
7.5
 41
20.0
 42
7.5
 43
20.0
 44
420.0
 45
297.0
 46
0.0
 47
0.0
 48
0.0
 49
0.0
140
0.0
141
0.0
142
1.0
143
1.0
 70
0
 72
1
 73
0
 74
5
  7

 75
16
 76
0
 77
2
 78
300
147
1.0
148
0.0
149
0.0
100
AcDbLayout
  1
Layout1
 70
1
 71
1
 10
0.0
 20
0.0
 11
420.0
 21
297.0
 12
0.0
 22
0.0
 32
0.0
 14
1e+20
 24
1e+20
 34
1e+20
 15
-1e+20
 25
-1e+20
 35
-1e+20
146
0.0
 13
0.0
 23
0.0
 33
0.0
 16
1.0
 26
0.0
 36
0.0
 17
0.0
 27
1.0
 37
0.0
 76
1
330
1B
  0
MATERIAL
  5
1F
102
{ACAD_REACTORS
330
E
102
}
330
E
100
AcDbMaterial
  1
ByBlock
  2

 70
0
 40
1.0
 71
1
 41
1.0
 91
-1023410177
 42
1.0
 72
1
  3

 73
1
 74
1
 75
1
 44
0.5
 73
0
 45
1.0
 46
1.0
 77
1
  4

 78
1
 79
1
170
1
 48
1.0
171
1
  6

172
1
173
1
174
1
140
1.0
141
1.0
175
1
  7

176
1
177
1
178
1
143
1.0
179
1
  8

270
1
271
1
272
1
145
1.0
146
1.0
273
1
  9

274
1
275
1
276
1
 42
1.0
 72
1
  3

 73
1
 74
1
 75
1
 94
63
  0
MATERIAL
  5
20
102
{ACAD_REACTORS
330
E
102
}
330
E
100
AcDbMaterial
  1
ByLayer
  2

 70
0
 40
1.0
 71
1
 41
1.0
 91
-1023410177
 42
1.0
 72
1
  3

 73
1
 74
1
 75
1
 44
0.5
 73
0
 45
1.0
 46
1.0
 77
1
  4

 78
1
 79
1
170
1
 48
1.0
171
1
  6

172
1
173
1
174
1
140
1.0
141
1.0
175
1
  7

176
1
177
1
178
1
143
1.0
179
1
  8

270
1
271
1
272
1
145
1.0
146
1.0
273
1
  9

274
1
275
1
276
1
 42
1.0
 72
1
  3

 73
1
 74
1
 75
1
 94
63
  0
MATERIAL
  5
21
102
{ACAD_REACTORS
330
E
102
}
330
E
100
AcDbMaterial
  1
Global
  2

 70
0
 40
1.0
 71
1
 41
1.0
 91
-1023410177
 42
1.0
 72
1
  3

 73
1
 74
1
 75
1
 44
0.5
 73
0
 45
1.0
 46
1.0
 77
1
  4

 78
1
 79
1
170
1
 48
1.0
171
1
  6

172
1
173
1
174
1
140
1.0
141
1.0
175
1
  7

176
1
177
1
178
1
143
1.0
179
1
  8

270
1
271
1
272
1
145
1.0
146
1.0
273
1
  9

274
1
275
1
276
1
 42
1.0
 72
1
  3

 73
1
 74
1
 75
1
 94
63
  0
MLINESTYLE
  5
22
102
{ACAD_REACTORS
330
10
102
}
330
10
100
AcDbMlineStyle
  2
Standard
 70
0
  3

 62
256
 51
90.0
 52
90.0
 71
2
 49
0.5
 62
256
  6
BYLAYER
 49
-0.5
 62
256
  6
BYLAYER
  0
MLEADERSTYLE
  5
2C
102
{ACAD_REACTORS
330
F
102
}
330
F
100
AcDbMLeaderStyle
179
2
170
2
171
1
172
0
 90
2
 40
0.0
 41
0.0
173
1
 91
-1056964608
 92
-2
290
1
 42
2.0
291
1
 43
8.0
  3
Standard
 44
4.0
300

342
29
174
1
175
1
176
0
178
1
 93
-1056964608
 45
4.0
292
0
297
0
 46
4.0
 94
-1056964608
 47
1.0
 49
1.0
140
1.0
294
1
141
0.0
177
0
142
1.0
295
0
296
0
143
3.75
271
0
272
9
273
9
  0
DICTIONARY
  5
2D
330
A
100
AcDbDictionary
280
1
281
1
  3
CREATED_BY_EZDXF
350
2E
  3
WRITTEN_BY_EZDXF
350
196
  0
DICTIONARYVAR
  5
2E
330
2D
100
DictionaryVariables
280
0
  1
1.4.4 @ 2026-09-17T10:34:35.131773+00:00
  0
DICTIONARYVAR
  5
196
330
2D
100
DictionaryVariables
280
0
  1
1.4.4 @ 2026-09-17T10:34:35.208795+00:00
  0
ENDSEC
  0
EOF
